,tau
0,0
1,0
2,0
3,0
4,0
5,0
6,0
7,0
8,0
9,0
10,0
11,0
12,0
13,0
14,0
15,0
16,0
17,0
18,0
19,0
20,0
21,0
22,0
23,0
24,0
25,0
26,0
27,0
28,0
29,0
30,0
31,0
32,0
33,0
34,0
35,0
36,0
37,0
38,0
39,0
40,0
41,0
42,0
43,0
44,0
45,0
46,0
47,0
48,0
49,0
50,0
51,0
52,0
53,0
54,0
55,0
56,0
57,0
58,0
59,0
60,0
61,0
62,0
63,0
64,0
65,0
66,0
67,0
68,0
69,0
70,0
71,0
72,0
73,0
74,0
75,0
76,0
77,0
78,0
79,0
80,0
81,0
82,0
83,0
84,0
85,0
86,0
87,0
88,0
89,0
90,0
91,0
92,0
93,0
94,0
95,0
96,0
97,0
98,0
99,0
100,1
101,1
102,1
103,1
104,1
105,1
106,1
107,1
108,1
109,1
110,1
111,1
112,1
113,1
114,1
115,1
116,1
117,1
118,1
119,1
120,1
121,1
122,1
123,1
124,1
125,1
126,1
127,1
128,1
129,1
130,1
131,1
132,1
133,1
134,1
135,1
136,1
137,1
138,1
139,1
140,1
141,1
142,1
143,1
144,1
145,1
146,1
147,1
148,1
149,1
150,1
151,1
152,1
153,0
154,1
155,1
156,0
157,0
158,1
159,1
160,1
161,1
162,1
163,1
164,1
165,1
166,0
167,1
168,1
169,0
170,1
171,0
172,0
173,1
174,1
175,1
176,1
177,1
178,1
179,1
180,1
181,1
182,1
183,1
184,1
185,1
186,1
187,1
188,1
189,1
190,1
191,1
192,0
193,1
194,1
195,0
196,1
197,1
198,1
199,1
200,2
201,2
202,2
203,2
204,2
205,2
206,2
207,2
208,2
209,2
210,2
211,2
212,2
213,2
214,2
215,2
216,2
217,2
218,2
219,2
220,2
221,2
222,2
223,2
224,2
225,2
226,2
227,2
228,2
229,2
230,2
231,2
232,2
233,2
234,2
235,2
236,2
237,2
238,2
239,2
240,2
241,2
242,2
243,2
244,2
245,2
246,2
247,2
248,2
249,2
250,2
251,2
252,2
253,2
254,1
255,2
256,2
257,2
258,2
259,2
260,1
261,2
262,2
263,0
264,0
265,2
266,0
267,2
268,2
269,2
270,0
271,2
272,0
273,2
274,2
275,0
276,1
277,2
278,2
279,2
280,2
281,2
282,2
283,2
284,2
285,2
286,2
287,2
288,2
289,2
290,2
291,2
292,2
293,2
294,2
295,2
296,2
297,2
298,2
299,2
300,3
301,3
302,3
303,3
304,3
305,3
306,3
307,3
308,3
309,3
310,3
311,3
312,3
313,3
314,3
315,3
316,3
317,0
318,3
319,3
320,3
321,3
322,3
323,3
324,3
325,3
326,3
327,3
328,3
329,3
330,3
331,3
332,3
333,3
334,3
335,3
336,3
337,3
338,3
339,3
340,3
341,3
342,3
343,3
344,3
345,3
346,3
347,3
348,3
349,3
350,3
351,3
352,3
353,3
354,3
355,3
356,3
357,0
358,3
359,3
360,1
361,3
362,2
363,1
364,3
365,1
366,2
367,0
368,0
369,1
370,3
371,3
372,0
373,3
374,1
375,0
376,0
377,3
378,3
379,3
380,3
381,3
382,3
383,3
384,3
385,3
386,3
387,3
388,3
389,0
390,2
391,3
392,3
393,3
394,2
395,3
396,3
397,3
398,3
399,3
400,4
401,4
402,4
403,4
404,4
405,4
406,4
407,4
408,4
409,4
410,4
411,4
412,4
413,4
414,4
415,4
416,4
417,4
418,4
419,4
420,4
421,4
422,4
423,4
424,4
425,4
426,4
427,4
428,4
429,1
430,4
431,4
432,4
433,4
434,4
435,4
436,4
437,4
438,4
439,4
440,4
441,4
442,4
443,4
444,4
445,4
446,4
447,4
448,4
449,4
450,1
451,4
452,3
453,2
454,2
455,0
456,4
457,4
458,4
459,0
460,0
461,4
462,2
463,4
464,2
465,3
466,4
467,4
468,4
469,0
470,1
471,0
472,4
473,1
474,4
475,0
476,4
477,4
478,4
479,0
480,4
481,4
482,4
483,4
484,4
485,4
486,4
487,4
488,2
489,4
490,4
491,3
492,4
493,4
494,4
495,4
496,4
497,4
498,4
499,4
500,5
501,5
502,5
503,5
504,5
505,5
506,5
507,5
508,5
509,5
510,5
511,5
512,5
513,5
514,5
515,5
516,5
517,5
518,5
519,3
520,5
521,5
522,5
523,2
524,5
525,2
526,5
527,5
528,5
529,5
530,5
531,5
532,5
533,5
534,5
535,5
536,5
537,5
538,5
539,5
540,1
541,5
542,5
543,5
544,5
545,5
546,5
547,5
548,5
549,5
550,5
551,5
552,5
553,4
554,3
555,2
556,5
557,5
558,4
559,3
560,5
561,5
562,5
563,0
564,1
565,1
566,2
567,5
568,5
569,0
570,0
571,2
572,0
573,0
574,3
575,5
576,5
577,3
578,5
579,5
580,5
581,5
582,5
583,5
584,5
585,5
586,5
587,5
588,5
589,4
590,1
591,5
592,5
593,5
594,0
595,5
596,5
597,5
598,5
599,0
600,6
601,6
602,6
603,6
604,6
605,6
606,6
607,6
608,6
609,6
610,6
611,6
612,3
613,6
614,6
615,6
616,6
617,6
618,6
619,6
620,6
621,4
622,6
623,3
624,6
625,6
626,6
627,6
628,6
629,6
630,6
631,6
632,6
633,6
634,6
635,6
636,6
637,6
638,6
639,6
640,6
641,6
642,6
643,6
644,6
645,2
646,6
647,6
648,6
649,6
650,6
651,6
652,6
653,5
654,4
655,1
656,3
657,6
658,1
659,6
660,2
661,6
662,6
663,1
664,0
665,6
666,4
667,5
668,3
669,1
670,0
671,0
672,0
673,3
674,1
675,0
676,6
677,6
678,6
679,6
680,6
681,6
682,6
683,2
684,0
685,0
686,1
687,6
688,6
689,6
690,4
691,5
692,6
693,4
694,6
695,0
696,6
697,6
698,6
699,6
700,5
701,7
702,7
703,7
704,7
705,7
706,7
707,7
708,7
709,7
710,7
711,4
712,7
713,7
714,7
715,7
716,5
717,7
718,0
719,7
720,0
721,7
722,7
723,7
724,3
725,7
726,7
727,7
728,7
729,7
730,7
731,7
732,7
733,4
734,7
735,7
736,7
737,7
738,7
739,7
740,7
741,7
742,7
743,7
744,7
745,7
746,7
747,7
748,3
749,7
750,7
751,7
752,4
753,3
754,5
755,7
756,1
757,7
758,7
759,7
760,7
761,2
762,1
763,4
764,7
765,7
766,4
767,1
768,1
769,2
770,0
771,0
772,0
773,1
774,6
775,2
776,2
777,7
778,7
779,7
780,7
781,2
782,7
783,0
784,0
785,2
786,7
787,5
788,7
789,7
790,7
791,7
792,7
793,7
794,0
795,0
796,7
797,7
798,6
799,0
800,8
801,8
802,8
803,8
804,8
805,8
806,8
807,8
808,8
809,8
810,3
811,5
812,8
813,8
814,8
815,8
816,8
817,4
818,0
819,8
820,8
821,8
822,8
823,8
824,8
825,8
826,0
827,8
828,1
829,8
830,8
831,8
832,8
833,8
834,5
835,0
836,1
837,8
838,8
839,8
840,8
841,8
842,8
843,4
844,6
845,8
846,6
847,8
848,8
849,0
850,7
851,8
852,8
853,8
854,8
855,3
856,8
857,0
858,8
859,6
860,8
861,0
862,2
863,8
864,0
865,1
866,8
867,8
868,4
869,0
870,1
871,8
872,0
873,7
874,8
875,8
876,4
877,5
878,8
879,8
880,8
881,3
882,8
883,8
884,8
885,1
886,6
887,8
888,1
889,1
890,8
891,8
892,8
893,3
894,8
895,8
896,8
897,1
898,3
899,2
900,9
901,9
902,6
903,9
904,7
905,9
906,4
907,9
908,9
909,9
910,9
911,9
912,9
913,9
914,9
915,0
916,9
917,9
918,9
919,8
920,9
921,5
922,9
923,1
924,9
925,9
926,1
927,9
928,9
929,9
930,9
931,2
932,2
933,6
934,9
935,9
936,5
937,9
938,9
939,9
940,9
941,9
942,9
943,9
944,9
945,7
946,9
947,9
948,4
949,9
950,9
951,9
952,1
953,9
954,2
955,9
956,9
957,9
958,8
959,4
960,5
961,7
962,0
963,9
964,1
965,3
966,1
967,9
968,9
969,2
970,6
971,9
972,0
973,0
974,1
975,0
976,3
977,9
978,9
979,2
980,9
981,3
982,2
983,9
984,2
985,4
986,9
987,1
988,7
989,4
990,9
991,9
992,6
993,9
994,2
995,9
996,2
997,5
998,1
999,9
1000,6
1001,10
1002,10
1003,10
1004,5
1005,7
1006,10
1007,10
1008,8
1009,10
1010,2
1011,10
1012,10
1013,10
1014,10
1015,10
1016,10
1017,2
1018,10
1019,10
1020,10
1021,10
1022,10
1023,10
1024,10
1025,10
1026,2
1027,10
1028,10
1029,10
1030,3
1031,3
1032,10
1033,7
1034,10
1035,10
1036,10
1037,0
1038,10
1039,10
1040,10
1041,10
1042,5
1043,10
1044,10
1045,8
1046,10
1047,6
1048,9
1049,3
1050,5
1051,10
1052,8
1053,2
1054,10
1055,7
1056,3
1057,10
1058,9
1059,1
1060,5
1061,10
1062,10
1063,0
1064,10
1065,1
1066,0
1067,0
1068,3
1069,10
1070,2
1071,0
1072,0
1073,10
1074,10
1075,10
1076,10
1077,10
1078,10
1079,8
1080,10
1081,3
1082,5
1083,4
1084,2
1085,10
1086,3
1087,10
1088,1
1089,10
1090,4
1091,3
1092,1
1093,10
1094,4
1095,6
1096,7
1097,6
1098,2
1099,3
1100,6
1101,11
1102,7
1103,11
1104,11
1105,9
1106,11
1107,11
1108,11
1109,11
1110,4
1111,6
1112,11
1113,5
1114,11
1115,4
1116,11
1117,11
1118,4
1119,11
1120,11
1121,11
1122,8
1123,6
1124,11
1125,11
1126,3
1127,11
1128,11
1129,4
1130,8
1131,11
1132,4
1133,11
1134,7
1135,11
1136,11
1137,11
1138,11
1139,11
1140,11
1141,11
1142,3
1143,9
1144,11
1145,11
1146,1
1147,11
1148,11
1149,6
1150,10
1151,9
1152,11
1153,4
1154,2
1155,11
1156,1
1157,4
1158,10
1159,6
1160,11
1161,3
1162,11
1163,1
1164,11
1165,1
1166,1
1167,11
1168,2
1169,0
1170,0
1171,0
1172,2
1173,11
1174,4
1175,0
1176,0
1177,8
1178,3
1179,9
1180,5
1181,11
1182,7
1183,11
1184,5
1185,4
1186,11
1187,4
1188,11
1189,3
1190,2
1191,11
1192,11
1193,8
1194,3
1195,11
1196,3
1197,11
1198,7
1199,2
1200,6
1201,12
1202,12
1203,12
1204,12
1205,12
1206,12
1207,5
1208,8
1209,5
1210,8
1211,5
1212,7
1213,6
1214,12
1215,12
1216,12
1217,12
1218,12
1219,12
1220,10
1221,7
1222,4
1223,12
1224,12
1225,4
1226,4
1227,12
1228,12
1229,9
1230,5
1231,5
1232,12
1233,12
1234,4
1235,9
1236,8
1237,12
1238,12
1239,12
1240,12
1241,12
1242,12
1243,2
1244,10
1245,12
1246,12
1247,7
1248,12
1249,12
1250,10
1251,5
1252,10
1253,1
1254,5
1255,9
1256,3
1257,3
1258,12
1259,12
1260,0
1261,0
1262,12
1263,0
1264,2
1265,2
1266,0
1267,2
1268,11
1269,7
1270,12
1271,2
1272,1
1273,12
1274,12
1275,12
1276,4
1277,1
1278,7
1279,12
1280,12
1281,11
1282,6
1283,4
1284,1
1285,4
1286,5
1287,12
1288,5
1289,11
1290,12
1291,9
1292,12
1293,3
1294,12
1295,12
1296,12
1297,8
1298,5
1299,12
1300,13
1301,7
1302,13
1303,7
1304,9
1305,13
1306,6
1307,13
1308,13
1309,6
1310,13
1311,9
1312,5
1313,6
1314,8
1315,0
1316,8
1317,13
1318,13
1319,13
1320,12
1321,13
1322,10
1323,5
1324,13
1325,13
1326,13
1327,5
1328,10
1329,13
1330,6
1331,5
1332,6
1333,8
1334,9
1335,11
1336,13
1337,13
1338,13
1339,13
1340,13
1341,13
1342,13
1343,11
1344,13
1345,3
1346,13
1347,13
1348,8
1349,11
1350,5
1351,0
1352,13
1353,1
1354,2
1355,0
1356,5
1357,10
1358,3
1359,0
1360,1
1361,13
1362,12
1363,0
1364,3
1365,0
1366,4
1367,1
1368,8
1369,13
1370,0
1371,13
1372,2
1373,13
1374,11
1375,3
1376,4
1377,10
1378,13
1379,5
1380,13
1381,13
1382,6
1383,10
1384,6
1385,2
1386,4
1387,12
1388,7
1389,0
1390,6
1391,0
1392,13
1393,9
1394,13
1395,6
1396,13
1397,6
1398,2
1399,13
1400,11
1401,13
1402,14
1403,7
1404,10
1405,10
1406,14
1407,6
1408,7
1409,7
1410,12
1411,9
1412,14
1413,9
1414,14
1415,9
1416,14
1417,14
1418,6
1419,14
1420,14
1421,14
1422,14
1423,14
1424,14
1425,6
1426,14
1427,14
1428,11
1429,6
1430,6
1431,7
1432,14
1433,7
1434,9
1435,8
1436,0
1437,14
1438,10
1439,8
1440,14
1441,4
1442,14
1443,14
1444,12
1445,14
1446,12
1447,6
1448,14
1449,9
1450,11
1451,11
1452,3
1453,0
1454,13
1455,5
1456,1
1457,6
1458,1
1459,1
1460,1
1461,14
1462,11
1463,4
1464,3
1465,8
1466,2
1467,1
1468,10
1469,4
1470,0
1471,2
1472,14
1473,3
1474,14
1475,1
1476,1
1477,14
1478,7
1479,14
1480,14
1481,7
1482,5
1483,7
1484,8
1485,1
1486,14
1487,13
1488,1
1489,3
1490,2
1491,5
1492,12
1493,7
1494,4
1495,11
1496,0
1497,14
1498,10
1499,7
1500,10
1501,15
1502,12
1503,13
1504,8
1505,11
1506,8
1507,15
1508,14
1509,8
1510,8
1511,7
1512,10
1513,7
1514,15
1515,7
1516,10
1517,15
1518,15
1519,15
1520,15
1521,15
1522,15
1523,15
1524,13
1525,15
1526,15
1527,7
1528,8
1529,12
1530,7
1531,9
1532,15
1533,8
1534,10
1535,11
1536,15
1537,11
1538,15
1539,5
1540,15
1541,9
1542,15
1543,15
1544,15
1545,15
1546,1
1547,7
1548,15
1549,9
1550,12
1551,14
1552,4
1553,2
1554,14
1555,6
1556,0
1557,5
1558,15
1559,15
1560,2
1561,2
1562,2
1563,4
1564,2
1565,5
1566,15
1567,0
1568,1
1569,2
1570,3
1571,0
1572,7
1573,11
1574,12
1575,13
1576,5
1577,0
1578,3
1579,8
1580,1
1581,6
1582,2
1583,3
1584,11
1585,0
1586,8
1587,15
1588,12
1589,4
1590,2
1591,6
1592,15
1593,8
1594,4
1595,15
1596,8
1597,13
1598,12
1599,9
1600,16
1601,16
1602,15
1603,16
1604,9
1605,9
1606,16
1607,16
1608,9
1609,13
1610,0
1611,12
1612,2
1613,11
1614,8
1615,8
1616,0
1617,4
1618,16
1619,11
1620,8
1621,14
1622,9
1623,8
1624,14
1625,8
1626,16
1627,16
1628,9
1629,10
1630,13
1631,8
1632,11
1633,9
1634,6
1635,16
1636,16
1637,16
1638,16
1639,12
1640,10
1641,16
1642,0
1643,16
1644,11
1645,12
1646,16
1647,0
1648,13
1649,2
1650,0
1651,6
1652,5
1653,13
1654,7
1655,0
1656,3
1657,15
1658,3
1659,0
1660,16
1661,3
1662,2
1663,1
1664,0
1665,12
1666,0
1667,5
1668,6
1669,0
1670,15
1671,0
1672,0
1673,16
1674,0
1675,10
1676,16
1677,6
1678,1
1679,9
1680,12
1681,7
1682,14
1683,7
1684,3
1685,3
1686,5
1687,9
1688,4
1689,10
1690,13
1691,9
1692,5
1693,1
1694,16
1695,9
1696,14
1697,13
1698,3
1699,3
1700,17
1701,10
1702,3
1703,10
1704,17
1705,17
1706,12
1707,12
1708,13
1709,3
1710,12
1711,10
1712,17
1713,17
1714,17
1715,4
1716,9
1717,9
1718,8
1719,14
1720,17
1721,17
1722,17
1723,11
1724,15
1725,14
1726,9
1727,11
1728,17
1729,17
1730,1
1731,10
1732,9
1733,14
1734,12
1735,16
1736,10
1737,17
1738,17
1739,10
1740,13
1741,9
1742,17
1743,0
1744,13
1745,9
1746,1
1747,7
1748,17
1749,15
1750,5
1751,4
1752,10
1753,6
1754,17
1755,7
1756,17
1757,4
1758,2
1759,1
1760,3
1761,7
1762,0
1763,1
1764,2
1765,14
1766,11
1767,0
1768,6
1769,13
1770,17
1771,0
1772,5
1773,8
1774,0
1775,2
1776,4
1777,0
1778,10
1779,5
1780,1
1781,13
1782,4
1783,0
1784,14
1785,8
1786,6
1787,6
1788,16
1789,15
1790,4
1791,1
1792,10
1793,10
1794,1
1795,11
1796,4
1797,15
1798,14
1799,1
1800,0
1801,18
1802,13
1803,11
1804,13
1805,16
1806,18
1807,9
1808,18
1809,18
1810,3
1811,11
1812,18
1813,13
1814,16
1815,11
1816,10
1817,18
1818,18
1819,18
1820,4
1821,10
1822,2
1823,1
1824,18
1825,18
1826,12
1827,11
1828,18
1829,10
1830,18
1831,15
1832,13
1833,12
1834,18
1835,14
1836,11
1837,18
1838,11
1839,14
1840,5
1841,14
1842,4
1843,17
1844,10
1845,10
1846,2
1847,8
1848,10
1849,15
1850,5
1851,8
1852,4
1853,5
1854,0
1855,11
1856,8
1857,3
1858,18
1859,9
1860,1
1861,7
1862,11
1863,1
1864,3
1865,12
1866,18
1867,15
1868,5
1869,6
1870,0
1871,7
1872,11
1873,14
1874,1
1875,0
1876,1
1877,5
1878,6
1879,0
1880,2
1881,15
1882,14
1883,6
1884,17
1885,0
1886,7
1887,2
1888,15
1889,9
1890,5
1891,12
1892,16
1893,11
1894,5
1895,16
1896,7
1897,15
1898,2
1899,2
1900,19
1901,19
1902,12
1903,11
1904,19
1905,11
1906,14
1907,3
1908,10
1909,15
1910,4
1911,11
1912,17
1913,14
1914,19
1915,19
1916,17
1917,12
1918,1
1919,12
1920,14
1921,19
1922,12
1923,13
1924,5
1925,11
1926,11
1927,12
1928,19
1929,19
1930,13
1931,19
1932,19
1933,14
1934,12
1935,19
1936,9
1937,19
1938,3
1939,5
1940,15
1941,2
1942,12
1943,6
1944,11
1945,18
1946,15
1947,16
1948,6
1949,6
1950,3
1951,8
1952,6
1953,9
1954,17
1955,13
1956,10
1957,9
1958,15
1959,2
1960,2
1961,17
1962,4
1963,16
1964,12
1965,3
1966,4
1967,1
1968,1
1969,0
1970,1
1971,0
1972,19
1973,0
1974,5
1975,7
1976,3
1977,0
1978,16
1979,3
1980,3
1981,1
1982,7
1983,6
1984,15
1985,3
1986,16
1987,16
1988,18
1989,8
1990,2
1991,10
1992,16
1993,8
1994,6
1995,2
1996,2
1997,12
1998,13
1999,7
2000,20
2001,12
2002,15
2003,13
2004,4
2005,15
2006,20
2007,12
2008,20
2009,20
2010,16
2011,4
2012,5
2013,7
2014,20
2015,19
2016,7
2017,13
2018,18
2019,13
2020,11
2021,12
2022,19
2023,15
2024,13
2025,14
2026,12
2027,12
2028,20
2029,13
2030,4
2031,20
2032,20
2033,14
2034,20
2035,0
2036,10
2037,20
2038,13
2039,3
2040,13
2041,17
2042,16
2043,6
2044,7
2045,12
2046,16
2047,6
2048,3
2049,15
2050,4
2051,5
2052,18
2053,10
2054,3
2055,0
2056,3
2057,16
2058,1
2059,10
2060,11
2061,14
2062,7
2063,0
2064,0
2065,4
2066,5
2067,18
2068,2
2069,1
2070,0
2071,13
2072,4
2073,0
2074,9
2075,0
2076,14
2077,7
2078,3
2079,2
2080,16
2081,4
2082,17
2083,2
2084,9
2085,2
2086,8
2087,8
2088,18
2089,17
2090,11
2091,17
2092,3
2093,17
2094,9
2095,7
2096,17
2097,6
2098,0
2099,13
2100,6
2101,21
2102,18
2103,17
2104,8
2105,14
2106,12
2107,16
2108,5
2109,20
2110,21
2111,13
2112,21
2113,4
2114,16
2115,16
2116,17
2117,13
2118,5
2119,8
2120,20
2121,21
2122,18
2123,15
2124,13
2125,5
2126,13
2127,13
2128,21
2129,14
2130,21
2131,5
2132,21
2133,15
2134,4
2135,14
2136,21
2137,7
2138,11
2139,14
2140,7
2141,16
2142,14
2143,8
2144,1
2145,17
2146,3
2147,4
2148,5
2149,6
2150,3
2151,6
2152,15
2153,17
2154,2
2155,4
2156,1
2157,11
2158,11
2159,18
2160,10
2161,0
2162,8
2163,3
2164,12
2165,0
2166,0
2167,1
2168,5
2169,1
2170,0
2171,0
2172,13
2173,2
2174,9
2175,19
2176,4
2177,1
2178,14
2179,3
2180,19
2181,5
2182,10
2183,4
2184,9
2185,17
2186,19
2187,1
2188,7
2189,8
2190,10
2191,12
2192,18
2193,18
2194,18
2195,8
2196,0
2197,15
2198,14
2199,14
2200,6
2201,22
2202,4
2203,18
2204,7
2205,21
2206,1
2207,9
2208,15
2209,5
2210,8
2211,19
2212,17
2213,6
2214,14
2215,22
2216,9
2217,6
2218,22
2219,19
2220,22
2221,6
2222,0
2223,12
2224,15
2225,17
2226,14
2227,14
2228,5
2229,22
2230,6
2231,16
2232,15
2233,22
2234,22
2235,13
2236,5
2237,8
2238,18
2239,8
2240,15
2241,17
2242,9
2243,2
2244,14
2245,15
2246,21
2247,22
2248,16
2249,4
2250,6
2251,3
2252,18
2253,3
2254,12
2255,4
2256,5
2257,12
2258,15
2259,16
2260,0
2261,2
2262,2
2263,0
2264,0
2265,1
2266,10
2267,0
2268,11
2269,1
2270,7
2271,13
2272,0
2273,9
2274,15
2275,5
2276,19
2277,0
2278,14
2279,0
2280,14
2281,17
2282,11
2283,4
2284,2
2285,0
2286,9
2287,11
2288,10
2289,0
2290,13
2291,15
2292,5
2293,19
2294,2
2295,18
2296,9
2297,16
2298,19
2299,7
2300,7
2301,20
2302,16
2303,22
2304,6
2305,10
2306,14
2307,19
2308,7
2309,7
2310,5
2311,23
2312,8
2313,20
2314,10
2315,6
2316,23
2317,18
2318,18
2319,23
2320,16
2321,1
2322,2
2323,9
2324,18
2325,7
2326,17
2327,15
2328,6
2329,15
2330,23
2331,6
2332,7
2333,23
2334,17
2335,22
2336,16
2337,9
2338,23
2339,13
2340,1
2341,3
2342,16
2343,19
2344,15
2345,10
2346,16
2347,23
2348,15
2349,5
2350,11
2351,5
2352,1
2353,1
2354,3
2355,13
2356,1
2357,19
2358,16
2359,6
2360,13
2361,2
2362,16
2363,17
2364,2
2365,1
2366,4
2367,10
2368,0
2369,8
2370,0
2371,3
2372,12
2373,0
2374,4
2375,7
2376,4
2377,19
2378,12
2379,9
2380,15
2381,10
2382,7
2383,12
2384,0
2385,15
2386,5
2387,3
2388,18
2389,1
2390,17
2391,20
2392,20
2393,10
2394,16
2395,6
2396,8
2397,3
2398,3
2399,14
2400,8
2401,11
2402,15
2403,8
2404,19
2405,7
2406,2
2407,2
2408,17
2409,8
2410,19
2411,7
2412,21
2413,20
2414,21
2415,24
2416,11
2417,24
2418,8
2419,6
2420,23
2421,0
2422,17
2423,10
2424,16
2425,9
2426,7
2427,18
2428,7
2429,16
2430,24
2431,24
2432,16
2433,8
2434,10
2435,11
2436,18
2437,17
2438,24
2439,4
2440,3
2441,24
2442,20
2443,17
2444,14
2445,17
2446,23
2447,0
2448,24
2449,13
2450,18
2451,9
2452,3
2453,6
2454,4
2455,4
2456,14
2457,20
2458,0
2459,7
2460,1
2461,3
2462,2
2463,5
2464,0
2465,14
2466,18
2467,17
2468,17
2469,8
2470,11
2471,0
2472,4
2473,1
2474,2
2475,2
2476,21
2477,17
2478,11
2479,19
2480,10
2481,12
2482,16
2483,6
2484,4
2485,19
2486,1
2487,5
2488,13
2489,6
2490,5
2491,11
2492,8
2493,15
2494,4
2495,21
2496,0
2497,7
2498,16
2499,16
2500,20
2501,19
2502,24
2503,1
2504,8
2505,18
2506,9
2507,18
2508,9
2509,9
2510,21
2511,12
2512,25
2513,7
2514,20
2515,22
2516,14
2517,22
2518,7
2519,12
2520,15
2521,16
2522,8
2523,18
2524,18
2525,5
2526,8
2527,8
2528,19
2529,25
2530,17
2531,25
2532,17
2533,9
2534,11
2535,3
2536,19
2537,11
2538,12
2539,5
2540,18
2541,25
2542,24
2543,25
2544,9
2545,17
2546,21
2547,4
2548,25
2549,11
2550,6
2551,0
2552,1
2553,15
2554,10
2555,5
2556,21
2557,16
2558,6
2559,8
2560,2
2561,2
2562,0
2563,0
2564,0
2565,0
2566,19
2567,3
2568,1
2569,0
2570,0
2571,9
2572,3
2573,0
2574,18
2575,3
2576,0
2577,9
2578,14
2579,13
2580,12
2581,3
2582,6
2583,10
2584,5
2585,17
2586,12
2587,2
2588,3
2589,8
2590,22
2591,0
2592,4
2593,22
2594,4
2595,7
2596,7
2597,5
2598,17
2599,17
2600,16
2601,10
2602,0
2603,19
2604,10
2605,10
2606,20
2607,19
2608,21
2609,15
2610,13
2611,8
2612,21
2613,13
2614,25
2615,23
2616,7
2617,6
2618,19
2619,26
2620,22
2621,8
2622,9
2623,19
2624,18
2625,23
2626,9
2627,9
2628,26
2629,26
2630,2
2631,20
2632,18
2633,5
2634,10
2635,9
2636,18
2637,20
2638,13
2639,12
2640,6
2641,25
2642,19
2643,10
2644,26
2645,26
2646,4
2647,12
2648,26
2649,8
2650,17
2651,1
2652,10
2653,19
2654,16
2655,18
2656,7
2657,11
2658,0
2659,8
2660,9
2661,0
2662,1
2663,0
2664,0
2665,0
2666,6
2667,1
2668,1
2669,22
2670,0
2671,0
2672,0
2673,3
2674,1
2675,15
2676,0
2677,0
2678,7
2679,12
2680,4
2681,14
2682,0
2683,6
2684,3
2685,13
2686,13
2687,11
2688,9
2689,18
2690,8
2691,6
2692,5
2693,23
2694,5
2695,0
2696,23
2697,4
2698,18
2699,3
2700,9
2701,24
2702,8
2703,11
2704,11
2705,23
2706,20
2707,11
2708,16
2709,22
2710,24
2711,17
2712,22
2713,14
2714,27
2715,9
2716,20
2717,20
2718,5
2719,16
2720,27
2721,7
2722,11
2723,26
2724,10
2725,15
2726,10
2727,10
2728,3
2729,27
2730,21
2731,27
2732,19
2733,6
2734,11
2735,27
2736,13
2737,21
2738,14
2739,20
2740,21
2741,7
2742,5
2743,20
2744,13
2745,19
2746,10
2747,19
2748,26
2749,7
2750,14
2751,2
2752,0
2753,11
2754,0
2755,2
2756,1
2757,4
2758,12
2759,1
2760,0
2761,10
2762,9
2763,1
2764,9
2765,1
2766,0
2767,14
2768,5
2769,3
2770,23
2771,0
2772,5
2773,19
2774,2
2775,0
2776,19
2777,5
2778,8
2779,4
2780,14
2781,10
2782,4
2783,18
2784,13
2785,2
2786,7
2787,6
2788,9
2789,24
2790,6
2791,1
2792,17
2793,12
2794,1
2795,1
2796,19
2797,14
2798,8
2799,24
2800,8
2801,17
2802,24
2803,12
2804,21
2805,28
2806,12
2807,23
2808,9
2809,28
2810,21
2811,15
2812,6
2813,10
2814,21
2815,23
2816,16
2817,25
2818,8
2819,15
2820,12
2821,25
2822,10
2823,15
2824,21
2825,18
2826,11
2827,11
2828,4
2829,28
2830,28
2831,22
2832,20
2833,7
2834,12
2835,28
2836,27
2837,14
2838,22
2839,6
2840,22
2841,8
2842,21
2843,20
2844,11
2845,11
2846,14
2847,20
2848,5
2849,0
2850,9
2851,18
2852,3
2853,2
2854,1
2855,5
2856,12
2857,13
2858,15
2859,6
2860,6
2861,3
2862,0
2863,10
2864,6
2865,10
2866,2
2867,1
2868,4
2869,2
2870,6
2871,0
2872,0
2873,0
2874,2
2875,15
2876,0
2877,13
2878,5
2879,3
2880,27
2881,10
2882,17
2883,2
2884,12
2885,8
2886,15
2887,7
2888,11
2889,25
2890,2
2891,3
2892,1
2893,7
2894,11
2895,14
2896,0
2897,9
2898,19
2899,1
2900,25
2901,29
2902,13
2903,15
2904,29
2905,18
2906,22
2907,22
2908,9
2909,24
2910,16
2911,29
2912,0
2913,4
2914,6
2915,16
2916,1
2917,17
2918,10
2919,0
2920,13
2921,7
2922,13
2923,9
2924,9
2925,12
2926,12
2927,5
2928,29
2929,23
2930,29
2931,8
2932,0
2933,21
2934,28
2935,22
2936,23
2937,16
2938,7
2939,15
2940,21
2941,12
2942,23
2943,10
2944,12
2945,21
2946,11
2947,13
2948,11
2949,26
2950,6
2951,13
2952,12
2953,6
2954,0
2955,11
2956,0
2957,15
2958,1
2959,7
2960,14
2961,8
2962,0
2963,0
2964,0
2965,3
2966,2
2967,13
2968,1
2969,7
2970,5
2971,0
2972,7
2973,11
2974,3
2975,0
2976,1
2977,4
2978,3
2979,11
2980,3
2981,16
2982,22
2983,9
2984,2
2985,19
2986,3
2987,8
2988,12
2989,0
2990,28
2991,10
2992,4
2993,2
2994,16
2995,4
2996,18
2997,3
2998,0
2999,26
3000,25
3001,23
3002,16
3003,12
3004,23
3005,14
3006,10
3007,1
3008,30
3009,26
3010,18
3011,5
3012,1
3013,7
3014,17
3015,8
3016,30
3017,11
3018,10
3019,1
3020,19
3021,10
3022,23
3023,17
3024,22
3025,7
3026,13
3027,6
3028,30
3029,13
3030,9
3031,24
3032,30
3033,1
3034,29
3035,30
3036,22
3037,8
3038,16
3039,14
3040,11
3041,22
3042,13
3043,13
3044,14
3045,24
3046,14
3047,24
3048,17
3049,4
3050,17
3051,7
3052,13
3053,0
3054,4
3055,2
3056,0
3057,19
3058,0
3059,8
3060,9
3061,1
3062,8
3063,3
3064,0
3065,8
3066,12
3067,14
3068,14
3069,2
3070,0
3071,0
3072,15
3073,6
3074,3
3075,14
3076,17
3077,2
3078,3
3079,12
3080,12
3081,9
3082,4
3083,10
3084,27
3085,1
3086,11
3087,0
3088,0
3089,13
3090,5
3091,5
3092,1
3093,5
3094,0
3095,4
3096,4
3097,12
3098,1
3099,2
3100,9
3101,31
3102,24
3103,15
3104,13
3105,31
3106,20
3107,17
3108,26
3109,24
3110,31
3111,24
3112,6
3113,9
3114,7
3115,18
3116,8
3117,11
3118,12
3119,27
3120,23
3121,2
3122,11
3123,18
3124,25
3125,4
3126,14
3127,0
3128,7
3129,31
3130,14
3131,10
3132,2
3133,30
3134,25
3135,15
3136,31
3137,25
3138,9
3139,12
3140,15
3141,17
3142,14
3143,14
3144,23
3145,0
3146,15
3147,23
3148,8
3149,2
3150,10
3151,2
3152,4
3153,8
3154,2
3155,0
3156,3
3157,14
3158,9
3159,15
3160,18
3161,6
3162,2
3163,1
3164,7
3165,0
3166,3
3167,9
3168,20
3169,3
3170,0
3171,0
3172,4
3173,1
3174,5
3175,0
3176,14
3177,13
3178,2
3179,0
3180,11
3181,5
3182,0
3183,5
3184,3
3185,18
3186,11
3187,6
3188,0
3189,1
3190,12
3191,7
3192,13
3193,19
3194,28
3195,2
3196,5
3197,6
3198,18
3199,13
3200,32
3201,3
3202,25
3203,27
3204,14
3205,26
3206,16
3207,10
3208,32
3209,18
3210,6
3211,16
3212,4
3213,25
3214,13
3215,9
3216,25
3217,32
3218,11
3219,1
3220,24
3221,7
3222,21
3223,26
3224,3
3225,12
3226,15
3227,8
3228,32
3229,15
3230,3
3231,31
3232,11
3233,19
3234,13
3235,12
3236,10
3237,32
3238,24
3239,1
3240,15
3241,5
3242,15
3243,16
3244,18
3245,24
3246,16
3247,26
3248,28
3249,10
3250,3
3251,1
3252,2
3253,2
3254,8
3255,15
3256,7
3257,15
3258,0
3259,5
3260,19
3261,3
3262,14
3263,1
3264,3
3265,4
3266,1
3267,5
3268,0
3269,1
3270,1
3271,4
3272,4
3273,1
3274,19
3275,0
3276,3
3277,4
3278,9
3279,19
3280,7
3281,3
3282,13
3283,6
3284,2
3285,12
3286,8
3287,0
3288,12
3289,14
3290,19
3291,6
3292,9
3293,6
3294,16
3295,5
3296,14
3297,7
3298,10
3299,29
3300,27
3301,25
3302,2
3303,17
3304,11
3305,13
3306,28
3307,15
3308,33
3309,8
3310,4
3311,4
3312,33
3313,4
3314,14
3315,10
3316,12
3317,17
3318,26
3319,19
3320,17
3321,26
3322,22
3323,25
3324,17
3325,7
3326,16
3327,9
3328,33
3329,16
3330,4
3331,32
3332,12
3333,20
3334,14
3335,5
3336,11
3337,27
3338,33
3339,6
3340,4
3341,16
3342,2
3343,16
3344,19
3345,0
3346,25
3347,27
3348,8
3349,33
3350,13
3351,1
3352,6
3353,20
3354,16
3355,9
3356,3
3357,0
3358,0
3359,1
3360,6
3361,4
3362,16
3363,2
3364,5
3365,8
3366,2
3367,2
3368,15
3369,4
3370,5
3371,2
3372,2
3373,3
3374,4
3375,32
3376,3
3377,1
3378,13
3379,14
3380,3
3381,11
3382,8
3383,17
3384,0
3385,7
3386,9
3387,7
3388,10
3389,11
3390,10
3391,15
3392,13
3393,5
3394,6
3395,1
3396,3
3397,15
3398,2
3399,7
3400,15
3401,13
3402,12
3403,20
3404,18
3405,29
3406,26
3407,3
3408,18
3409,9
3410,11
3411,26
3412,34
3413,9
3414,16
3415,5
3416,5
3417,27
3418,18
3419,16
3420,23
3421,14
3422,17
3423,12
3424,17
3425,20
3426,17
3427,1
3428,10
3429,34
3430,5
3431,0
3432,17
3433,13
3434,33
3435,1
3436,15
3437,21
3438,28
3439,5
3440,0
3441,6
3442,28
3443,34
3444,26
3445,3
3446,18
3447,7
3448,34
3449,8
3450,28
3451,4
3452,16
3453,5
3454,11
3455,7
3456,21
3457,6
3458,33
3459,14
3460,0
3461,5
3462,16
3463,8
3464,5
3465,17
3466,6
3467,0
3468,0
3469,0
3470,0
3471,4
3472,3
3473,3
3474,17
3475,6
3476,2
3477,10
3478,5
3479,18
3480,14
3481,15
3482,10
3483,8
3484,7
3485,2
3486,4
3487,11
3488,14
3489,3
3490,2
3491,12
3492,3
3493,7
3494,12
3495,8
3496,6
3497,4
3498,2
3499,4
3500,13
3501,6
3502,19
3503,27
3504,10
3505,4
3506,18
3507,14
3508,17
3509,10
3510,9
3511,19
3512,28
3513,35
3514,19
3515,27
3516,12
3517,6
3518,15
3519,17
3520,21
3521,16
3522,30
3523,22
3524,35
3525,8
3526,18
3527,2
3528,11
3529,1
3530,35
3531,6
3532,8
3533,16
3534,6
3535,24
3536,18
3537,7
3538,34
3539,29
3540,13
3541,2
3542,4
3543,1
3544,29
3545,27
3546,18
3547,14
3548,19
3549,0
3550,11
3551,0
3552,1
3553,17
3554,8
3555,6
3556,0
3557,0
3558,5
3559,34
3560,1
3561,0
3562,17
3563,4
3564,22
3565,6
3566,7
3567,11
3568,15
3569,0
3570,12
3571,7
3572,18
3573,5
3574,5
3575,0
3576,18
3577,6
3578,4
3579,15
3580,9
3581,19
3582,16
3583,5
3584,3
3585,3
3586,3
3587,3
3588,6
3589,4
3590,15
3591,5
3592,9
3593,7
3594,8
3595,13
3596,5
3597,13
3598,11
3599,12
3600,20
3601,5
3602,22
3603,31
3604,11
3605,7
3606,25
3607,7
3608,28
3609,11
3610,28
3611,9
3612,19
3613,15
3614,18
3615,0
3616,13
3617,10
3618,29
3619,14
3620,36
3621,36
3622,1
3623,30
3624,30
3625,20
3626,3
3627,19
3628,0
3629,12
3630,7
3631,2
3632,9
3633,8
3634,36
3635,19
3636,7
3637,3
3638,1
3639,19
3640,15
3641,23
3642,35
3643,28
3644,5
3645,14
3646,2
3647,17
3648,12
3649,20
3650,17
3651,19
3652,10
3653,9
3654,12
3655,35
3656,6
3657,5
3658,23
3659,1
3660,0
3661,7
3662,2
3663,2
3664,0
3665,7
3666,7
3667,18
3668,6
3669,0
3670,1
3671,0
3672,8
3673,10
3674,1
3675,5
3676,7
3677,4
3678,5
3679,18
3680,16
3681,10
3682,16
3683,6
3684,17
3685,0
3686,4
3687,13
3688,4
3689,5
3690,6
3691,18
3692,12
3693,14
3694,9
3695,6
3696,8
3697,16
3698,14
3699,4
3700,29
3701,12
3702,14
3703,26
3704,8
3705,0
3706,12
3707,6
3708,2
3709,21
3710,37
3711,10
3712,6
3713,19
3714,11
3715,23
3716,13
3717,8
3718,16
3719,21
3720,37
3721,11
3722,31
3723,24
3724,20
3725,18
3726,4
3727,20
3728,9
3729,8
3730,10
3731,8
3732,3
3733,4
3734,18
3735,32
3736,1
3737,37
3738,20
3739,16
3740,36
3741,31
3742,15
3743,3
3744,6
3745,29
3746,2
3747,13
3748,30
3749,0
3750,17
3751,5
3752,9
3753,2
3754,1
3755,2
3756,1
3757,11
3758,0
3759,10
3760,0
3761,15
3762,1
3763,6
3764,7
3765,2
3766,24
3767,6
3768,8
3769,1
3770,0
3771,0
3772,0
3773,3
3774,36
3775,20
3776,8
3777,0
3778,5
3779,19
3780,5
3781,7
3782,6
3783,19
3784,17
3785,7
3786,14
3787,5
3788,15
3789,13
3790,10
3791,15
3792,2
3793,9
3794,13
3795,18
3796,17
3797,8
3798,3
3799,7
3800,30
3801,38
3802,13
3803,9
3804,13
3805,15
3806,3
3807,24
3808,27
3809,12
3810,17
3811,12
3812,7
3813,7
3814,11
3815,14
3816,6
3817,20
3818,19
3819,35
3820,32
3821,22
3822,1
3823,38
3824,7
3825,6
3826,3
3827,5
3828,10
3829,21
3830,11
3831,9
3832,4
3833,2
3834,5
3835,21
3836,9
3837,19
3838,25
3839,4
3840,21
3841,17
3842,37
3843,32
3844,30
3845,16
3846,33
3847,14
3848,31
3849,8
3850,0
3851,1
3852,0
3853,0
3854,19
3855,9
3856,18
3857,11
3858,3
3859,8
3860,3
3861,2
3862,0
3863,14
3864,16
3865,2
3866,4
3867,0
3868,1
3869,0
3870,0
3871,12
3872,0
3873,25
3874,37
3875,7
3876,4
3877,0
3878,8
3879,15
3880,6
3881,7
3882,8
3883,14
3884,18
3885,7
3886,2
3887,9
3888,14
3889,18
3890,20
3891,10
3892,9
3893,16
3894,3
3895,1
3896,0
3897,16
3898,10
3899,11
3900,14
3901,8
3902,10
3903,13
3904,22
3905,33
3906,13
3907,28
3908,16
3909,4
3910,25
3911,8
3912,20
3913,31
3914,12
3915,39
3916,14
3917,7
3918,15
3919,36
3920,17
3921,23
3922,33
3923,2
3924,38
3925,21
3926,4
3927,6
3928,11
3929,12
3930,22
3931,10
3932,6
3933,5
3934,10
3935,18
3936,20
3937,0
3938,39
3939,15
3940,5
3941,0
3942,26
3943,0
3944,34
3945,22
3946,31
3947,3
3948,7
3949,3
3950,8
3951,0
3952,21
3953,1
3954,11
3955,0
3956,12
3957,1
3958,0
3959,0
3960,15
3961,19
3962,0
3963,1
3964,5
3965,3
3966,0
3967,1
3968,9
3969,0
3970,4
3971,19
3972,8
3973,4
3974,38
3975,0
3976,17
3977,17
3978,1
3979,9
3980,0
3981,16
3982,9
3983,15
3984,8
3985,15
3986,4
3987,12
3988,7
3989,10
3990,0
3991,9
3992,5
3993,19
3994,1
3995,3
3996,0
3997,2
3998,10
3999,18
4000,24
4001,17
4002,34
4003,14
4004,18
4005,34
4006,37
4007,5
4008,9
4009,32
4010,8
4011,8
4012,1
4013,23
4014,1
4015,29
4016,13
4017,21
4018,16
4019,40
4020,11
4021,4
4022,15
4023,4
4024,19
4025,9
4026,12
4027,7
4028,5
4029,7
4030,13
4031,11
4032,23
4033,3
4034,6
4035,39
4036,11
4037,21
4038,40
4039,16
4040,6
4041,35
4042,27
4043,32
4044,0
4045,23
4046,14
4047,2
4048,22
4049,15
4050,0
4051,0
4052,18
4053,16
4054,0
4055,19
4056,22
4057,1
4058,18
4059,2
4060,0
4061,13
4062,4
4063,0
4064,1
4065,5
4066,12
4067,9
4068,6
4069,2
4070,2
4071,1
4072,1
4073,0
4074,2
4075,5
4076,6
4077,39
4078,9
4079,10
4080,16
4081,10
4082,0
4083,8
4084,11
4085,16
4086,2
4087,1
4088,9
4089,0
4090,0
4091,3
4092,1
4093,0
4094,2
4095,17
4096,10
4097,4
4098,11
4099,13
4100,0
4101,18
4102,15
4103,16
4104,40
4105,20
4106,9
4107,12
4108,10
4109,6
4110,35
4111,2
4112,19
4113,1
4114,17
4115,22
4116,33
4117,9
4118,17
4119,14
4120,5
4121,35
4122,25
4123,2
4124,28
4125,41
4126,13
4127,8
4128,6
4129,14
4130,8
4131,4
4132,12
4133,24
4134,7
4135,38
4136,12
4137,5
4138,17
4139,41
4140,7
4141,3
4142,0
4143,36
4144,33
4145,15
4146,24
4147,22
4148,24
4149,3
4150,23
4151,7
4152,1
4153,5
4154,10
4155,19
4156,18
4157,1
4158,2
4159,5
4160,1
4161,0
4162,2
4163,0
4164,0
4165,20
4166,2
4167,3
4168,19
4169,2
4170,6
4171,7
4172,3
4173,1
4174,2
4175,10
4176,14
4177,17
4178,11
4179,9
4180,10
4181,11
4182,4
4183,2
4184,16
4185,10
4186,3
4187,12
4188,17
4189,5
4190,11
4191,3
4192,40
4193,0
4194,6
4195,1
4196,12
4197,0
4198,0
4199,14
4200,16
4201,21
4202,18
4203,11
4204,17
4205,29
4206,34
4207,36
4208,25
4209,18
4210,15
4211,41
4212,24
4213,13
4214,2
4215,0
4216,10
4217,23
4218,20
4219,34
4220,26
4221,7
4222,10
4223,1
4224,37
4225,11
4226,14
4227,7
4228,9
4229,15
4230,9
4231,5
4232,13
4233,8
4234,25
4235,6
4236,13
4237,23
4238,4
4239,42
4240,6
4241,0
4242,8
4243,16
4244,39
4245,3
4246,1
4247,18
4248,0
4249,42
4250,19
4251,1
4252,4
4253,2
4254,6
4255,20
4256,1
4257,0
4258,1
4259,7
4260,0
4261,8
4262,3
4263,0
4264,0
4265,2
4266,0
4267,2
4268,4
4269,4
4270,0
4271,12
4272,6
4273,5
4274,0
4275,0
4276,11
4277,15
4278,12
4279,5
4280,11
4281,10
4282,12
4283,18
4284,3
4285,3
4286,12
4287,4
4288,18
4289,1
4290,7
4291,6
4292,41
4293,17
4294,15
4295,13
4296,3
4297,3
4298,11
4299,4
4300,42
4301,30
4302,26
4303,18
4304,35
4305,0
4306,4
4307,17
4308,1
4309,19
4310,14
4311,25
4312,12
4313,37
4314,8
4315,11
4316,3
4317,22
4318,13
4319,1
4320,27
4321,19
4322,12
4323,24
4324,38
4325,35
4326,15
4327,10
4328,8
4329,16
4330,10
4331,6
4332,0
4333,14
4334,9
4335,0
4336,26
4337,40
4338,5
4339,17
4340,43
4341,9
4342,7
4343,11
4344,2
4345,19
4346,7
4347,14
4348,16
4349,6
4350,6
4351,0
4352,1
4353,12
4354,21
4355,2
4356,1
4357,3
4358,0
4359,3
4360,4
4361,4
4362,1
4363,0
4364,13
4365,27
4366,0
4367,1
4368,0
4369,0
4370,0
4371,0
4372,12
4373,0
4374,2
4375,8
4376,9
4377,7
4378,19
4379,2
4380,5
4381,4
4382,4
4383,5
4384,11
4385,13
4386,7
4387,4
4388,13
4389,14
4390,16
4391,18
4392,16
4393,8
4394,5
4395,42
4396,4
4397,19
4398,2
4399,12
4400,2
4401,5
4402,0
4403,0
4404,36
4405,26
4406,19
4407,20
4408,0
4409,5
4410,20
4411,18
4412,27
4413,12
4414,31
4415,13
4416,4
4417,43
4418,38
4419,14
4420,20
4421,20
4422,8
4423,7
4424,13
4425,16
4426,11
4427,9
4428,17
4429,11
4430,15
4431,10
4432,18
4433,41
4434,7
4435,28
4436,27
4437,0
4438,15
4439,25
4440,44
4441,12
4442,10
4443,39
4444,3
4445,1
4446,8
4447,6
4448,9
4449,6
4450,0
4451,8
4452,19
4453,9
4454,22
4455,14
4456,3
4457,13
4458,1
4459,4
4460,5
4461,12
4462,1
4463,0
4464,1
4465,2
4466,1
4467,2
4468,9
4469,0
4470,1
4471,1
4472,2
4473,4
4474,43
4475,13
4476,3
4477,3
4478,5
4479,17
4480,6
4481,5
4482,15
4483,6
4484,6
4485,3
4486,8
4487,14
4488,5
4489,14
4490,5
4491,15
4492,2
4493,0
4494,17
4495,17
4496,1
4497,20
4498,10
4499,13
4500,21
4501,21
4502,0
4503,11
4504,20
4505,8
4506,9
4507,27
4508,21
4509,37
4510,6
4511,14
4512,4
4513,0
4514,0
4515,32
4516,5
4517,19
4518,21
4519,28
4520,40
4521,13
4522,1
4523,7
4524,14
4525,17
4526,10
4527,0
4528,12
4529,18
4530,0
4531,12
4532,42
4533,19
4534,11
4535,29
4536,16
4537,6
4538,28
4539,9
4540,3
4541,2
4542,16
4543,26
4544,3
4545,45
4546,4
4547,13
4548,39
4549,6
4550,14
4551,18
4552,2
4553,2
4554,1
4555,1
4556,13
4557,2
4558,2
4559,4
4560,14
4561,23
4562,3
4563,5
4564,2
4565,3
4566,3
4567,1
4568,2
4569,8
4570,10
4571,5
4572,7
4573,2
4574,10
4575,12
4576,6
4577,44
4578,8
4579,7
4580,4
4581,14
4582,1
4583,6
4584,9
4585,18
4586,2
4587,6
4588,15
4589,18
4590,7
4591,16
4592,15
4593,16
4594,21
4595,15
4596,4
4597,11
4598,10
4599,9
4600,8
4601,22
4602,45
4603,15
4604,12
4605,22
4606,14
4607,41
4608,4
4609,5
4610,15
4611,7
4612,10
4613,38
4614,2
4615,7
4616,15
4617,21
4618,0
4619,3
4620,8
4621,22
4622,30
4623,3
4624,46
4625,5
4626,18
4627,1
4628,11
4629,13
4630,19
4631,13
4632,20
4633,0
4634,43
4635,5
4636,12
4637,14
4638,17
4639,4
4640,0
4641,8
4642,29
4643,10
4644,27
4645,2
4646,17
4647,1
4648,7
4649,28
4650,6
4651,24
4652,0
4653,2
4654,7
4655,2
4656,3
4657,3
4658,3
4659,5
4660,0
4661,3
4662,6
4663,4
4664,0
4665,15
4666,13
4667,11
4668,3
4669,11
4670,9
4671,19
4672,0
4673,4
4674,0
4675,2
4676,11
4677,10
4678,0
4679,9
4680,22
4681,16
4682,15
4683,10
4684,22
4685,19
4686,17
4687,19
4688,9
4689,7
4690,7
4691,12
4692,16
4693,3
4694,16
4695,8
4696,5
4697,17
4698,0
4699,3
4700,13
4701,23
4702,9
4703,23
4704,8
4705,6
4706,31
4707,15
4708,4
4709,4
4710,16
4711,3
4712,0
4713,8
4714,16
4715,11
4716,39
4717,7
4718,6
4719,8
4720,29
4721,1
4722,18
4723,18
4724,16
4725,11
4726,2
4727,12
4728,20
4729,14
4730,21
4731,44
4732,14
4733,13
4734,5
4735,0
4736,15
4737,2
4738,30
4739,3
4740,23
4741,3
4742,6
4743,47
4744,28
4745,9
4746,42
4747,9
4748,19
4749,0
4750,11
4751,8
4752,25
4753,4
4754,4
4755,8
4756,1
4757,7
4758,6
4759,1
4760,7
4761,4
4762,14
4763,4
4764,0
4765,1
4766,12
4767,7
4768,16
4769,9
4770,0
4771,8
4772,46
4773,5
4774,3
4775,3
4776,17
4777,11
4778,16
4779,20
4780,10
4781,8
4782,23
4783,5
4784,23
4785,6
4786,17
4787,20
4788,13
4789,18
4790,17
4791,12
4792,18
4793,1
4794,10
4795,4
4796,8
4797,9
4798,10
4799,4
4800,19
4801,30
4802,24
4803,10
4804,29
4805,43
4806,17
4807,7
4808,5
4809,17
4810,9
4811,9
4812,16
4813,14
4814,7
4815,0
4816,12
4817,17
4818,8
4819,40
4820,7
4821,32
4822,4
4823,20
4824,9
4825,3
4826,13
4827,22
4828,21
4829,45
4830,15
4831,6
4832,15
4833,16
4834,0
4835,48
4836,0
4837,14
4838,14
4839,10
4840,4
4841,19
4842,2
4843,24
4844,4
4845,31
4846,10
4847,3
4848,24
4849,0
4850,21
4851,12
4852,26
4853,2
4854,6
4855,11
4856,9
4857,13
4858,0
4859,4
4860,9
4861,18
4862,1
4863,1
4864,8
4865,6
4866,15
4867,0
4868,0
4869,4
4870,7
4871,5
4872,9
4873,2
4874,18
4875,1
4876,8
4877,5
4878,47
4879,0
4880,12
4881,24
4882,19
4883,11
4884,5
4885,12
4886,2
4887,5
4888,7
4889,17
4890,5
4891,21
4892,9
4893,11
4894,10
4895,18
4896,5
4897,9
4898,0
4899,5
4900,8
4901,30
4902,44
4903,25
4904,6
4905,8
4906,18
4907,15
4908,11
4909,10
4910,18
4911,13
4912,9
4913,20
4914,18
4915,22
4916,25
4917,10
4918,0
4919,6
4920,31
4921,15
4922,49
4923,17
4924,8
4925,14
4926,4
4927,21
4928,7
4929,23
4930,22
4931,46
4932,4
4933,16
4934,3
4935,32
4936,16
4937,3
4938,15
4939,5
4940,11
4941,5
4942,25
4943,11
4944,20
4945,18
4946,10
4947,1
4948,41
4949,10
4950,8
4951,19
4952,10
4953,2
4954,13
4955,0
4956,9
4957,1
4958,16
4959,7
4960,7
4961,13
4962,0
4963,2
4964,19
4965,0
4966,10
4967,0
4968,0
4969,19
4970,9
4971,1
4972,48
4973,5
4974,3
4975,6
4976,0
4977,18
4978,25
4979,10
4980,12
4981,9
4982,6
4983,6
4984,12
4985,6
4986,13
4987,10
4988,17
4989,0
4990,3
4991,6
4992,22
4993,6
4994,19
4995,14
4996,11
4997,12
4998,27
4999,5
5000,31
5001,9
5002,10
5003,19
5004,9
5005,16
5006,7
5007,45
5008,32
5009,11
5010,23
5011,26
5012,7
5013,4
5014,11
5015,12
5016,11
5017,21
5018,19
5019,9
5020,50
5021,10
5022,50
5023,5
5024,9
5025,11
5026,8
5027,24
5028,22
5029,15
5030,23
5031,47
5032,4
5033,18
5034,17
5035,33
5036,5
5037,0
5038,6
5039,26
5040,19
5041,11
5042,6
5043,16
5044,12
5045,12
5046,21
5047,17
5048,14
5049,2
5050,11
5051,0
5052,4
5053,0
5054,4
5055,19
5056,14
5057,6
5058,8
5059,0
5060,13
5061,12
5062,0
5063,1
5064,0
5065,6
5066,10
5067,0
5068,0
5069,8
5070,14
5071,0
5072,16
5073,17
5074,4
5075,11
5076,3
5077,11
5078,7
5079,7
5080,7
5081,13
5082,1
5083,1
5084,0
5085,2
5086,13
5087,7
5088,26
5089,3
5090,7
5091,7
5092,15
5093,28
5094,23
5095,1
5096,2
5097,10
5098,14
5099,18
5100,4
5101,8
5102,33
5103,8
5104,20
5105,51
5106,12
5107,22
5108,10
5109,5
5110,24
5111,12
5112,11
5113,0
5114,10
5115,20
5116,32
5117,27
5118,8
5119,51
5120,8
5121,46
5122,10
5123,27
5124,17
5125,22
5126,9
5127,25
5128,5
5129,23
5130,48
5131,24
5132,16
5133,19
5134,6
5135,34
5136,18
5137,20
5138,12
5139,7
5140,7
5141,13
5142,13
5143,17
5144,10
5145,12
5146,11
5147,18
5148,6
5149,27
5150,14
5151,5
5152,1
5153,13
5154,3
5155,2
5156,8
5157,0
5158,35
5159,0
5160,1
5161,15
5162,0
5163,1
5164,14
5165,7
5166,20
5167,1
5168,9
5169,21
5170,11
5171,0
5172,18
5173,15
5174,5
5175,1
5176,0
5177,3
5178,17
5179,2
5180,0
5181,12
5182,13
5183,2
5184,2
5185,12
5186,8
5187,14
5188,8
5189,8
5190,1
5191,15
5192,19
5193,29
5194,16
5195,11
5196,4
5197,3
5198,5
5199,0
5200,6
5201,21
5202,21
5203,35
5204,9
5205,13
5206,23
5207,34
5208,52
5209,11
5210,13
5211,9
5212,47
5213,11
5214,11
5215,33
5216,25
5217,5
5218,0
5219,28
5220,52
5221,12
5222,18
5223,19
5224,8
5225,2
5226,7
5227,10
5228,26
5229,6
5230,24
5231,49
5232,20
5233,25
5234,17
5235,11
5236,7
5237,0
5238,13
5239,21
5240,8
5241,28
5242,12
5243,13
5244,14
5245,18
5246,14
5247,19
5248,17
5249,0
5250,0
5251,2
5252,4
5253,16
5254,3
5255,21
5256,2
5257,2
5258,9
5259,36
5260,4
5261,16
5262,14
5263,6
5264,16
5265,6
5266,2
5267,12
5268,13
5269,10
5270,0
5271,15
5272,0
5273,0
5274,0
5275,0
5276,13
5277,6
5278,9
5279,9
5280,3
5281,15
5282,18
5283,3
5284,13
5285,30
5286,3
5287,9
5288,0
5289,2
5290,9
5291,0
5292,14
5293,5
5294,12
5295,28
5296,4
5297,9
5298,15
5299,2
5300,19
5301,10
5302,4
5303,15
5304,22
5305,24
5306,36
5307,48
5308,10
5309,35
5310,29
5311,0
5312,12
5313,18
5314,13
5315,14
5316,4
5317,22
5318,34
5319,12
5320,19
5321,7
5322,53
5323,22
5324,9
5325,17
5326,8
5327,11
5328,27
5329,25
5330,7
5331,50
5332,21
5333,20
5334,8
5335,12
5336,26
5337,18
5338,15
5339,20
5340,29
5341,1
5342,14
5343,13
5344,9
5345,19
5346,11
5347,14
5348,12
5349,14
5350,10
5351,6
5352,37
5353,1
5354,17
5355,1
5356,7
5357,5
5358,1
5359,3
5360,14
5361,17
5362,4
5363,15
5364,7
5365,3
5366,23
5367,1
5368,13
5369,0
5370,14
5371,1
5372,5
5373,17
5374,16
5375,3
5376,0
5377,10
5378,6
5379,31
5380,22
5381,14
5382,26
5383,4
5384,10
5385,14
5386,10
5387,5
5388,16
5389,11
5390,0
5391,3
5392,1
5393,15
5394,16
5395,10
5396,10
5397,4
5398,7
5399,13
5400,11
5401,25
5402,12
5403,5
5404,36
5405,10
5406,35
5407,49
5408,15
5409,8
5410,13
5411,5
5412,23
5413,7
5414,23
5415,19
5416,13
5417,14
5418,20
5419,11
5420,20
5421,1
5422,13
5423,23
5424,16
5425,11
5426,12
5427,28
5428,9
5429,26
5430,8
5431,15
5432,22
5433,27
5434,19
5435,54
5436,51
5437,9
5438,14
5439,2
5440,21
5441,10
5442,20
5443,37
5444,30
5445,15
5446,16
5447,21
5448,2
5449,30
5450,15
5451,6
5452,3
5453,11
5454,0
5455,38
5456,2
5457,4
5458,18
5459,15
5460,2
5461,12
5462,1
5463,0
5464,2
5465,8
5466,18
5467,0
5468,8
5469,0
5470,4
5471,0
5472,14
5473,24
5474,5
5475,16
5476,15
5477,17
5478,27
5479,4
5480,2
5481,13
5482,5
5483,11
5484,6
5485,17
5486,11
5487,11
5488,15
5489,1
5490,11
5491,15
5492,4
5493,18
5494,14
5495,7
5496,16
5497,1
5498,17
5499,8
5500,13
5501,9
5502,11
5503,14
5504,36
5505,3
5506,38
5507,12
5508,55
5509,7
5510,24
5511,8
5512,14
5513,24
5514,50
5515,15
5516,26
5517,5
5518,20
5519,12
5520,37
5521,21
5522,6
5523,22
5524,17
5525,12
5526,13
5527,29
5528,10
5529,16
5530,9
5531,23
5532,27
5533,28
5534,52
5535,4
5536,10
5537,21
5538,20
5539,24
5540,3
5541,22
5542,17
5543,11
5544,31
5545,16
5546,16
5547,15
5548,14
5549,0
5550,2
5551,2
5552,19
5553,17
5554,1
5555,1
5556,3
5557,39
5558,5
5559,6
5560,1
5561,3
5562,0
5563,0
5564,16
5565,12
5566,0
5567,0
5568,0
5569,0
5570,19
5571,0
5572,15
5573,25
5574,1
5575,3
5576,13
5577,3
5578,6
5579,6
5580,18
5581,12
5582,1
5583,31
5584,16
5585,2
5586,12
5587,12
5588,28
5589,8
5590,2
5591,12
5592,16
5593,16
5594,15
5595,7
5596,5
5597,14
5598,18
5599,9
5600,10
5601,39
5602,9
5603,15
5604,14
5605,18
5606,0
5607,8
5608,38
5609,37
5610,51
5611,13
5612,15
5613,13
5614,56
5615,3
5616,12
5617,16
5618,4
5619,25
5620,7
5621,6
5622,2
5623,53
5624,17
5625,22
5626,14
5627,17
5628,30
5629,10
5630,11
5631,24
5632,28
5633,16
5634,11
5635,17
5636,22
5637,4
5638,25
5639,4
5640,23
5641,5
5642,21
5643,12
5644,23
5645,32
5646,18
5647,29
5648,19
5649,15
5650,13
5651,2
5652,6
5653,17
5654,2
5655,0
5656,0
5657,0
5658,15
5659,1
5660,26
5661,4
5662,18
5663,1
5664,1
5665,1
5666,0
5667,0
5668,0
5669,1
5670,7
5671,16
5672,0
5673,1
5674,6
5675,13
5676,17
5677,40
5678,7
5679,17
5680,13
5681,1
5682,9
5683,7
5684,13
5685,13
5686,3
5687,10
5688,32
5689,3
5690,4
5691,8
5692,19
5693,4
5694,2
5695,16
5696,3
5697,13
5698,2
5699,29
5700,10
5701,57
5702,9
5703,20
5704,15
5705,16
5706,18
5707,11
5708,40
5709,7
5710,14
5711,16
5712,38
5713,14
5714,4
5715,52
5716,8
5717,17
5718,14
5719,5
5720,39
5721,19
5722,13
5723,5
5724,33
5725,16
5726,18
5727,15
5728,31
5729,11
5730,12
5731,5
5732,25
5733,17
5734,29
5735,24
5736,23
5737,12
5738,26
5739,54
5740,6
5741,30
5742,24
5743,18
5744,22
5745,8
5746,19
5747,3
5748,13
5749,0
5750,8
5751,3
5752,2
5753,2
5754,0
5755,27
5756,2
5757,1
5758,0
5759,1
5760,0
5761,7
5762,1
5763,0
5764,14
5765,17
5766,19
5767,18
5768,0
5769,14
5770,1
5771,16
5772,18
5773,2
5774,7
5775,1
5776,3
5777,41
5778,14
5779,3
5780,4
5781,11
5782,4
5783,1
5784,5
5785,0
5786,1
5787,14
5788,5
5789,4
5790,10
5791,18
5792,5
5793,14
5794,3
5795,2
5796,2
5797,1
5798,9
5799,17
5800,12
5801,25
5802,19
5803,20
5804,41
5805,34
5806,23
5807,10
5808,11
5809,14
5810,20
5811,4
5812,17
5813,39
5814,15
5815,5
5816,1
5817,0
5818,9
5819,53
5820,17
5821,8
5822,16
5823,19
5824,40
5825,19
5826,6
5827,16
5828,6
5829,32
5830,26
5831,12
5832,4
5833,30
5834,18
5835,9
5836,24
5837,58
5838,13
5839,2
5840,27
5841,21
5842,55
5843,31
5844,25
5845,7
5846,19
5847,13
5848,17
5849,0
5850,6
5851,8
5852,2
5853,2
5854,4
5855,3
5856,3
5857,19
5858,4
5859,2
5860,15
5861,11
5862,2
5863,3
5864,28
5865,1
5866,2
5867,0
5868,1
5869,3
5870,1
5871,15
5872,18
5873,0
5874,4
5875,6
5876,0
5877,21
5878,15
5879,18
5880,9
5881,15
5882,12
5883,15
5884,5
5885,0
5886,3
5887,14
5888,6
5889,5
5890,6
5891,5
5892,18
5893,10
5894,10
5895,7
5896,3
5897,42
5898,8
5899,2
5900,35
5901,5
5902,13
5903,24
5904,9
5905,26
5906,41
5907,18
5908,11
5909,21
5910,21
5911,16
5912,42
5913,10
5914,54
5915,7
5916,40
5917,20
5918,20
5919,6
5920,12
5921,6
5922,18
5923,14
5924,59
5925,7
5926,20
5927,5
5928,7
5929,13
5930,27
5931,17
5932,33
5933,7
5934,19
5935,17
5936,25
5937,31
5938,28
5939,22
5940,56
5941,8
5942,10
5943,32
5944,20
5945,3
5946,26
5947,14
5948,16
5949,15
5950,18
5951,20
5952,3
5953,2
5954,29
5955,4
5956,1
5957,8
5958,2
5959,3
5960,0
5961,3
5962,4
5963,0
5964,2
5965,11
5966,1
5967,3
5968,19
5969,16
5970,0
5971,4
5972,12
5973,2
5974,9
5975,1
5976,4
5977,4
5978,4
5979,13
5980,19
5981,3
5982,10
5983,6
5984,7
5985,5
5986,9
5987,43
5988,16
5989,16
5990,7
5991,11
5992,1
5993,3
5994,15
5995,6
5996,5
5997,19
5998,5
5999,3
6000,27
6001,42
6002,7
6003,10
6004,12
6005,25
6006,17
6007,6
6008,14
6009,7
6010,22
6011,8
6012,36
6013,55
6014,11
6015,8
6016,43
6017,5
6018,19
6019,41
6020,60
6021,21
6022,13
6023,15
6024,27
6025,22
6026,21
6027,6
6028,8
6029,14
6030,8
6031,34
6032,18
6033,26
6034,20
6035,19
6036,28
6037,15
6038,32
6039,29
6040,9
6041,21
6042,11
6043,57
6044,33
6045,18
6046,4
6047,23
6048,4
6049,14
6050,21
6051,7
6052,10
6053,0
6054,21
6055,4
6056,8
6057,1
6058,5
6059,11
6060,1
6061,5
6062,0
6063,3
6064,2
6065,30
6066,4
6067,2
6068,5
6069,0
6070,1
6071,4
6072,20
6073,3
6074,17
6075,0
6076,5
6077,0
6078,19
6079,10
6080,4
6081,11
6082,7
6083,44
6084,17
6085,2
6086,6
6087,0
6088,8
6089,4
6090,12
6091,17
6092,16
6093,4
6094,16
6095,3
6096,6
6097,6
6098,20
6099,0
6100,9
6101,9
6102,7
6103,61
6104,13
6105,8
6106,18
6107,28
6108,26
6109,22
6110,6
6111,8
6112,43
6113,12
6114,56
6115,44
6116,5
6117,42
6118,37
6119,15
6120,5
6121,15
6122,19
6123,10
6124,14
6125,5
6126,7
6127,22
6128,9
6129,24
6130,9
6131,27
6132,21
6133,15
6134,35
6135,11
6136,19
6137,16
6138,16
6139,30
6140,22
6141,33
6142,12
6143,58
6144,34
6145,28
6146,20
6147,29
6148,20
6149,23
6150,11
6151,3
6152,22
6153,4
6154,4
6155,8
6156,6
6157,31
6158,3
6159,17
6160,4
6161,18
6162,0
6163,9
6164,1
6165,5
6166,21
6167,5
6168,3
6169,32
6170,6
6171,0
6172,0
6173,2
6174,18
6175,0
6176,2
6177,17
6178,3
6179,9
6180,45
6181,4
6182,7
6183,1
6184,1
6185,5
6186,12
6187,13
6188,18
6189,7
6190,7
6191,6
6192,5
6193,2
6194,12
6195,6
6196,11
6197,8
6198,21
6199,5
6200,14
6201,8
6202,10
6203,62
6204,20
6205,10
6206,9
6207,27
6208,23
6209,44
6210,16
6211,13
6212,45
6213,10
6214,57
6215,6
6216,19
6217,16
6218,6
6219,9
6220,6
6221,29
6222,12
6223,11
6224,7
6225,5
6226,8
6227,23
6228,10
6229,25
6230,28
6231,22
6232,10
6233,36
6234,16
6235,29
6236,20
6237,17
6238,23
6239,17
6240,31
6241,13
6242,34
6243,21
6244,59
6245,15
6246,35
6247,30
6248,4
6249,0
6250,3
6251,19
6252,4
6253,3
6254,2
6255,18
6256,6
6257,5
6258,1
6259,32
6260,9
6261,22
6262,19
6263,23
6264,2
6265,33
6266,0
6267,19
6268,18
6269,0
6270,2
6271,4
6272,1
6273,0
6274,7
6275,7
6276,8
6277,9
6278,46
6279,8
6280,12
6281,0
6282,13
6283,6
6284,6
6285,8
6286,13
6287,5
6288,2
6289,7
6290,0
6291,3
6292,5
6293,19
6294,1
6295,7
6296,12
6297,6
6298,4
6299,14
6300,9
6301,8
6302,11
6303,10
6304,11
6305,7
6306,1
6307,7
6308,63
6309,14
6310,21
6311,30
6312,7
6313,45
6314,14
6315,10
6316,46
6317,11
6318,58
6319,6
6320,24
6321,28
6322,30
6323,31
6324,36
6325,15
6326,9
6327,24
6328,26
6329,11
6330,29
6331,23
6332,11
6333,37
6334,14
6335,0
6336,21
6337,12
6338,18
6339,24
6340,16
6341,18
6342,35
6343,32
6344,13
6345,22
6346,60
6347,17
6348,5
6349,17
6350,8
6351,0
6352,5
6353,34
6354,1
6355,23
6356,3
6357,2
6358,5
6359,0
6360,7
6361,4
6362,0
6363,2
6364,1
6365,2
6366,6
6367,0
6368,5
6369,1
6370,6
6371,19
6372,24
6373,3
6374,8
6375,6
6376,10
6377,1
6378,4
6379,9
6380,47
6381,17
6382,13
6383,3
6384,7
6385,8
6386,14
6387,7
6388,0
6389,4
6390,8
6391,15
6392,0
6393,1
6394,6
6395,7
6396,13
6397,2
6398,10
6399,9
6400,8
6401,64
6402,12
6403,31
6404,12
6405,15
6406,23
6407,7
6408,8
6409,9
6410,22
6411,10
6412,11
6413,29
6414,6
6415,2
6416,31
6417,12
6418,10
6419,46
6420,25
6421,8
6422,37
6423,17
6424,19
6425,47
6426,10
6427,25
6428,27
6429,12
6430,30
6431,24
6432,38
6433,12
6434,0
6435,61
6436,13
6437,18
6438,15
6439,25
6440,19
6441,32
6442,2
6443,33
6444,36
6445,11
6446,14
6447,22
6448,0
6449,0
6450,1
6451,0
6452,11
6453,9
6454,0
6455,4
6456,6
6457,2
6458,11
6459,0
6460,3
6461,35
6462,0
6463,0
6464,2
6465,7
6466,6
6467,6
6468,1
6469,0
6470,0
6471,0
6472,9
6473,2
6474,4
6475,8
6476,14
6477,5
6478,5
6479,14
6480,15
6481,9
6482,8
6483,48
6484,8
6485,3
6486,9
6487,18
6488,4
6489,5
6490,2
6491,7
6492,15
6493,7
6494,10
6495,8
6496,16
6497,16
6498,1
6499,18
6500,9
6501,13
6502,24
6503,8
6504,9
6505,13
6506,3
6507,65
6508,9
6509,12
6510,13
6511,32
6512,4
6513,11
6514,7
6515,30
6516,32
6517,10
6518,3
6519,5
6520,16
6521,10
6522,37
6523,6
6524,26
6525,11
6526,28
6527,26
6528,13
6529,16
6530,31
6531,25
6532,39
6533,14
6534,13
6535,62
6536,23
6537,26
6538,20
6539,12
6540,3
6541,19
6542,33
6543,15
6544,34
6545,38
6546,20
6547,18
6548,47
6549,10
6550,11
6551,3
6552,5
6553,19
6554,1
6555,36
6556,2
6557,1
6558,17
6559,8
6560,10
6561,1
6562,3
6563,7
6564,1
6565,9
6566,3
6567,7
6568,1
6569,0
6570,7
6571,0
6572,1
6573,4
6574,15
6575,1
6576,15
6577,6
6578,16
6579,1
6580,1
6581,10
6582,9
6583,11
6584,9
6585,2
6586,16
6587,12
6588,6
6589,8
6590,12
6591,8
6592,9
6593,23
6594,19
6595,0
6596,5
6597,49
6598,17
6599,2
6600,12
6601,25
6602,10
6603,63
6604,9
6605,38
6606,14
6607,14
6608,5
6609,10
6610,31
6611,11
6612,13
6613,2
6614,4
6615,8
6616,11
6617,7
6618,48
6619,33
6620,17
6621,66
6622,21
6623,24
6624,35
6625,11
6626,12
6627,29
6628,27
6629,14
6630,17
6631,32
6632,26
6633,15
6634,40
6635,27
6636,13
6637,19
6638,10
6639,27
6640,16
6641,21
6642,4
6643,34
6644,4
6645,20
6646,39
6647,14
6648,7
6649,6
6650,13
6651,16
6652,37
6653,5
6654,24
6655,4
6656,4
6657,1
6658,10
6659,2
6660,0
6661,0
6662,1
6663,2
6664,8
6665,1
6666,50
6667,0
6668,10
6669,9
6670,11
6671,0
6672,8
6673,0
6674,0
6675,2
6676,12
6677,2
6678,11
6679,14
6680,12
6681,10
6682,4
6683,17
6684,2
6685,3
6686,13
6687,9
6688,0
6689,7
6690,6
6691,10
6692,2
6693,3
6694,9
6695,17
6696,3
6697,16
6698,18
6699,6
6700,5
6701,6
6702,8
6703,36
6704,22
6705,64
6706,10
6707,12
6708,39
6709,13
6710,7
6711,12
6712,67
6713,11
6714,26
6715,13
6716,15
6717,9
6718,11
6719,8
6720,3
6721,14
6722,40
6723,25
6724,28
6725,12
6726,13
6727,30
6728,28
6729,15
6730,18
6731,33
6732,27
6733,41
6734,16
6735,15
6736,14
6737,11
6738,5
6739,28
6740,17
6741,15
6742,22
6743,21
6744,5
6745,35
6746,18
6747,20
6748,34
6749,11
6750,10
6751,5
6752,1
6753,11
6754,19
6755,10
6756,38
6757,1
6758,2
6759,9
6760,1
6761,17
6762,17
6763,3
6764,12
6765,3
6766,11
6767,2
6768,3
6769,3
6770,13
6771,0
6772,9
6773,25
6774,1
6775,11
6776,6
6777,3
6778,14
6779,7
6780,12
6781,4
6782,4
6783,5
6784,3
6785,0
6786,18
6787,8
6788,7
6789,5
6790,1
6791,4
6792,3
6793,15
6794,0
6795,3
6796,10
6797,18
6798,2
6799,14
6800,13
6801,6
6802,23
6803,16
6804,22
6805,65
6806,41
6807,40
6808,7
6809,13
6810,3
6811,14
6812,15
6813,9
6814,8
6815,68
6816,9
6817,12
6818,13
6819,27
6820,6
6821,5
6822,37
6823,21
6824,23
6825,10
6826,14
6827,31
6828,29
6829,16
6830,19
6831,34
6832,28
6833,15
6834,17
6835,36
6836,42
6837,6
6838,4
6839,0
6840,19
6841,26
6842,18
6843,29
6844,16
6845,29
6846,11
6847,12
6848,12
6849,5
6850,8
6851,4
6852,4
6853,11
6854,10
6855,39
6856,13
6857,2
6858,3
6859,18
6860,4
6861,18
6862,0
6863,2
6864,0
6865,26
6866,1
6867,12
6868,0
6869,0
6870,4
6871,0
6872,12
6873,0
6874,2
6875,10
6876,11
6877,15
6878,6
6879,16
6880,5
6881,2
6882,11
6883,14
6884,12
6885,4
6886,8
6887,4
6888,13
6889,6
6890,7
6891,1
6892,19
6893,6
6894,4
6895,15
6896,19
6897,16
6898,2
6899,9
6900,14
6901,24
6902,66
6903,37
6904,42
6905,38
6906,24
6907,23
6908,10
6909,16
6910,10
6911,15
6912,9
6913,14
6914,3
6915,41
6916,7
6917,4
6918,7
6919,14
6920,8
6921,17
6922,12
6923,22
6924,30
6925,69
6926,15
6927,32
6928,17
6929,30
6930,20
6931,35
6932,16
6933,7
6934,13
6935,30
6936,29
6937,18
6938,1
6939,5
6940,19
6941,0
6942,6
6943,20
6944,27
6945,7
6946,17
6947,43
6948,12
6949,5
6950,6
6951,3
6952,17
6953,5
6954,0
6955,1
6956,1
6957,0
6958,2
6959,40
6960,11
6961,5
6962,12
6963,1
6964,0
6965,0
6966,2
6967,0
6968,19
6969,13
6970,3
6971,14
6972,1
6973,0
6974,16
6975,11
6976,16
6977,19
6978,13
6979,9
6980,2
6981,15
6982,5
6983,10
6984,5
6985,7
6986,5
6987,9
6988,17
6989,13
6990,5
6991,6
6992,12
6993,3
6994,0
6995,3
6996,8
6997,7
6998,14
6999,13
7000,67
7001,39
7002,43
7003,10
7004,38
7005,4
7006,25
7007,8
7008,15
7009,17
7010,3
7011,11
7012,15
7013,24
7014,25
7015,18
7016,11
7017,42
7018,15
7019,6
7020,5
7021,2
7022,31
7023,30
7024,13
7025,16
7026,16
7027,33
7028,31
7029,18
7030,17
7031,21
7032,7
7033,36
7034,8
7035,31
7036,14
7037,44
7038,8
7039,6
7040,2
7041,19
7042,21
7043,9
7044,20
7045,28
7046,18
7047,23
7048,70
7049,12
7050,8
7051,4
7052,4
7053,1
7054,7
7055,17
7056,1
7057,17
7058,15
7059,12
7060,13
7061,13
7062,41
7063,2
7064,18
7065,0
7066,6
7067,0
7068,1
7069,0
7070,0
7071,0
7072,0
7073,2
7074,14
7075,0
7076,3
7077,0
7078,7
7079,14
7080,1
7081,13
7082,10
7083,6
7084,7
7085,6
7086,8
7087,4
7088,11
7089,6
7090,1
7091,18
7092,6
7093,3
7094,16
7095,14
7096,8
7097,4
7098,9
7099,10
7100,32
7101,16
7102,20
7103,14
7104,9
7105,3
7106,11
7107,44
7108,39
7109,26
7110,12
7111,12
7112,68
7113,32
7114,25
7115,40
7116,16
7117,16
7118,4
7119,26
7120,2
7121,21
7122,29
7123,9
7124,22
7125,18
7126,34
7127,17
7128,0
7129,8
7130,32
7131,19
7132,18
7133,9
7134,22
7135,0
7136,37
7137,24
7138,5
7139,3
7140,45
7141,7
7142,6
7143,31
7144,0
7145,10
7146,19
7147,15
7148,43
7149,0
7150,19
7151,4
7152,9
7153,1
7154,0
7155,42
7156,15
7157,14
7158,3
7159,14
7160,0
7161,7
7162,13
7163,17
7164,1
7165,8
7166,1
7167,3
7168,2
7169,0
7170,18
7171,0
7172,14
7173,2
7174,5
7175,0
7176,0
7177,15
7178,15
7179,7
7180,8
7181,8
7182,13
7183,11
7184,9
7185,17
7186,5
7187,1
7188,7
7189,7
7190,12
7191,2
7192,9
7193,11
7194,19
7195,10
7196,4
7197,5
7198,7
7199,0
7200,40
7201,30
7202,20
7203,10
7204,33
7205,17
7206,15
7207,21
7208,8
7209,45
7210,13
7211,27
7212,2
7213,69
7214,17
7215,1
7216,41
7217,22
7218,13
7219,33
7220,12
7221,5
7222,4
7223,16
7224,23
7225,35
7226,18
7227,9
7228,1
7229,33
7230,19
7231,20
7232,10
7233,23
7234,10
7235,1
7236,38
7237,25
7238,7
7239,4
7240,6
7241,46
7242,3
7243,8
7244,11
7245,32
7246,1
7247,16
7248,27
7249,8
7250,17
7251,16
7252,0
7253,4
7254,0
7255,0
7256,6
7257,1
7258,3
7259,1
7260,2
7261,15
7262,0
7263,0
7264,2
7265,43
7266,1
7267,8
7268,10
7269,15
7270,4
7271,9
7272,3
7273,0
7274,2
7275,16
7276,10
7277,0
7278,9
7279,9
7280,12
7281,6
7282,14
7283,1
7284,10
7285,13
7286,19
7287,5
7288,8
7289,8
7290,18
7291,11
7292,12
7293,3
7294,6
7295,5
7296,0
7297,0
7298,6
7299,15
7300,11
7301,16
7302,6
7303,12
7304,21
7305,4
7306,3
7307,31
7308,33
7309,9
7310,0
7311,17
7312,18
7313,46
7314,70
7315,41
7316,28
7317,7
7318,9
7319,18
7320,24
7321,34
7322,13
7323,24
7324,5
7325,14
7326,36
7327,10
7328,2
7329,19
7330,20
7331,34
7332,21
7333,11
7334,2
7335,47
7336,2
7337,11
7338,10
7339,39
7340,5
7341,4
7342,17
7343,26
7344,2
7345,9
7346,7
7347,8
7348,6
7349,28
7350,14
7351,3
7352,4
7353,11
7354,1
7355,3
7356,7
7357,2
7358,44
7359,4
7360,0
7361,2
7362,10
7363,15
7364,0
7365,0
7366,17
7367,0
7368,4
7369,9
7370,1
7371,0
7372,3
7373,5
7374,13
7375,3
7376,1
7377,2
7378,9
7379,13
7380,6
7381,10
7382,9
7383,14
7384,11
7385,2
7386,9
7387,1
7388,15
7389,12
7390,4
7391,16
7392,1
7393,7
7394,3
7395,4
7396,7
7397,19
7398,5
7399,18
7400,5
7401,17
7402,34
7403,7
7404,13
7405,10
7406,3
7407,32
7408,7
7409,12
7410,0
7411,22
7412,0
7413,47
7414,35
7415,71
7416,15
7417,19
7418,0
7419,14
7420,48
7421,8
7422,14
7423,6
7424,25
7425,2
7426,11
7427,3
7428,37
7429,20
7430,21
7431,35
7432,22
7433,5
7434,12
7435,27
7436,3
7437,9
7438,0
7439,4
7440,3
7441,6
7442,10
7443,40
7444,18
7445,8
7446,25
7447,12
7448,29
7449,42
7450,19
7451,0
7452,1
7453,2
7454,1
7455,5
7456,4
7457,2
7458,17
7459,5
7460,3
7461,19
7462,1
7463,16
7464,1
7465,0
7466,5
7467,10
7468,0
7469,45
7470,14
7471,33
7472,6
7473,6
7474,3
7475,18
7476,0
7477,2
7478,7
7479,10
7480,15
7481,13
7482,18
7483,3
7484,15
7485,5
7486,11
7487,10
7488,12
7489,11
7490,10
7491,0
7492,4
7493,4
7494,8
7495,8
7496,11
7497,6
7498,16
7499,3
7500,0
7501,33
7502,18
7503,4
7504,9
7505,14
7506,26
7507,6
7508,35
7509,0
7510,4
7511,36
7512,72
7513,15
7514,23
7515,1
7516,8
7517,30
7518,13
7519,20
7520,26
7521,48
7522,28
7523,23
7524,49
7525,11
7526,12
7527,4
7528,38
7529,22
7530,21
7531,6
7532,36
7533,5
7534,10
7535,8
7536,4
7537,13
7538,7
7539,9
7540,11
7541,7
7542,41
7543,8
7544,19
7545,15
7546,11
7547,13
7548,16
7549,3
7550,4
7551,4
7552,0
7553,2
7554,6
7555,6
7556,12
7557,12
7558,7
7559,17
7560,0
7561,1
7562,17
7563,0
7564,1
7565,11
7566,2
7567,3
7568,34
7569,0
7570,46
7571,5
7572,3
7573,2
7574,11
7575,0
7576,18
7577,1
7578,6
7579,14
7580,4
7581,16
7582,3
7583,9
7584,4
7585,7
7586,5
7587,5
7588,11
7589,16
7590,2
7591,0
7592,6
7593,13
7594,5
7595,3
7596,9
7597,19
7598,3
7599,12
7600,49
7601,34
7602,7
7603,10
7604,9
7605,5
7606,29
7607,16
7608,19
7609,36
7610,5
7611,24
7612,9
7613,73
7614,15
7615,3
7616,2
7617,17
7618,37
7619,2
7620,1
7621,4
7622,50
7623,14
7624,16
7625,7
7626,13
7627,5
7628,39
7629,23
7630,5
7631,22
7632,6
7633,7
7634,11
7635,20
7636,9
7637,14
7638,24
7639,27
7640,8
7641,12
7642,42
7643,27
7644,12
7645,10
7646,8
7647,37
7648,31
7649,13
7650,12
7651,4
7652,14
7653,7
7654,10
7655,8
7656,2
7657,7
7658,4
7659,1
7660,0
7661,17
7662,0
7663,18
7664,3
7665,35
7666,34
7667,1
7668,0
7669,12
7670,13
7671,0
7672,0
7673,0
7674,3
7675,15
7676,5
7677,4
7678,4
7679,5
7680,10
7681,2
7682,1
7683,6
7684,8
7685,5
7686,13
7687,0
7688,6
7689,7
7690,6
7691,14
7692,1
7693,12
7694,17
7695,0
7696,0
7697,4
7698,12
7699,5
7700,2
7701,6
7702,30
7703,51
7704,8
7705,1
7706,11
7707,5
7708,20
7709,50
7710,8
7711,35
7712,10
7713,6
7714,37
7715,6
7716,4
7717,5
7718,74
7719,0
7720,0
7721,10
7722,43
7723,15
7724,13
7725,13
7726,14
7727,6
7728,7
7729,40
7730,6
7731,24
7732,8
7733,23
7734,12
7735,3
7736,10
7737,15
7738,13
7739,25
7740,9
7741,28
7742,17
7743,9
7744,11
7745,21
7746,28
7747,38
7748,16
7749,18
7750,7
7751,15
7752,3
7753,5
7754,1
7755,2
7756,36
7757,18
7758,8
7759,11
7760,4
7761,8
7762,35
7763,15
7764,19
7765,56
7766,1
7767,26
7768,0
7769,5
7770,0
7771,1
7772,0
7773,2
7774,1
7775,0
7776,9
7777,1
7778,3
7779,3
7780,11
7781,9
7782,7
7783,2
7784,9
7785,13
7786,6
7787,8
7788,16
7789,7
7790,13
7791,5
7792,4
7793,17
7794,18
7795,5
7796,14
7797,6
7798,6
7799,2
7800,3
7801,31
7802,6
7803,29
7804,21
7805,29
7806,0
7807,7
7808,2
7809,7
7810,75
7811,11
7812,7
7813,11
7814,5
7815,36
7816,51
7817,4
7818,4
7819,9
7820,12
7821,0
7822,14
7823,10
7824,9
7825,8
7826,15
7827,7
7828,8
7829,9
7830,11
7831,7
7832,41
7833,13
7834,25
7835,44
7836,24
7837,14
7838,0
7839,16
7840,16
7841,18
7842,26
7843,10
7844,12
7845,22
7846,52
7847,39
7848,10
7849,9
7850,17
7851,37
7852,19
7853,6
7854,3
7855,0
7856,57
7857,4
7858,10
7859,1
7860,9
7861,7
7862,36
7863,2
7864,18
7865,16
7866,2
7867,19
7868,1
7869,27
7870,20
7871,3
7872,8
7873,5
7874,9
7875,0
7876,6
7877,2
7878,9
7879,2
7880,2
7881,7
7882,6
7883,0
7884,3
7885,4
7886,3
7887,17
7888,12
7889,14
7890,19
7891,1
7892,15
7893,10
7894,6
7895,8
7896,14
7897,5
7898,14
7899,7
7900,4
7901,13
7902,45
7903,13
7904,22
7905,15
7906,30
7907,8
7908,30
7909,6
7910,8
7911,12
7912,32
7913,7
7914,5
7915,1
7916,8
7917,3
7918,5
7919,37
7920,53
7921,58
7922,3
7923,52
7924,23
7925,16
7926,9
7927,8
7928,10
7929,12
7930,8
7931,42
7932,14
7933,26
7934,25
7935,0
7936,15
7937,1
7938,17
7939,19
7940,11
7941,17
7942,10
7943,5
7944,7
7945,27
7946,11
7947,40
7948,10
7949,9
7950,9
7951,1
7952,8
7953,15
7954,2
7955,0
7956,3
7957,37
7958,3
7959,6
7960,2
7961,5
7962,28
7963,11
7964,2
7965,0
7966,1
7967,2
7968,4
7969,10
7970,19
7971,0
7972,17
7973,0
7974,8
7975,0
7976,38
7977,16
7978,12
7979,3
7980,13
7981,10
7982,11
7983,8
7984,4
7985,2
7986,4
7987,15
7988,3
7989,11
7990,6
7991,18
7992,10
7993,7
7994,15
7995,7
7996,18
7997,9
7998,7
7999,4
8000,6
8001,7
8002,14
8003,14
8004,46
8005,54
8006,2
8007,31
8008,4
8009,8
8010,11
8011,13
8012,16
8013,5
8014,31
8015,6
8016,59
8017,6
8018,33
8019,10
8020,18
8021,12
8022,9
8023,41
8024,12
8025,9
8026,17
8027,10
8028,9
8029,11
8030,13
8031,9
8032,15
8033,43
8034,2
8035,28
8036,27
8037,26
8038,20
8039,0
8040,0
8041,8
8042,18
8043,11
8044,4
8045,23
8046,24
8047,16
8048,38
8049,10
8050,3
8051,1
8052,19
8053,4
8054,16
8055,1
8056,38
8057,0
8058,4
8059,1
8060,3
8061,19
8062,7
8063,29
8064,3
8065,0
8066,3
8067,0
8068,5
8069,9
8070,0
8071,12
8072,2
8073,1
8074,6
8075,0
8076,9
8077,17
8078,4
8079,14
8080,9
8081,11
8082,13
8083,5
8084,9
8085,4
8086,12
8087,8
8088,8
8089,5
8090,8
8091,2
8092,39
8093,5
8094,10
8095,12
8096,7
8097,11
8098,16
8099,16
8100,19
8101,15
8102,4
8103,9
8104,29
8105,8
8106,47
8107,6
8108,14
8109,7
8110,7
8111,60
8112,32
8113,12
8114,13
8115,11
8116,0
8117,32
8118,7
8119,17
8120,55
8121,15
8122,24
8123,9
8124,10
8125,34
8126,11
8127,18
8128,10
8129,12
8130,14
8131,10
8132,44
8133,3
8134,16
8135,3
8136,17
8137,27
8138,28
8139,42
8140,5
8141,12
8142,21
8143,1
8144,19
8145,5
8146,25
8147,0
8148,5
8149,11
8150,10
8151,40
8152,9
8153,17
8154,5
8155,18
8156,39
8157,0
8158,2
8159,4
8160,0
8161,13
8162,5
8163,17
8164,4
8165,1
8166,1
8167,4
8168,0
8169,6
8170,8
8171,2
8172,0
8173,30
8174,6
8175,0
8176,12
8177,10
8178,12
8179,5
8180,15
8181,10
8182,9
8183,6
8184,9
8185,10
8186,17
8187,6
8188,13
8189,11
8190,1
8191,0
8192,2
8193,3
8194,13
8195,0
8196,7
8197,2
8198,14
8199,8
8200,25
8201,30
8202,48
8203,9
8204,61
8205,56
8206,20
8207,8
8208,15
8209,13
8210,6
8211,20
8212,0
8213,16
8214,12
8215,16
8216,13
8217,33
8218,2
8219,8
8220,26
8221,7
8222,10
8223,29
8224,4
8225,35
8226,12
8227,19
8228,15
8229,11
8230,13
8231,45
8232,4
8233,11
8234,18
8235,0
8236,17
8237,28
8238,6
8239,13
8240,43
8241,11
8242,6
8243,22
8244,1
8245,2
8246,5
8247,10
8248,11
8249,7
8250,12
8251,11
8252,14
8253,41
8254,16
8255,18
8256,10
8257,1
8258,19
8259,40
8260,5
8261,7
8262,0
8263,1
8264,5
8265,6
8266,1
8267,2
8268,1
8269,5
8270,0
8271,2
8272,1
8273,0
8274,31
8275,3
8276,15
8277,3
8278,8
8279,6
8280,1
8281,1
8282,14
8283,18
8284,4
8285,10
8286,18
8287,7
8288,3
8289,3
8290,6
8291,10
8292,13
8293,9
8294,14
8295,12
8296,11
8297,8
8298,14
8299,11
8300,9
8301,14
8302,57
8303,10
8304,62
8305,3
8306,2
8307,21
8308,27
8309,49
8310,34
8311,7
8312,16
8313,4
8314,12
8315,31
8316,13
8317,8
8318,26
8319,9
8320,23
8321,8
8322,5
8323,7
8324,11
8325,21
8326,13
8327,20
8328,16
8329,14
8330,12
8331,5
8332,19
8333,46
8334,11
8335,11
8336,18
8337,0
8338,12
8339,12
8340,7
8341,14
8342,30
8343,6
8344,44
8345,3
8346,2
8347,29
8348,5
8349,17
8350,14
8351,6
8352,12
8353,8
8354,3
8355,19
8356,1
8357,6
8358,2
8359,12
8360,3
8361,41
8362,15
8363,42
8364,1
8365,0
8366,2
8367,7
8368,0
8369,6
8370,3
8371,9
8372,2
8373,2
8374,11
8375,17
8376,1
8377,4
8378,9
8379,4
8380,7
8381,19
8382,8
8383,17
8384,19
8385,10
8386,15
8387,13
8388,16
8389,11
8390,13
8391,2
8392,7
8393,14
8394,15
8395,12
8396,32
8397,15
8398,1
8399,0
8400,28
8401,15
8402,10
8403,6
8404,5
8405,24
8406,11
8407,58
8408,63
8409,13
8410,6
8411,8
8412,50
8413,9
8414,22
8415,32
8416,10
8417,17
8418,0
8419,35
8420,12
8421,9
8422,31
8423,13
8424,45
8425,12
8426,14
8427,17
8428,21
8429,15
8430,13
8431,0
8432,6
8433,3
8434,12
8435,3
8436,20
8437,47
8438,19
8439,30
8440,7
8441,8
8442,4
8443,4
8444,15
8445,13
8446,1
8447,8
8448,27
8449,3
8450,15
8451,14
8452,0
8453,16
8454,17
8455,4
8456,42
8457,3
8458,9
8459,12
8460,13
8461,33
8462,0
8463,3
8464,1
8465,8
8466,7
8467,4
8468,13
8469,0
8470,16
8471,0
8472,0
8473,3
8474,2
8475,8
8476,13
8477,7
8478,10
8479,5
8480,14
8481,9
8482,20
8483,12
8484,18
8485,14
8486,15
8487,1
8488,16
8489,2
8490,2
8491,11
8492,8
8493,4
8494,18
8495,7
8496,5
8497,0
8498,16
8499,8
8500,25
8501,29
8502,64
8503,14
8504,32
8505,12
8506,7
8507,59
8508,11
8509,16
8510,11
8511,10
8512,9
8513,7
8514,10
8515,10
8516,4
8517,51
8518,36
8519,18
8520,6
8521,14
8522,13
8523,8
8524,16
8525,11
8526,15
8527,18
8528,22
8529,4
8530,16
8531,14
8532,7
8533,13
8534,1
8535,4
8536,9
8537,14
8538,48
8539,5
8540,46
8541,9
8542,5
8543,0
8544,20
8545,31
8546,2
8547,21
8548,23
8549,4
8550,3
8551,9
8552,4
8553,9
8554,15
8555,17
8556,14
8557,2
8558,4
8559,18
8560,4
8561,14
8562,10
8563,13
8564,14
8565,0
8566,1
8567,5
8568,0
8569,17
8570,9
8571,0
8572,8
8573,1
8574,34
8575,0
8576,17
8577,9
8578,3
8579,13
8580,5
8581,17
8582,16
8583,2
8584,8
8585,16
8586,15
8587,19
8588,6
8589,6
8590,13
8591,1
8592,43
8593,3
8594,15
8595,5
8596,19
8597,1
8598,12
8599,8
8600,19
8601,15
8602,11
8603,5
8604,30
8605,12
8606,13
8607,15
8608,33
8609,60
8610,26
8611,1
8612,10
8613,17
8614,8
8615,4
8616,11
8617,52
8618,11
8619,7
8620,14
8621,6
8622,65
8623,0
8624,5
8625,5
8626,19
8627,6
8628,23
8629,17
8630,15
8631,6
8632,14
8633,2
8634,10
8635,8
8636,8
8637,9
8638,15
8639,49
8640,10
8641,7
8642,32
8643,3
8644,21
8645,17
8646,47
8647,22
8648,37
8649,16
8650,2
8651,35
8652,5
8653,18
8654,14
8655,2
8656,0
8657,11
8658,10
8659,18
8660,1
8661,2
8662,10
8663,1
8664,16
8665,1
8666,0
8667,14
8668,0
8669,5
8670,6
8671,15
8672,0
8673,10
8674,15
8675,9
8676,16
8677,5
8678,3
8679,6
8680,9
8681,12
8682,2
8683,17
8684,4
8685,12
8686,14
8687,17
8688,18
8689,4
8690,44
8691,13
8692,19
8693,2
8694,16
8695,9
8696,3
8697,5
8698,15
8699,7
8700,31
8701,14
8702,16
8703,9
8704,48
8705,15
8706,22
8707,13
8708,18
8709,3
8710,10
8711,5
8712,9
8713,16
8714,61
8715,34
8716,3
8717,20
8718,11
8719,7
8720,66
8721,7
8722,6
8723,16
8724,12
8725,8
8726,0
8727,2
8728,6
8729,20
8730,17
8731,7
8732,7
8733,15
8734,3
8735,6
8736,18
8737,11
8738,9
8739,10
8740,16
8741,23
8742,8
8743,11
8744,50
8745,33
8746,4
8747,24
8748,18
8749,13
8750,12
8751,19
8752,2
8753,12
8754,0
8755,11
8756,19
8757,17
8758,1
8759,0
8760,1
8761,3
8762,0
8763,6
8764,15
8765,1
8766,15
8767,11
8768,17
8769,0
8770,1
8771,7
8772,0
8773,2
8774,16
8775,13
8776,3
8777,36
8778,19
8779,4
8780,5
8781,18
8782,18
8783,12
8784,10
8785,5
8786,8
8787,3
8788,13
8789,6
8790,15
8791,4
8792,16
8793,10
8794,2
8795,6
8796,17
8797,14
8798,6
8799,45
8800,11
8801,8
8802,49
8803,7
8804,67
8805,4
8806,17
8807,16
8808,10
8809,14
8810,35
8811,6
8812,32
8813,10
8814,17
8815,8
8816,19
8817,5
8818,62
8819,15
8820,7
8821,23
8822,4
8823,25
8824,12
8825,12
8826,1
8827,7
8828,3
8829,4
8830,21
8831,8
8832,8
8833,18
8834,16
8835,34
8836,12
8837,17
8838,19
8839,11
8840,17
8841,9
8842,24
8843,51
8844,13
8845,5
8846,0
8847,10
8848,4
8849,9
8850,6
8851,12
8852,17
8853,1
8854,15
8855,0
8856,1
8857,2
8858,4
8859,2
8860,7
8861,1
8862,3
8863,18
8864,0
8865,2
8866,1
8867,2
8868,4
8869,16
8870,0
8871,18
8872,8
8873,0
8874,18
8875,16
8876,17
8877,4
8878,19
8879,19
8880,1
8881,6
8882,11
8883,13
8884,13
8885,19
8886,9
8887,14
8888,14
8889,46
8890,5
8891,13
8892,16
8893,7
8894,11
8895,7
8896,3
8897,37
8898,7
8899,3
8900,17
8901,11
8902,50
8903,8
8904,12
8905,11
8906,13
8907,6
8908,7
8909,5
8910,7
8911,68
8912,9
8913,15
8914,63
8915,13
8916,24
8917,18
8918,33
8919,36
8920,35
8921,9
8922,18
8923,10
8924,8
8925,20
8926,8
8927,2
8928,4
8929,5
8930,9
8931,22
8932,19
8933,9
8934,11
8935,5
8936,17
8937,12
8938,20
8939,18
8940,26
8941,18
8942,14
8943,5
8944,6
8945,25
8946,52
8947,13
8948,20
8949,10
8950,7
8951,18
8952,8
8953,16
8954,18
8955,19
8956,5
8957,1
8958,0
8959,3
8960,1
8961,1
8962,3
8963,2
8964,1
8965,0
8966,17
8967,8
8968,0
8969,5
8970,17
8971,0
8972,1
8973,4
8974,13
8975,0
8976,2
8977,3
8978,12
8979,16
8980,4
8981,2
8982,15
8983,14
8984,10
8985,14
8986,47
8987,2
8988,14
8989,15
8990,8
8991,2
8992,8
8993,12
8994,6
8995,38
8996,5
8997,0
8998,8
8999,4
9000,14
9001,12
9002,18
9003,6
9004,8
9005,36
9006,9
9007,7
9008,0
9009,10
9010,34
9011,51
9012,12
9013,10
9014,14
9015,21
9016,8
9017,11
9018,64
9019,5
9020,19
9021,6
9022,13
9023,13
9024,53
9025,15
9026,9
9027,3
9028,5
9029,10
9030,6
9031,23
9032,10
9033,12
9034,20
9035,26
9036,14
9037,11
9038,19
9039,21
9040,15
9041,27
9042,6
9043,19
9044,7
9045,9
9046,0
9047,18
9048,16
9049,18
9050,19
9051,0
9052,3
9053,2
9054,1
9055,9
9056,1
9057,2
9058,19
9059,2
9060,4
9061,1
9062,19
9063,4
9064,0
9065,0
9066,14
9067,0
9068,9
9069,1
9070,1
9071,5
9072,1
9073,17
9074,0
9075,25
9076,14
9077,9
9078,13
9079,8
9080,21
9081,11
9082,3
9083,69
9084,16
9085,3
9086,7
9087,17
9088,3
9089,15
9090,9
9091,15
9092,16
9093,6
9094,5
9095,4
9096,13
9097,39
9098,9
9099,48
9100,19
9101,16
9102,27
9103,11
9104,9
9105,37
9106,10
9107,8
9108,6
9109,1
9110,65
9111,7
9112,15
9113,13
9114,13
9115,12
9116,52
9117,9
9118,15
9119,35
9120,7
9121,11
9122,20
9123,16
9124,20
9125,22
9126,10
9127,4
9128,7
9129,6
9130,11
9131,24
9132,11
9133,15
9134,19
9135,54
9136,12
9137,21
9138,13
9139,20
9140,7
9141,22
9142,0
9143,10
9144,28
9145,8
9146,14
9147,14
9148,20
9149,14
9150,4
9151,15
9152,1
9153,1
9154,2
9155,3
9156,0
9157,15
9158,4
9159,3
9160,3
9161,2
9162,0
9163,5
9164,10
9165,2
9166,18
9167,5
9168,1
9169,10
9170,1
9171,0
9172,0
9173,17
9174,10
9175,11
9176,2
9177,10
9178,4
9179,1
9180,12
9181,4
9182,17
9183,49
9184,17
9185,9
9186,22
9187,16
9188,8
9189,6
9190,18
9191,10
9192,0
9193,40
9194,7
9195,70
9196,5
9197,16
9198,14
9199,0
9200,14
9201,5
9202,38
9203,17
9204,7
9205,10
9206,21
9207,9
9208,12
9209,20
9210,66
9211,2
9212,0
9213,8
9214,14
9215,13
9216,5
9217,10
9218,1
9219,53
9220,55
9221,28
9222,8
9223,22
9224,11
9225,16
9226,11
9227,5
9228,7
9229,12
9230,8
9231,25
9232,17
9233,12
9234,13
9235,12
9236,15
9237,20
9238,8
9239,14
9240,21
9241,15
9242,23
9243,9
9244,11
9245,21
9246,29
9247,16
9248,5
9249,19
9250,16
9251,71
9252,11
9253,1
9254,4
9255,11
9256,17
9257,3
9258,4
9259,6
9260,1
9261,0
9262,5
9263,6
9264,0
9265,2
9266,2
9267,1
9268,0
9269,2
9270,0
9271,0
9272,15
9273,0
9274,0
9275,11
9276,3
9277,10
9278,0
9279,50
9280,2
9281,9
9282,18
9283,2
9284,7
9285,18
9286,11
9287,8
9288,13
9289,6
9290,16
9291,3
9292,19
9293,0
9294,17
9295,16
9296,41
9297,4
9298,3
9299,15
9300,22
9301,12
9302,13
9303,30
9304,8
9305,3
9306,56
9307,39
9308,21
9309,9
9310,9
9311,10
9312,6
9313,3
9314,29
9315,6
9316,14
9317,15
9318,11
9319,54
9320,11
9321,13
9322,22
9323,1
9324,18
9325,12
9326,6
9327,13
9328,9
9329,8
9330,18
9331,14
9332,6
9333,26
9334,13
9335,0
9336,16
9337,0
9338,23
9339,21
9340,17
9341,16
9342,15
9343,12
9344,10
9345,22
9346,24
9347,9
9348,15
9349,67
9350,17
9351,1
9352,1
9353,11
9354,18
9355,12
9356,12
9357,12
9358,5
9359,1
9360,2
9361,2
9362,4
9363,5
9364,7
9365,7
9366,72
9367,0
9368,2
9369,1
9370,0
9371,6
9372,1
9373,0
9374,4
9375,18
9376,0
9377,42
9378,17
9379,14
9380,3
9381,51
9382,1
9383,10
9384,8
9385,19
9386,0
9387,7
9388,17
9389,16
9390,9
9391,4
9392,17
9393,12
9394,5
9395,0
9396,4
9397,2
9398,16
9399,19
9400,9
9401,31
9402,7
9403,14
9404,23
9405,13
9406,4
9407,40
9408,4
9409,22
9410,16
9411,30
9412,14
9413,23
9414,15
9415,4
9416,55
9417,7
9418,10
9419,1
9420,0
9421,11
9422,18
9423,17
9424,12
9425,10
9426,13
9427,7
9428,14
9429,19
9430,10
9431,15
9432,7
9433,9
9434,27
9435,57
9436,10
9437,17
9438,22
9439,24
9440,13
9441,18
9442,19
9443,16
9444,11
9445,25
9446,23
9447,14
9448,8
9449,15
9450,2
9451,0
9452,0
9453,1
9454,3
9455,5
9456,2
9457,1
9458,0
9459,13
9460,19
9461,3
9462,3
9463,1
9464,13
9465,3
9466,8
9467,12
9468,2
9469,6
9470,0
9471,0
9472,8
9473,2
9474,6
9475,0
9476,17
9477,5
9478,1
9479,12
9480,2
9481,18
9482,11
9483,52
9484,5
9485,5
9486,16
9487,0
9488,9
9489,43
9490,13
9491,10
9492,2
9493,13
9494,2
9495,0
9496,6
9497,17
9498,18
9499,18
9500,5
9501,9
9502,10
9503,8
9504,5
9505,15
9506,58
9507,32
9508,14
9509,12
9510,16
9511,16
9512,31
9513,2
9514,41
9515,15
9516,23
9517,24
9518,3
9519,8
9520,5
9521,24
9522,26
9523,14
9524,12
9525,3
9526,14
9527,8
9528,11
9529,15
9530,20
9531,16
9532,8
9533,28
9534,11
9535,24
9536,18
9537,18
9538,23
9539,20
9540,15
9541,25
9542,0
9543,13
9544,19
9545,19
9546,17
9547,10
9548,56
9549,11
9550,3
9551,2
9552,1
9553,3
9554,1
9555,0
9556,1
9557,6
9558,4
9559,0
9560,3
9561,7
9562,4
9563,0
9564,4
9565,14
9566,3
9567,2
9568,9
9569,0
9570,0
9571,14
9572,0
9573,1
9574,2
9575,1
9576,18
9577,4
9578,10
9579,6
9580,12
9581,6
9582,17
9583,1
9584,13
9585,11
9586,19
9587,3
9588,53
9589,11
9590,14
9591,44
9592,14
9593,7
9594,19
9595,17
9596,19
9597,6
9598,18
9599,2
9600,4
9601,6
9602,59
9603,6
9604,11
9605,27
9606,16
9607,4
9608,25
9609,17
9610,9
9611,4
9612,33
9613,42
9614,13
9615,11
9616,32
9617,25
9618,15
9619,0
9620,13
9621,2
9622,18
9623,19
9624,11
9625,0
9626,15
9627,9
9628,21
9629,12
9630,9
9631,16
9632,17
9633,12
9634,10
9635,20
9636,29
9637,24
9638,21
9639,15
9640,20
9641,14
9642,3
9643,26
9644,16
9645,6
9646,9
9647,19
9648,17
9649,7
9650,16
9651,7
9652,4
9653,5
9654,4
9655,5
9656,8
9657,0
9658,1
9659,14
9660,19
9661,1
9662,2
9663,0
9664,5
9665,0
9666,0
9667,10
9668,1
9669,0
9670,0
9671,0
9672,15
9673,4
9674,2
9675,3
9676,1
9677,2
9678,12
9679,4
9680,13
9681,7
9682,18
9683,15
9684,20
9685,12
9686,8
9687,12
9688,3
9689,14
9690,3
9691,7
9692,5
9693,0
9694,0
9695,18
9696,19
9697,15
9698,3
9699,2
9700,4
9701,7
9702,19
9703,17
9704,18
9705,17
9706,7
9707,52
9708,28
9709,21
9710,12
9711,12
9712,60
9713,26
9714,34
9715,43
9716,8
9717,14
9718,33
9719,10
9720,5
9721,14
9722,5
9723,25
9724,12
9725,18
9726,10
9727,16
9728,22
9729,10
9730,13
9731,17
9732,18
9733,13
9734,20
9735,3
9736,11
9737,21
9738,22
9739,20
9740,15
9741,16
9742,0
9743,7
9744,5
9745,27
9746,10
9747,30
9748,8
9749,0
9750,14
9751,8
9752,16
9753,0
9754,2
9755,6
9756,8
9757,3
9758,19
9759,6
9760,3
9761,3
9762,1
9763,5
9764,2
9765,5
9766,6
9767,1
9768,6
9769,1
9770,1
9771,20
9772,2
9773,5
9774,0
9775,5
9776,15
9777,0
9778,16
9779,0
9780,0
9781,4
9782,13
9783,9
9784,13
9785,0
9786,21
9787,1
9788,16
9789,1
9790,17
9791,4
9792,4
9793,13
9794,19
9795,1
9796,1
9797,0
9798,1
9799,3
9800,61
9801,13
9802,5
9803,28
9804,8
9805,18
9806,5
9807,15
9808,18
9809,29
9810,11
9811,19
9812,20
9813,22
9814,27
9815,9
9816,1
9817,35
9818,44
9819,19
9820,6
9821,22
9822,0
9823,1
9824,8
9825,6
9826,11
9827,17
9828,11
9829,23
9830,14
9831,14
9832,4
9833,12
9834,18
9835,17
9836,19
9837,21
9838,23
9839,6
9840,31
9841,16
9842,21
9843,26
9844,8
9845,6
9846,11
9847,22
9848,10
9849,2
9850,9
9851,7
9852,2
9853,4
9854,6
9855,7
9856,3
9857,6
9858,2
9859,3
9860,7
9861,0
9862,6
9863,1
9864,9
9865,0
9866,2
9867,3
9868,0
9869,8
9870,0
9871,0
9872,2
9873,1
9874,9
9875,7
9876,2
9877,1
9878,15
9879,2
9880,5
9881,13
9882,13
9883,15
9884,17
9885,2
9886,14
9887,17
9888,14
9889,5
9890,4
9891,16
9892,14
9893,18
9894,4
9895,2
9896,17
9897,7
9898,3
9899,4
9900,14
9901,6
9902,20
9903,2
9904,19
9905,9
9906,29
9907,6
9908,19
9909,62
9910,23
9911,3
9912,10
9913,30
9914,5
9915,21
9916,10
9917,28
9918,36
9919,3
9920,1
9921,45
9922,27
9923,5
9924,22
9925,20
9926,2
9927,18
9928,12
9929,12
9930,24
9931,13
9932,15
9933,15
9934,23
9935,18
9936,9
9937,7
9938,7
9939,20
9940,19
9941,7
9942,24
9943,12
9944,32
9945,9
9946,17
9947,22
9948,3
9949,0
9950,14
9951,5
9952,15
9953,4
9954,17
9955,6
9956,2
9957,7
9958,3
9959,4
9960,0
9961,7
9962,3
9963,8
9964,4
9965,8
9966,2
9967,1
9968,3
9969,1
9970,1
9971,0
9972,16
9973,7
9974,3
9975,0
9976,4
9977,8
9978,16
9979,6
9980,23
9981,15
9982,12
9983,15
9984,7
9985,18
9986,6
9987,5
9988,11
9989,14
9990,16
9991,19
9992,3
9993,3
9994,8
9995,10
9996,18
9997,18
9998,0
9999,5
10000,6
10001,7
10002,19
10003,3
10004,28
10005,30
10006,23
10007,21
10008,4
10009,20
10010,63
10011,11
10012,6
10013,17
10014,20
10015,11
10016,7
10017,29
10018,4
10019,37
10020,18
10021,7
10022,0
10023,24
10024,33
10025,19
10026,14
10027,13
10028,13
10029,25
10030,24
10031,10
10032,6
10033,23
10034,8
10035,10
10036,16
10037,13
10038,16
10039,8
10040,25
10041,1
10042,4
10043,2
10044,10
10045,21
10046,20
10047,8
10048,46
10049,3
10050,3
10051,19
10052,8
10053,5
10054,5
10055,4
10056,5
10057,25
10058,3
10059,8
10060,4
10061,0
10062,6
10063,16
10064,0
10065,18
10066,9
10067,0
10068,1
10069,2
10070,4
10071,0
10072,9
10073,5
10074,0
10075,12
10076,9
10077,11
10078,7
10079,15
10080,0
10081,16
10082,15
10083,24
10084,16
10085,6
10086,8
10087,0
10088,17
10089,7
10090,4
10091,19
10092,19
10093,15
10094,17
10095,0
10096,4
10097,3
10098,9
10099,13
10100,8
10101,4
10102,24
10103,7
10104,19
10105,5
10106,11
10107,29
10108,1
10109,20
10110,8
10111,1
10112,7
10113,22
10114,13
10115,21
10116,12
10117,38
10118,8
10119,5
10120,34
10121,31
10122,22
10123,5
10124,11
10125,21
10126,4
10127,20
10128,15
10129,14
10130,14
10131,3
10132,25
10133,2
10134,26
10135,21
10136,7
10137,0
10138,17
10139,9
10140,9
10141,24
10142,0
10143,17
10144,14
10145,9
10146,26
10147,11
10148,16
10149,16
10150,18
10151,6
10152,9
10153,9
10154,1
10155,4
10156,6
10157,0
10158,6
10159,5
10160,9
10161,14
10162,3
10163,6
10164,7
10165,2
10166,0
10167,0
10168,17
10169,2
10170,3
10171,5
10172,11
10173,0
10174,12
10175,19
10176,18
10177,10
10178,8
10179,8
10180,1
10181,12
10182,4
10183,13
10184,17
10185,1
10186,5
10187,17
10188,16
10189,7
10190,0
10191,25
10192,20
10193,4
10194,10
10195,5
10196,13
10197,0
10198,10
10199,18
10200,0
10201,20
10202,5
10203,27
10204,22
10205,6
10206,2
10207,8
10208,30
10209,25
10210,22
10211,2
10212,21
10213,0
10214,13
10215,32
10216,9
10217,19
10218,2
10219,13
10220,12
10221,23
10222,23
10223,1
10224,35
10225,6
10226,5
10227,16
10228,21
10229,15
10230,3
10231,15
10232,26
10233,6
10234,12
10235,8
10236,8
10237,4
10238,10
10239,1
10240,10
10241,25
10242,15
10243,18
10244,10
10245,18
10246,12
10247,27
10248,9
10249,102
10250,2
10251,1
10252,19
10253,7
10254,13
10255,26
10256,3
10257,8
10258,2
10259,10
10260,0
10261,7
10262,4
10263,0
10264,3
10265,1
10266,15
10267,9
10268,0
10269,10
10270,6
10271,0
10272,1
10273,7
10274,7
10275,0
10276,21
10277,4
10278,9
10279,17
10280,18
10281,17
10282,6
10283,8
10284,9
10285,6
10286,6
10287,5
10288,14
10289,19
10290,11
10291,18
10292,5
10293,14
10294,5
10295,11
10296,1
10297,10
10298,17
10299,9
10300,31
10301,21
10302,24
10303,3
10304,23
10305,24
10306,7
10307,10
10308,28
10309,26
10310,14
10311,10
10312,10
10313,103
10314,9
10315,20
10316,33
10317,14
10318,7
10319,22
10320,13
10321,3
10322,36
10323,5
10324,2
10325,3
10326,6
10327,17
10328,4
10329,7
10330,27
10331,9
10332,22
10333,16
10334,9
10335,19
10336,16
10337,6
10338,11
10339,28
10340,11
10341,26
10342,16
10343,19
10344,2
10345,13
10346,11
10347,13
10348,23
10349,18
10350,7
10351,12
10352,1
10353,4
10354,0
10355,5
10356,5
10357,10
10358,4
10359,10
10360,7
10361,22
10362,18
10363,0
10364,1
10365,9
10366,0
10367,2
10368,0
10369,8
10370,5
10371,0
10372,16
10373,8
10374,6
10375,0
10376,8
10377,15
10378,9
10379,3
10380,1
10381,18
10382,1
10383,6
10384,0
10385,7
10386,2
10387,19
10388,12
10389,2
10390,15
10391,19
10392,0
10393,2
10394,6
10395,11
10396,10
10397,7
10398,8
10399,6
10400,0
10401,24
10402,25
10403,37
10404,25
10405,8
10406,4
10407,104
10408,4
10409,11
10410,7
10411,11
10412,21
10413,32
10414,11
10415,3
10416,0
10417,22
10418,27
10419,8
10420,14
10421,29
10422,20
10423,6
10424,12
10425,19
10426,7
10427,18
10428,5
10429,10
10430,8
10431,28
10432,10
10433,14
10434,17
10435,3
10436,23
10437,12
10438,0
10439,7
10440,29
10441,12
10442,17
10443,27
10444,14
10445,3
10446,20
10447,17
10448,34
10449,9
10450,8
10451,8
10452,5
10453,16
10454,9
10455,6
10456,0
10457,20
10458,23
10459,6
10460,3
10461,8
10462,0
10463,0
10464,2
10465,10
10466,13
10467,1
10468,0
10469,19
10470,6
10471,1
10472,11
10473,16
10474,5
10475,4
10476,0
10477,3
10478,15
10479,0
10480,15
10481,10
10482,19
10483,13
10484,10
10485,7
10486,3
10487,4
10488,4
10489,3
10490,0
10491,2
10492,11
10493,7
10494,8
10495,2
10496,11
10497,12
10498,9
10499,0
10500,5
10501,5
10502,26
10503,9
10504,30
10505,25
10506,26
10507,35
10508,15
10509,12
10510,22
10511,11
10512,33
10513,4
10514,12
10515,23
10516,8
10517,28
10518,9
10519,4
10520,5
10521,12
10522,4
10523,7
10524,21
10525,20
10526,8
10527,6
10528,19
10529,9
10530,24
10531,29
10532,11
10533,18
10534,18
10535,38
10536,15
10537,13
10538,15
10539,8
10540,4
10541,21
10542,13
10543,13
10544,30
10545,18
10546,28
10547,11
10548,0
10549,4
10550,12
10551,8
10552,10
10553,5
10554,8
10555,17
10556,7
10557,8
10558,13
10559,7
10560,10
10561,1
10562,14
10563,12
10564,2
10565,7
10566,0
10567,1
10568,0
10569,3
10570,18
10571,0
10572,19
10573,7
10574,6
10575,0
10576,12
10577,17
10578,9
10579,14
10580,8
10581,16
10582,16
10583,4
10584,1
10585,10
10586,9
10587,4
10588,9
10589,15
10590,10
10591,24
10592,6
10593,5
10594,1
10595,3
10596,9
10597,3
10598,11
10599,11
10600,6
10601,5
10602,16
10603,36
10604,27
10605,10
10606,6
10607,0
10608,26
10609,27
10610,10
10611,12
10612,13
10613,31
10614,9
10615,13
10616,13
10617,29
10618,23
10619,5
10620,6
10621,34
10622,22
10623,16
10624,29
10625,21
10626,7
10627,9
10628,20
10629,12
10630,10
10631,25
10632,19
10633,30
10634,16
10635,5
10636,19
10637,14
10638,8
10639,22
10640,9
10641,5
10642,14
10643,39
10644,31
10645,14
10646,19
10647,12
10648,10
10649,0
10650,15
10651,1
10652,18
10653,8
10654,18
10655,8
10656,4
10657,16
10658,11
10659,2
10660,15
10661,8
10662,19
10663,6
10664,0
10665,0
10666,13
10667,0
10668,4
10669,0
10670,0
10671,0
10672,24
10673,10
10674,12
10675,1
10676,14
10677,8
10678,5
10679,10
10680,13
10681,5
10682,12
10683,9
10684,2
10685,4
10686,7
10687,4
10688,17
10689,17
10690,11
10691,7
10692,9
10693,10
10694,11
10695,2
10696,10
10697,13
10698,25
10699,9
10700,28
10701,23
10702,35
10703,14
10704,17
10705,28
10706,10
10707,6
10708,6
10709,27
10710,24
10711,7
10712,0
10713,14
10714,11
10715,6
10716,0
10717,30
10718,11
10719,14
10720,30
10721,37
10722,7
10723,11
10724,32
10725,10
10726,21
10727,13
10728,31
10729,11
10730,17
10731,13
10732,20
10733,26
10734,20
10735,23
10736,15
10737,6
10738,17
10739,10
10740,0
10741,15
10742,15
10743,6
10744,40
10745,20
10746,7
10747,9
10748,11
10749,8
10750,16
10751,3
10752,9
10753,11
10754,2
10755,13
10756,19
10757,1
10758,15
10759,0
10760,19
10761,5
10762,1
10763,16
10764,1
10765,5
10766,1
10767,17
10768,0
10769,1
10770,0
10771,20
10772,0
10773,0
10774,0
10775,6
10776,1
10777,5
10778,1
10779,13
10780,8
10781,13
10782,18
10783,5
10784,18
10785,3
10786,10
10787,2
10788,11
10789,12
10790,8
10791,12
10792,14
10793,14
10794,11
10795,9
10796,10
10797,3
10798,9
10799,10
10800,24
10801,36
10802,7
10803,41
10804,29
10805,1
10806,33
10807,15
10808,31
10809,1
10810,38
10811,29
10812,18
10813,15
10814,8
10815,28
10816,7
10817,12
10818,6
10819,0
10820,8
10821,0
10822,21
10823,7
10824,24
10825,9
10826,14
10827,11
10828,22
10829,21
10830,12
10831,32
10832,0
10833,18
10834,27
10835,7
10836,14
10837,17
10838,16
10839,10
10840,21
10841,8
10842,7
10843,11
10844,16
10845,16
10846,11
10847,18
10848,9
10849,12
10850,11
10851,4
10852,10
10853,4
10854,15
10855,2
10856,18
10857,2
10858,2
10859,2
10860,6
10861,1
10862,14
10863,1
10864,0
10865,20
10866,2
10867,1
10868,0
10869,17
10870,0
10871,7
10872,2
10873,12
10874,6
10875,2
10876,10
10877,12
10878,12
10879,15
10880,3
10881,12
10882,12
10883,9
10884,11
10885,4
10886,19
10887,13
10888,6
10889,14
10890,14
10891,13
10892,19
10893,11
10894,3
10895,2
10896,1
10897,10
10898,0
10899,15
10900,30
10901,13
10902,37
10903,25
10904,30
10905,34
10906,22
10907,4
10908,2
10909,16
10910,7
10911,10
10912,8
10913,8
10914,16
10915,13
10916,18
10917,39
10918,9
10919,42
10920,32
10921,17
10922,17
10923,9
10924,29
10925,10
10926,15
10927,23
10928,12
10929,22
10930,1
10931,13
10932,33
10933,19
10934,12
10935,19
10936,15
10937,9
10938,11
10939,8
10940,12
10941,22
10942,8
10943,2
10944,8
10945,17
10946,28
10947,8
10948,12
10949,19
10950,15
10951,15
10952,11
10953,1
10954,0
10955,3
10956,16
10957,1
10958,0
10959,15
10960,3
10961,7
10962,1
10963,2
10964,3
10965,1
10966,0
10967,4
10968,0
10969,13
10970,3
10971,0
10972,2
10973,2
10974,21
10975,5
10976,13
10977,4
10978,3
10979,0
10980,10
10981,13
10982,13
10983,5
10984,14
10985,14
10986,16
10987,7
10988,12
10989,11
10990,2
10991,11
10992,1
10993,7
10994,12
10995,5
10996,0
10997,13
10998,3
10999,16
11000,26
11001,35
11002,8
11003,9
11004,14
11005,18
11006,13
11007,31
11008,3
11009,9
11010,5
11011,23
11012,33
11013,1
11014,17
11015,5
11016,40
11017,9
11018,14
11019,19
11020,8
11021,38
11022,13
11023,10
11024,18
11025,4
11026,11
11027,16
11028,24
11029,13
11030,2
11031,14
11032,34
11033,20
11034,23
11035,11
11036,20
11037,29
11038,3
11039,1
11040,16
11041,13
11042,18
11043,12
11044,43
11045,9
11046,23
11047,9
11048,10
11049,10
11050,11
11051,8
11052,3
11053,0
11054,4
11055,14
11056,16
11057,2
11058,13
11059,14
11060,4
11061,14
11062,2
11063,0
11064,16
11065,16
11066,0
11067,0
11068,3
11069,4
11070,17
11071,22
11072,14
11073,4
11074,12
11075,5
11076,0
11077,1
11078,13
11079,17
11080,2
11081,3
11082,6
11083,17
11084,14
11085,15
11086,8
11087,12
11088,9
11089,6
11090,15
11091,2
11092,1
11093,3
11094,6
11095,17
11096,4
11097,4
11098,12
11099,4
11100,4
11101,6
11102,9
11103,15
11104,39
11105,32
11106,24
11107,3
11108,0
11109,19
11110,34
11111,4
11112,0
11113,36
11114,5
11115,10
11116,6
11117,24
11118,15
11119,20
11120,19
11121,27
11122,2
11123,12
11124,13
11125,17
11126,25
11127,3
11128,14
11129,2
11130,15
11131,35
11132,4
11133,24
11134,10
11135,14
11136,21
11137,44
11138,21
11139,30
11140,14
11141,14
11142,19
11143,10
11144,17
11145,11
11146,12
11147,11
11148,12
11149,9
11150,10
11151,13
11152,4
11153,3
11154,18
11155,1
11156,4
11157,17
11158,5
11159,3
11160,1
11161,9
11162,5
11163,15
11164,17
11165,2
11166,0
11167,15
11168,0
11169,23
11170,0
11171,5
11172,0
11173,5
11174,5
11175,11
11176,0
11177,1
11178,0
11179,10
11180,18
11181,15
11182,7
11183,2
11184,2
11185,7
11186,18
11187,14
11188,10
11189,13
11190,16
11191,7
11192,3
11193,15
11194,18
11195,5
11196,9
11197,16
11198,13
11199,5
11200,18
11201,6
11202,10
11203,20
11204,25
11205,33
11206,5
11207,14
11208,5
11209,16
11210,3
11211,28
11212,20
11213,16
11214,13
11215,4
11216,6
11217,11
11218,37
11219,12
11220,35
11221,15
11222,11
11223,11
11224,13
11225,18
11226,26
11227,3
11228,4
11229,5
11230,15
11231,36
11232,16
11233,15
11234,13
11235,45
11236,21
11237,12
11238,25
11239,22
11240,31
11241,22
11242,15
11243,40
11244,20
11245,3
11246,7
11247,0
11248,3
11249,0
11250,19
11251,0
11252,4
11253,5
11254,6
11255,19
11256,0
11257,0
11258,6
11259,0
11260,16
11261,4
11262,0
11263,2
11264,4
11265,6
11266,0
11267,0
11268,0
11269,2
11270,0
11271,10
11272,5
11273,14
11274,12
11275,6
11276,0
11277,1
11278,15
11279,11
11280,2
11281,14
11282,1
11283,8
11284,8
11285,17
11286,19
11287,7
11288,19
11289,17
11290,10
11291,6
11292,16
11293,4
11294,2
11295,8
11296,11
11297,11
11298,10
11299,14
11300,13
11301,4
11302,1
11303,16
11304,6
11305,34
11306,41
11307,17
11308,19
11309,26
11310,3
11311,7
11312,29
11313,6
11314,17
11315,15
11316,14
11317,5
11318,11
11319,15
11320,4
11321,21
11322,1
11323,13
11324,21
11325,14
11326,19
11327,6
11328,5
11329,27
11330,4
11331,16
11332,16
11333,8
11334,17
11335,12
11336,12
11337,23
11338,26
11339,16
11340,4
11341,23
11342,32
11343,46
11344,16
11345,14
11346,11
11347,37
11348,21
11349,0
11350,1
11351,5
11352,17
11353,0
11354,1
11355,0
11356,1
11357,7
11358,7
11359,12
11360,1
11361,7
11362,3
11363,5
11364,7
11365,1
11366,3
11367,0
11368,4
11369,0
11370,6
11371,5
11372,0
11373,17
11374,12
11375,38
11376,8
11377,11
11378,12
11379,6
11380,13
11381,22
11382,15
11383,1
11384,20
11385,9
11386,9
11387,12
11388,7
11389,3
11390,5
11391,18
11392,7
11393,2
11394,18
11395,0
11396,9
11397,2
11398,15
11399,11
11400,27
11401,4
11402,35
11403,33
11404,13
11405,2
11406,17
11407,3
11408,8
11409,6
11410,12
11411,22
11412,2
11413,20
11414,18
11415,16
11416,7
11417,14
11418,7
11419,17
11420,12
11421,42
11422,47
11423,5
11424,5
11425,6
11426,20
11427,6
11428,7
11429,5
11430,28
11431,17
11432,17
11433,9
11434,13
11435,7
11436,18
11437,38
11438,24
11439,5
11440,0
11441,17
11442,15
11443,24
11444,27
11445,22
11446,18
11447,14
11448,15
11449,15
11450,14
11451,12
11452,0
11453,13
11454,8
11455,0
11456,3
11457,4
11458,18
11459,2
11460,9
11461,5
11462,0
11463,13
11464,8
11465,0
11466,8
11467,7
11468,18
11469,0
11470,0
11471,0
11472,30
11473,0
11474,5
11475,1
11476,1
11477,8
11478,21
11479,16
11480,4
11481,2
11482,6
11483,6
11484,19
11485,16
11486,3
11487,10
11488,10
11489,12
11490,0
11491,13
11492,19
11493,23
11494,16
11495,0
11496,8
11497,2
11498,13
11499,10
11500,14
11501,18
11502,48
11503,13
11504,8
11505,4
11506,23
11507,25
11508,9
11509,17
11510,1
11511,1
11512,19
11513,28
11514,43
11515,0
11516,23
11517,8
11518,8
11519,7
11520,34
11521,36
11522,5
11523,19
11524,18
11525,16
11526,21
11527,7
11528,8
11529,6
11530,18
11531,10
11532,29
11533,14
11534,18
11535,15
11536,6
11537,6
11538,0
11539,19
11540,39
11541,25
11542,6
11543,16
11544,7
11545,3
11546,0
11547,21
11548,28
11549,13
11550,1
11551,14
11552,24
11553,13
11554,1
11555,1
11556,3
11557,1
11558,3
11559,4
11560,5
11561,9
11562,0
11563,6
11564,0
11565,0
11566,5
11567,0
11568,0
11569,14
11570,19
11571,3
11572,19
11573,9
11574,8
11575,3
11576,9
11577,5
11578,15
11579,15
11580,17
11581,22
11582,14
11583,18
11584,3
11585,11
11586,11
11587,4
11588,9
11589,2
11590,11
11591,17
11592,6
11593,17
11594,14
11595,0
11596,6
11597,7
11598,16
11599,13
11600,15
11601,5
11602,49
11603,24
11604,35
11605,0
11606,8
11607,19
11608,26
11609,20
11610,10
11611,14
11612,29
11613,9
11614,8
11615,6
11616,19
11617,0
11618,6
11619,44
11620,10
11621,37
11622,17
11623,20
11624,2
11625,9
11626,8
11627,22
11628,9
11629,7
11630,11
11631,19
11632,5
11633,15
11634,7
11635,26
11636,30
11637,7
11638,7
11639,16
11640,20
11641,4
11642,40
11643,6
11644,18
11645,29
11646,9
11647,19
11648,24
11649,17
11650,16
11651,7
11652,2
11653,15
11654,18
11655,2
11656,2
11657,12
11658,1
11659,7
11660,1
11661,4
11662,15
11663,10
11664,1
11665,1
11666,0
11667,0
11668,0
11669,0
11670,0
11671,0
11672,0
11673,5
11674,4
11675,1
11676,17
11677,2
11678,18
11679,4
11680,4
11681,23
11682,12
11683,14
11684,19
11685,10
11686,4
11687,18
11688,16
11689,14
11690,3
11691,12
11692,10
11693,1
11694,12
11695,2
11696,8
11697,6
11698,15
11699,7
11700,30
11701,25
11702,6
11703,9
11704,20
11705,21
11706,27
11707,18
11708,10
11709,50
11710,10
11711,7
11712,38
11713,9
11714,16
11715,11
11716,15
11717,17
11718,45
11719,27
11720,1
11721,27
11722,3
11723,8
11724,30
11725,25
11726,9
11727,23
11728,10
11729,8
11730,12
11731,20
11732,8
11733,16
11734,21
11735,36
11736,20
11737,8
11738,19
11739,5
11740,21
11741,6
11742,17
11743,7
11744,11
11745,10
11746,41
11747,31
11748,18
11749,13
11750,5
11751,3
11752,15
11753,2
11754,1
11755,0
11756,0
11757,8
11758,19
11759,2
11760,18
11761,8
11762,16
11763,16
11764,1
11765,0
11766,6
11767,23
11768,2
11769,2
11770,0
11771,16
11772,11
11773,0
11774,3
11775,3
11776,13
11777,5
11778,20
11779,19
11780,5
11781,4
11782,8
11783,15
11784,7
11785,0
11786,7
11787,5
11788,2
11789,9
11790,17
11791,11
11792,5
11793,13
11794,24
11795,3
11796,19
11797,1
11798,0
11799,3
11800,10
11801,22
11802,7
11803,10
11804,37
11805,12
11806,18
11807,28
11808,21
11809,8
11810,18
11811,51
11812,26
11813,28
11814,31
11815,17
11816,7
11817,19
11818,11
11819,8
11820,42
11821,39
11822,4
11823,12
11824,31
11825,10
11826,24
11827,11
11828,13
11829,9
11830,21
11831,9
11832,22
11833,9
11834,17
11835,22
11836,20
11837,32
11838,9
11839,6
11840,2
11841,7
11842,8
11843,12
11844,11
11845,11
11846,0
11847,21
11848,6
11849,19
11850,14
11851,2
11852,0
11853,24
11854,3
11855,14
11856,2
11857,2
11858,3
11859,9
11860,16
11861,1
11862,3
11863,0
11864,2
11865,2
11866,25
11867,19
11868,0
11869,17
11870,2
11871,0
11872,0
11873,2
11874,4
11875,9
11876,14
11877,3
11878,21
11879,28
11880,16
11881,5
11882,9
11883,16
11884,10
11885,6
11886,3
11887,4
11888,20
11889,6
11890,12
11891,6
11892,4
11893,18
11894,6
11895,8
11896,4
11897,0
11898,0
11899,0
11900,5
11901,11
11902,43
11903,8
11904,19
11905,23
11906,23
11907,13
11908,29
11909,9
11910,10
11911,29
11912,40
11913,52
11914,27
11915,29
11916,7
11917,9
11918,32
11919,32
11920,22
11921,12
11922,9
11923,13
11924,20
11925,11
11926,12
11927,14
11928,25
11929,10
11930,22
11931,23
11932,10
11933,3
11934,11
11935,10
11936,13
11937,3
11938,18
11939,7
11940,22
11941,10
11942,1
11943,8
11944,33
11945,12
11946,21
11947,18
11948,38
11949,18
11950,19
11951,4
11952,7
11953,7
11954,1
11955,3
11956,15
11957,3
11958,0
11959,3
11960,3
11961,4
11962,0
11963,10
11964,3
11965,3
11966,1
11967,1
11968,0
11969,0
11970,15
11971,10
11972,1
11973,0
11974,19
11975,5
11976,25
11977,15
11978,8
11979,20
11980,1
11981,11
11982,22
11983,6
11984,5
11985,2
11986,21
11987,12
11988,4
11989,13
11990,5
11991,9
11992,7
11993,4
11994,17
11995,5
11996,4
11997,1
11998,7
11999,17
12000,39
12001,12
12002,8
12003,9
12004,44
12005,12
12006,14
12007,6
12008,24
12009,20
12010,5
12011,11
12012,30
12013,23
12014,10
12015,2
12016,11
12017,24
12018,13
12019,30
12020,33
12021,41
12022,30
12023,11
12024,10
12025,4
12026,21
12027,12
12028,11
12029,26
12030,15
12031,13
12032,24
12033,22
12034,23
12035,13
12036,11
12037,10
12038,8
12039,13
12040,19
12041,11
12042,23
12043,9
12044,2
12045,14
12046,34
12047,4
12048,53
12049,28
12050,5
12051,1
12052,16
12053,22
12054,0
12055,5
12056,2
12057,1
12058,7
12059,5
12060,4
12061,8
12062,4
12063,2
12064,11
12065,2
12066,1
12067,2
12068,0
12069,1
12070,0
12071,0
12072,0
12073,4
12074,4
12075,19
12076,8
12077,4
12078,7
12079,6
12080,14
12081,9
12082,12
12083,3
12084,8
12085,1
12086,14
12087,18
12088,26
12089,5
12090,6
12091,2
12092,18
12093,6
12094,6
12095,0
12096,10
12097,4
12098,8
12099,16
12100,40
12101,12
12102,15
12103,10
12104,9
12105,7
12106,14
12107,25
12108,34
12109,45
12110,24
12111,6
12112,6
12113,13
12114,42
12115,0
12116,13
12117,11
12118,31
12119,21
12120,3
12121,12
12122,35
12123,11
12124,31
12125,31
12126,22
12127,16
12128,13
12129,12
12130,14
12131,27
12132,23
12133,25
12134,12
12135,10
12136,5
12137,9
12138,14
12139,12
12140,3
12141,11
12142,20
12143,10
12144,15
12145,12
12146,24
12147,24
12148,5
12149,54
12150,14
12151,5
12152,0
12153,19
12154,9
12155,3
12156,1
12157,5
12158,3
12159,1
12160,3
12161,17
12162,9
12163,2
12164,0
12165,3
12166,17
12167,0
12168,1
12169,0
12170,0
12171,0
12172,25
12173,0
12174,6
12175,2
12176,5
12177,2
12178,7
12179,3
12180,26
12181,8
12182,13
12183,15
12184,6
12185,6
12186,7
12187,11
12188,27
12189,15
12190,19
12191,5
12192,9
12193,5
12194,5
12195,2
12196,4
12197,9
12198,7
12199,7
12200,13
12201,10
12202,11
12203,16
12204,36
12205,13
12206,13
12207,35
12208,8
12209,15
12210,12
12211,46
12212,4
12213,0
12214,26
12215,41
12216,28
12217,8
12218,14
12219,32
12220,13
12221,7
12222,21
12223,22
12224,16
12225,6
12226,23
12227,13
12228,17
12229,14
12230,15
12231,24
12232,28
12233,26
12234,6
12235,25
12236,13
12237,15
12238,10
12239,12
12240,12
12241,1
12242,11
12243,4
12244,32
12245,11
12246,4
12247,25
12248,14
12249,15
12250,43
12251,1
12252,3
12253,6
12254,3
12255,3
12256,0
12257,0
12258,1
12259,7
12260,4
12261,0
12262,4
12263,2
12264,19
12265,4
12266,1
12267,10
12268,0
12269,0
12270,2
12271,4
12272,0
12273,10
12274,6
12275,0
12276,6
12277,6
12278,14
12279,27
12280,7
12281,7
12282,16
12283,8
12284,20
12285,6
12286,9
12287,26
12288,8
12289,1
12290,7
12291,5
12292,3
12293,8
12294,10
12295,10
12296,16
12297,1
12298,2
12299,12
12300,36
12301,17
12302,14
12303,17
12304,8
12305,22
12306,12
12307,37
12308,14
12309,14
12310,16
12311,9
12312,16
12313,15
12314,47
12315,27
12316,42
12317,2
12318,29
12319,9
12320,5
12321,13
12322,26
12323,16
12324,12
12325,8
12326,7
12327,14
12328,24
12329,18
12330,25
12331,15
12332,16
12333,7
12334,2
12335,12
12336,29
12337,14
12338,5
12339,26
12340,13
12341,11
12342,33
12343,11
12344,13
12345,14
12346,5
12347,27
12348,33
12349,2
12350,15
12351,5
12352,7
12353,4
12354,3
12355,0
12356,8
12357,4
12358,5
12359,17
12360,0
12361,5
12362,20
12363,1
12364,2
12365,11
12366,15
12367,0
12368,11
12369,31
12370,0
12371,0
12372,7
12373,1
12374,7
12375,19
12376,4
12377,17
12378,21
12379,15
12380,9
12381,9
12382,7
12383,8
12384,3
12385,9
12386,13
12387,10
12388,8
12389,4
12390,1
12391,1
12392,11
12393,2
12394,2
12395,7
12396,0
12397,6
12398,7
12399,1
12400,37
12401,14
12402,10
12403,13
12404,15
12405,18
12406,0
12407,13
12408,23
12409,18
12410,28
12411,38
12412,17
12413,30
12414,17
12415,48
12416,43
12417,9
12418,15
12419,3
12420,2
12421,27
12422,15
12423,13
12424,6
12425,6
12426,10
12427,8
12428,15
12429,19
12430,25
12431,26
12432,16
12433,17
12434,8
12435,30
12436,9
12437,28
12438,15
12439,17
12440,14
12441,34
12442,27
12443,12
12444,12
12445,14
12446,15
12447,6
12448,3
12449,8
12450,12
12451,4
12452,4
12453,7
12454,9
12455,21
12456,6
12457,16
12458,1
12459,5
12460,32
12461,0
12462,18
12463,2
12464,8
12465,0
12466,2
12467,10
12468,1
12469,3
12470,1
12471,0
12472,18
12473,0
12474,6
12475,0
12476,8
12477,3
12478,8
12479,22
12480,10
12481,16
12482,16
12483,9
12484,2
12485,14
12486,2
12487,10
12488,3
12489,5
12490,3
12491,5
12492,6
12493,12
12494,8
12495,5
12496,11
12497,9
12498,16
12499,8
12500,5
12501,28
12502,1
12503,3
12504,15
12505,19
12506,4
12507,38
12508,14
12509,24
12510,4
12511,39
12512,31
12513,3
12514,18
12515,19
12516,9
12517,16
12518,11
12519,10
12520,11
12521,14
12522,16
12523,9
12524,13
12525,16
12526,20
12527,27
12528,26
12529,9
12530,17
12531,18
12532,4
12533,31
12534,7
12535,7
12536,13
12537,29
12538,18
12539,16
12540,35
12541,7
12542,16
12543,28
12544,15
12545,10
12546,14
12547,44
12548,49
12549,15
12550,19
12551,7
12552,17
12553,1
12554,9
12555,8
12556,1
12557,22
12558,7
12559,3
12560,5
12561,13
12562,2
12563,0
12564,0
12565,0
12566,4
12567,6
12568,33
12569,9
12570,3
12571,2
12572,18
12573,10
12574,0
12575,17
12576,12
12577,10
12578,23
12579,10
12580,16
12581,0
12582,4
12583,17
12584,6
12585,17
12586,3
12587,9
12588,28
12589,11
12590,9
12591,6
12592,11
12593,15
12594,7
12595,0
12596,9
12597,0
12598,1
12599,6
12600,16
12601,16
12602,17
12603,5
12604,1
12605,29
12606,4
12607,6
12608,39
12609,19
12610,4
12611,2
12612,22
12613,14
12614,20
12615,5
12616,4
12617,15
12618,25
12619,45
12620,0
12621,0
12622,12
12623,40
12624,29
12625,29
12626,10
12627,17
12628,28
12629,21
12630,27
12631,10
12632,8
12633,18
12634,5
12635,8
12636,19
12637,16
12638,36
12639,19
12640,32
12641,17
12642,8
12643,17
12644,11
12645,30
12646,15
12647,14
12648,32
12649,4
12650,2
12651,7
12652,13
12653,11
12654,6
12655,14
12656,10
12657,12
12658,10
12659,16
12660,0
12661,3
12662,1
12663,6
12664,0
12665,11
12666,34
12667,7
12668,3
12669,3
12670,5
12671,10
12672,10
12673,9
12674,23
12675,8
12676,2
12677,8
12678,12
12679,1
12680,17
12681,15
12682,5
12683,1
12684,11
12685,11
12686,7
12687,7
12688,19
12689,10
12690,0
12691,8
12692,18
12693,18
12694,12
12695,2
12696,18
12697,17
12698,10
12699,0
12700,31
12701,18
12702,2
12703,5
12704,17
12705,17
12706,20
12707,30
12708,6
12709,21
12710,13
12711,40
12712,6
12713,1
12714,11
12715,16
12716,33
12717,3
12718,15
12719,26
12720,30
12721,3
12722,9
12723,11
12724,7
12725,46
12726,30
12727,18
12728,29
12729,28
12730,22
12731,11
12732,9
12733,19
12734,6
12735,16
12736,15
12737,20
12738,9
12739,5
12740,12
12741,18
12742,13
12743,0
12744,37
12745,33
12746,18
12747,17
12748,12
12749,20
12750,2
12751,12
12752,0
12753,2
12754,14
12755,4
12756,9
12757,13
12758,15
12759,11
12760,0
12761,3
12762,0
12763,0
12764,0
12765,0
12766,0
12767,5
12768,6
12769,10
12770,13
12771,4
12772,6
12773,0
12774,12
12775,17
12776,18
12777,7
12778,5
12779,8
12780,19
12781,8
12782,11
12783,11
12784,1
12785,0
12786,16
12787,9
12788,18
12789,35
12790,7
12791,9
12792,19
12793,8
12794,24
12795,2
12796,11
12797,19
12798,3
12799,4
12800,4
12801,19
12802,17
12803,6
12804,31
12805,32
12806,21
12807,18
12808,22
12809,19
12810,0
12811,41
12812,7
12813,12
12814,2
12815,3
12816,18
12817,34
12818,7
12819,17
12820,38
12821,31
12822,7
12823,12
12824,3
12825,27
12826,31
12827,19
12828,30
12829,12
12830,29
12831,23
12832,10
12833,16
12834,20
12835,10
12836,6
12837,7
12838,10
12839,14
12840,21
12841,21
12842,19
12843,13
12844,34
12845,1
12846,8
12847,18
12848,13
12849,8
12850,16
12851,5
12852,15
12853,1
12854,6
12855,10
12856,1
12857,0
12858,16
12859,1
12860,3
12861,1
12862,12
12863,13
12864,0
12865,14
12866,7
12867,6
12868,0
12869,1
12870,1
12871,0
12872,9
12873,1
12874,3
12875,1
12876,1
12877,19
12878,4
12879,9
12880,20
12881,12
12882,12
12883,9
12884,14
12885,13
12886,10
12887,4
12888,0
12889,19
12890,10
12891,9
12892,17
12893,4
12894,5
12895,2
12896,12
12897,8
12898,36
12899,25
12900,19
12901,18
12902,20
12903,39
12904,20
12905,22
12906,23
12907,32
12908,5
12909,3
12910,7
12911,42
12912,8
12913,4
12914,32
12915,13
12916,8
12917,10
12918,18
12919,4
12920,13
12921,33
12922,11
12923,35
12924,0
12925,32
12926,20
12927,31
12928,13
12929,30
12930,7
12931,24
12932,11
12933,17
12934,15
12935,4
12936,21
12937,19
12938,20
12939,14
12940,22
12941,8
12942,8
12943,9
12944,35
12945,22
12946,2
12947,11
12948,28
12949,13
12950,17
12951,2
12952,16
12953,2
12954,0
12955,17
12956,11
12957,2
12958,0
12959,8
12960,7
12961,2
12962,1
12963,13
12964,0
12965,14
12966,0
12967,15
12968,7
12969,0
12970,2
12971,1
12972,9
12973,1
12974,6
12975,21
12976,18
12977,3
12978,11
12979,19
12980,10
12981,37
12982,13
12983,11
12984,5
12985,9
12986,9
12987,15
12988,14
12989,1
12990,14
12991,2
12992,4
12993,26
12994,6
12995,5
12996,2
12997,10
12998,5
12999,13
13000,5
13001,20
13002,24
13003,19
13004,23
13005,21
13006,12
13007,40
13008,6
13009,4
13010,14
13011,33
13012,9
13013,43
13014,34
13015,33
13016,9
13017,5
13018,14
13019,11
13020,8
13021,21
13022,5
13023,9
13024,9
13025,19
13026,14
13027,33
13028,21
13029,8
13030,32
13031,31
13032,14
13033,12
13034,18
13035,23
13036,25
13037,1
13038,21
13039,15
13040,20
13041,10
13042,12
13043,22
13044,36
13045,23
13046,3
13047,16
13048,22
13049,6
13050,38
13051,6
13052,18
13053,3
13054,6
13055,2
13056,12
13057,0
13058,1
13059,17
13060,0
13061,19
13062,4
13063,1
13064,2
13065,1
13066,0
13067,14
13068,6
13069,8
13070,10
13071,7
13072,8
13073,4
13074,3
13075,0
13076,9
13077,16
13078,2
13079,12
13080,12
13081,11
13082,14
13083,10
13084,18
13085,36
13086,27
13087,3
13088,10
13089,7
13090,15
13091,15
13092,0
13093,14
13094,5
13095,3
13096,11
13097,3
13098,7
13099,3
13100,7
13101,7
13102,22
13103,20
13104,6
13105,9
13106,13
13107,25
13108,24
13109,21
13110,23
13111,10
13112,44
13113,6
13114,34
13115,22
13116,10
13117,35
13118,34
13119,41
13120,24
13121,5
13122,10
13123,11
13124,4
13125,3
13126,15
13127,34
13128,9
13129,22
13130,33
13131,2
13132,17
13133,32
13134,0
13135,6
13136,13
13137,15
13138,10
13139,22
13140,26
13141,16
13142,23
13143,13
13144,24
13145,21
13146,37
13147,19
13148,12
13149,15
13150,15
13151,3
13152,1
13153,4
13154,0
13155,19
13156,13
13157,17
13158,2
13159,2
13160,18
13161,1
13162,5
13163,1
13164,3
13165,7
13166,0
13167,5
13168,1
13169,0
13170,7
13171,11
13172,0
13173,15
13174,2
13175,0
13176,0
13177,6
13178,39
13179,13
13180,13
13181,15
13182,4
13183,11
13184,12
13185,8
13186,28
13187,4
13188,11
13189,4
13190,10
13191,4
13192,16
13193,0
13194,37
13195,8
13196,4
13197,12
13198,16
13199,19
13200,0
13201,25
13202,1
13203,7
13204,11
13205,10
13206,25
13207,23
13208,21
13209,0
13210,36
13211,6
13212,11
13213,7
13214,8
13215,24
13216,11
13217,23
13218,4
13219,45
13220,8
13221,26
13222,7
13223,16
13224,14
13225,35
13226,16
13227,10
13228,18
13229,35
13230,23
13231,3
13232,34
13233,17
13234,14
13235,38
13236,11
13237,33
13238,23
13239,14
13240,27
13241,1
13242,12
13243,5
13244,25
13245,24
13246,22
13247,20
13248,22
13249,35
13250,14
13251,3
13252,1
13253,7
13254,3
13255,15
13256,17
13257,0
13258,2
13259,0
13260,14
13261,38
13262,1
13263,17
13264,2
13265,18
13266,4
13267,19
13268,6
13269,0
13270,6
13271,0
13272,12
13273,8
13274,5
13275,0
13276,16
13277,4
13278,40
13279,12
13280,14
13281,13
13282,12
13283,0
13284,16
13285,9
13286,5
13287,5
13288,5
13289,13
13290,16
13291,5
13292,3
13293,5
13294,29
13295,11
13296,9
13297,13
13298,2
13299,1
13300,7
13301,26
13302,8
13303,22
13304,9
13305,2
13306,1
13307,26
13308,11
13309,12
13310,37
13311,24
13312,25
13313,12
13314,5
13315,8
13316,1
13317,9
13318,12
13319,15
13320,39
13321,27
13322,15
13323,34
13324,23
13325,36
13326,11
13327,17
13328,4
13329,36
13330,19
13331,24
13332,35
13333,12
13334,18
13335,8
13336,15
13337,6
13338,24
13339,2
13340,17
13341,13
13342,28
13343,1
13344,25
13345,26
13346,15
13347,21
13348,24
13349,46
13350,13
13351,1
13352,2
13353,3
13354,8
13355,2
13356,17
13357,3
13358,39
13359,16
13360,18
13361,1
13362,0
13363,7
13364,0
13365,18
13366,5
13367,19
13368,0
13369,0
13370,13
13371,1
13372,0
13373,15
13374,6
13375,8
13376,4
13377,0
13378,15
13379,41
13380,6
13381,6
13382,2
13383,10
13384,12
13385,17
13386,3
13387,14
13388,6
13389,6
13390,4
13391,6
13392,17
13393,14
13394,10
13395,30
13396,4
13397,14
13398,5
13399,13
13400,13
13401,27
13402,27
13403,10
13404,16
13405,12
13406,3
13407,25
13408,2
13409,26
13410,47
13411,28
13412,6
13413,9
13414,9
13415,13
13416,25
13417,13
13418,2
13419,42
13420,24
13421,8
13422,23
13423,22
13424,16
13425,37
13426,12
13427,5
13428,18
13429,37
13430,20
13431,25
13432,36
13433,13
13434,14
13435,40
13436,7
13437,19
13438,25
13439,35
13440,3
13441,18
13442,2
13443,27
13444,26
13445,9
13446,29
13447,16
13448,14
13449,11
13450,16
13451,4
13452,3
13453,0
13454,2
13455,19
13456,8
13457,3
13458,40
13459,18
13460,2
13461,9
13462,17
13463,0
13464,1
13465,0
13466,19
13467,0
13468,14
13469,1
13470,9
13471,1
13472,6
13473,1
13474,16
13475,20
13476,4
13477,15
13478,16
13479,7
13480,10
13481,4
13482,7
13483,7
13484,7
13485,7
13486,3
13487,5
13488,13
13489,15
13490,7
13491,11
13492,15
13493,18
13494,6
13495,5
13496,31
13497,1
13498,14
13499,5
13500,25
13501,28
13502,9
13503,41
13504,4
13505,13
13506,17
13507,17
13508,27
13509,24
13510,48
13511,29
13512,7
13513,26
13514,28
13515,10
13516,14
13517,12
13518,15
13519,3
13520,30
13521,14
13522,11
13523,20
13524,27
13525,5
13526,13
13527,6
13528,21
13529,38
13530,19
13531,26
13532,3
13533,14
13534,37
13535,3
13536,15
13537,26
13538,23
13539,17
13540,4
13541,36
13542,3
13543,19
13544,10
13545,28
13546,0
13547,8
13548,43
13549,14
13550,8
13551,3
13552,10
13553,19
13554,0
13555,16
13556,1
13557,9
13558,0
13559,2
13560,4
13561,2
13562,1
13563,18
13564,10
13565,15
13566,2
13567,41
13568,0
13569,15
13570,21
13571,43
13572,0
13573,1
13574,16
13575,0
13576,4
13577,5
13578,17
13579,8
13580,8
13581,8
13582,4
13583,6
13584,8
13585,0
13586,6
13587,17
13588,14
13589,10
13590,8
13591,7
13592,16
13593,12
13594,0
13595,6
13596,17
13597,5
13598,32
13599,11
13600,18
13601,29
13602,8
13603,14
13604,31
13605,10
13606,42
13607,26
13608,18
13609,6
13610,15
13611,15
13612,27
13613,4
13614,9
13615,25
13616,16
13617,29
13618,15
13619,5
13620,28
13621,30
13622,28
13623,5
13624,20
13625,9
13626,14
13627,7
13628,22
13629,39
13630,20
13631,16
13632,27
13633,4
13634,15
13635,12
13636,38
13637,21
13638,24
13639,27
13640,4
13641,37
13642,18
13643,4
13644,11
13645,5
13646,29
13647,9
13648,9
13649,49
13650,13
13651,0
13652,2
13653,2
13654,1
13655,1
13656,6
13657,10
13658,11
13659,13
13660,17
13661,3
13662,17
13663,0
13664,1
13665,20
13666,11
13667,19
13668,44
13669,2
13670,5
13671,7
13672,5
13673,3
13674,18
13675,22
13676,5
13677,4
13678,18
13679,7
13680,1
13681,9
13682,7
13683,11
13684,44
13685,1
13686,9
13687,12
13688,9
13689,8
13690,15
13691,7
13692,11
13693,6
13694,3
13695,18
13696,33
13697,17
13698,2
13699,5
13700,2
13701,19
13702,32
13703,29
13704,43
13705,15
13706,7
13707,2
13708,9
13709,30
13710,6
13711,0
13712,27
13713,19
13714,17
13715,10
13716,6
13717,10
13718,31
13719,16
13720,29
13721,11
13722,21
13723,6
13724,30
13725,10
13726,8
13727,15
13728,0
13729,23
13730,17
13731,40
13732,16
13733,21
13734,28
13735,13
13736,5
13737,22
13738,39
13739,28
13740,38
13741,5
13742,25
13743,12
13744,5
13745,0
13746,19
13747,10
13748,28
13749,7
13750,19
13751,0
13752,2
13753,1
13754,12
13755,34
13756,6
13757,19
13758,4
13759,18
13760,45
13761,3
13762,12
13763,0
13764,0
13765,20
13766,12
13767,0
13768,0
13769,23
13770,14
13771,18
13772,0
13773,2
13774,3
13775,8
13776,11
13777,19
13778,8
13779,16
13780,10
13781,16
13782,10
13783,5
13784,8
13785,14
13786,9
13787,45
13788,10
13789,0
13790,4
13791,0
13792,13
13793,3
13794,4
13795,2
13796,16
13797,5
13798,7
13799,12
13800,33
13801,0
13802,1
13803,30
13804,8
13805,16
13806,10
13807,11
13808,44
13809,20
13810,11
13811,31
13812,18
13813,11
13814,3
13815,7
13816,20
13817,28
13818,17
13819,17
13820,1
13821,12
13822,3
13823,6
13824,14
13825,1
13826,16
13827,9
13828,24
13829,18
13830,11
13831,17
13832,29
13833,6
13834,41
13835,30
13836,7
13837,23
13838,40
13839,13
13840,6
13841,39
13842,29
13843,26
13844,22
13845,31
13846,20
13847,22
13848,9
13849,7
13850,0
13851,6
13852,46
13853,5
13854,13
13855,1
13856,14
13857,7
13858,1
13859,35
13860,3
13861,46
13862,1
13863,1
13864,13
13865,24
13866,1
13867,1
13868,19
13869,0
13870,0
13871,0
13872,0
13873,21
13874,15
13875,0
13876,13
13877,8
13878,11
13879,20
13880,9
13881,11
13882,10
13883,1
13884,17
13885,3
13886,9
13887,5
13888,11
13889,4
13890,4
13891,2
13892,20
13893,4
13894,6
13895,3
13896,12
13897,5
13898,17
13899,3
13900,2
13901,34
13902,12
13903,21
13904,45
13905,31
13906,17
13907,2
13908,2
13909,19
13910,8
13911,0
13912,13
13913,1
13914,0
13915,4
13916,8
13917,12
13918,21
13919,32
13920,11
13921,18
13922,9
13923,23
13924,31
13925,10
13926,17
13927,10
13928,25
13929,19
13930,12
13931,8
13932,18
13933,7
13934,30
13935,32
13936,41
13937,42
13938,24
13939,14
13940,4
13941,7
13942,40
13943,30
13944,23
13945,27
13946,15
13947,7
13948,29
13949,0
13950,12
13951,47
13952,2
13953,7
13954,6
13955,18
13956,2
13957,14
13958,4
13959,0
13960,7
13961,9
13962,8
13963,2
13964,16
13965,25
13966,47
13967,22
13968,1
13969,14
13970,1
13971,2
13972,14
13973,36
13974,12
13975,0
13976,1
13977,5
13978,18
13979,10
13980,21
13981,12
13982,12
13983,6
13984,11
13985,2
13986,4
13987,4
13988,10
13989,5
13990,1
13991,13
13992,3
13993,6
13994,1
13995,4
13996,5
13997,2
13998,21
13999,18
14000,46
14001,32
14002,33
14003,28
14004,18
14005,3
14006,12
14007,22
14008,9
14009,19
14010,5
14011,2
14012,3
14013,20
14014,13
14015,11
14016,0
14017,13
14018,22
14019,9
14020,10
14021,35
14022,16
14023,25
14024,1
14025,33
14026,11
14027,18
14028,26
14029,13
14030,20
14031,9
14032,8
14033,5
14034,31
14035,24
14036,19
14037,15
14038,3
14039,24
14040,42
14041,8
14042,43
14043,41
14044,13
14045,31
14046,32
14047,8
14048,11
14049,14
14050,7
14051,4
14052,8
14053,15
14054,19
14055,8
14056,3
14057,3
14058,13
14059,9
14060,0
14061,6
14062,2
14063,26
14064,37
14065,2
14066,3
14067,0
14068,17
14069,0
14070,2
14071,0
14072,0
14073,23
14074,7
14075,0
14076,10
14077,6
14078,2
14079,5
14080,11
14081,12
14082,5
14083,7
14084,5
14085,5
14086,1
14087,3
14088,19
14089,14
14090,1
14091,3
14092,48
14093,2
14094,22
14095,3
14096,13
14097,13
14098,19
14099,6
14100,47
14101,13
14102,25
14103,33
14104,17
14105,32
14106,10
14107,29
14108,19
14109,33
14110,0
14111,34
14112,4
14113,20
14114,12
14115,3
14116,23
14117,3
14118,14
14119,21
14120,11
14121,36
14122,42
14123,20
14124,4
14125,6
14126,0
14127,12
14128,14
14129,27
14130,19
14131,21
14132,10
14133,9
14134,6
14135,2
14136,26
14137,16
14138,32
14139,44
14140,9
14141,43
14142,1
14143,14
14144,25
14145,44
14146,4
14147,9
14148,14
14149,0
14150,7
14151,16
14152,0
14153,4
14154,5
14155,27
14156,14
14157,24
14158,0
14159,9
14160,9
14161,0
14162,4
14163,14
14164,4
14165,38
14166,0
14167,3
14168,0
14169,3
14170,0
14171,17
14172,10
14173,4
14174,1
14175,8
14176,3
14177,8
14178,6
14179,8
14180,0
14181,6
14182,12
14183,10
14184,12
14185,0
14186,13
14187,0
14188,6
14189,15
14190,23
14191,4
14192,49
14193,7
14194,4
14195,7
14196,1
14197,15
14198,11
14199,6
14200,37
14201,18
14202,48
14203,43
14204,33
14205,20
14206,11
14207,14
14208,26
14209,4
14210,4
14211,30
14212,5
14213,35
14214,34
14215,15
14216,22
14217,13
14218,7
14219,9
14220,34
14221,21
14222,45
14223,27
14224,12
14225,7
14226,13
14227,15
14228,1
14229,28
14230,20
14231,22
14232,11
14233,10
14234,7
14235,5
14236,17
14237,45
14238,15
14239,10
14240,5
14241,21
14242,33
14243,44
14244,3
14245,26
14246,2
14247,10
14248,7
14249,9
14250,15
14251,5
14252,1
14253,5
14254,4
14255,25
14256,0
14257,0
14258,10
14259,4
14260,2
14261,1
14262,10
14263,2
14264,1
14265,5
14266,11
14267,28
14268,6
14269,5
14270,1
14271,0
14272,1
14273,15
14274,39
14275,18
14276,16
14277,0
14278,13
14279,13
14280,5
14281,7
14282,24
14283,11
14284,8
14285,2
14286,7
14287,8
14288,5
14289,12
14290,14
14291,50
14292,17
14293,9
14294,8
14295,4
14296,1
14297,2
14298,1
14299,16
14300,10
14301,6
14302,27
14303,44
14304,5
14305,46
14306,22
14307,34
14308,21
14309,38
14310,8
14311,31
14312,19
14313,8
14314,14
14315,16
14316,0
14317,15
14318,10
14319,8
14320,12
14321,49
14322,35
14323,46
14324,27
14325,36
14326,16
14327,2
14328,14
14329,29
14330,12
14331,8
14332,11
14333,21
14334,6
14335,6
14336,23
14337,16
14338,11
14339,11
14340,3
14341,34
14342,22
14343,28
14344,45
14345,4
14346,13
14347,18
14348,35
14349,0
14350,16
14351,3
14352,2
14353,15
14354,26
14355,8
14356,3
14357,11
14358,0
14359,0
14360,0
14361,2
14362,12
14363,9
14364,0
14365,16
14366,1
14367,2
14368,2
14369,0
14370,2
14371,3
14372,5
14373,6
14374,5
14375,0
14376,6
14377,5
14378,23
14379,8
14380,6
14381,3
14382,25
14383,6
14384,14
14385,9
14386,9
14387,10
14388,14
14389,12
14390,51
14391,17
14392,1
14393,40
14394,18
14395,1
14396,13
14397,0
14398,3
14399,5
14400,28
14401,13
14402,36
14403,11
14404,6
14405,22
14406,23
14407,9
14408,7
14409,9
14410,39
14411,50
14412,9
14413,15
14414,11
14415,35
14416,6
14417,36
14418,20
14419,7
14420,46
14421,47
14422,7
14423,32
14424,28
14425,17
14426,3
14427,15
14428,7
14429,30
14430,12
14431,9
14432,13
14433,22
14434,47
14435,29
14436,17
14437,19
14438,45
14439,12
14440,4
14441,12
14442,35
14443,23
14444,5
14445,14
14446,0
14447,24
14448,1
14449,16
14450,12
14451,6
14452,7
14453,6
14454,0
14455,6
14456,18
14457,0
14458,0
14459,0
14460,1
14461,4
14462,0
14463,0
14464,1
14465,0
14466,1
14467,2
14468,0
14469,1
14470,13
14471,27
14472,0
14473,0
14474,14
14475,17
14476,41
14477,0
14478,15
14479,0
14480,9
14481,4
14482,17
14483,26
14484,1
14485,7
14486,0
14487,24
14488,0
14489,11
14490,2
14491,10
14492,52
14493,15
14494,19
14495,0
14496,0
14497,10
14498,2
14499,4
14500,10
14501,12
14502,10
14503,46
14504,14
14505,1
14506,15
14507,23
14508,7
14509,8
14510,48
14511,7
14512,10
14513,8
14514,29
14515,40
14516,37
14517,5
14518,36
14519,2
14520,24
14521,37
14522,47
14523,20
14524,29
14525,18
14526,4
14527,8
14528,16
14529,13
14530,10
14531,31
14532,48
14533,18
14534,14
14535,30
14536,23
14537,16
14538,36
14539,5
14540,13
14541,6
14542,24
14543,13
14544,8
14545,1
14546,12
14547,25
14548,16
14549,51
14550,1
14551,7
14552,8
14553,7
14554,0
14555,1
14556,0
14557,1
14558,0
14559,0
14560,2
14561,0
14562,7
14563,15
14564,1
14565,2
14566,1
14567,4
14568,0
14569,2
14570,2
14571,18
14572,2
14573,3
14574,16
14575,19
14576,11
14577,1
14578,1
14579,17
14580,0
14581,1
14582,2
14583,12
14584,27
14585,5
14586,1
14587,11
14588,10
14589,3
14590,5
14591,53
14592,3
14593,1
14594,20
14595,0
14596,42
14597,1
14598,18
14599,8
14600,41
14601,11
14602,11
14603,13
14604,8
14605,11
14606,9
14607,31
14608,14
14609,15
14610,24
14611,3
14612,8
14613,9
14614,30
14615,38
14616,6
14617,38
14618,49
14619,25
14620,16
14621,47
14622,24
14623,2
14624,17
14625,19
14626,9
14627,5
14628,32
14629,14
14630,17
14631,11
14632,19
14633,49
14634,48
14635,15
14636,21
14637,6
14638,7
14639,2
14640,37
14641,14
14642,25
14643,13
14644,9
14645,30
14646,26
14647,19
14648,52
14649,37
14650,3
14651,2
14652,3
14653,1
14654,2
14655,0
14656,2
14657,3
14658,1
14659,1
14660,17
14661,4
14662,0
14663,1
14664,5
14665,3
14666,7
14667,23
14668,6
14669,16
14670,1
14671,0
14672,3
14673,8
14674,2
14675,9
14676,19
14677,2
14678,4
14679,13
14680,2
14681,12
14682,11
14683,28
14684,17
14685,21
14686,54
14687,4
14688,18
14689,6
14690,3
14691,43
14692,2
14693,6
14694,2
14695,12
14696,2
14697,2
14698,8
14699,9
14700,53
14701,9
14702,32
14703,12
14704,12
14705,12
14706,49
14707,26
14708,16
14709,5
14710,10
14711,31
14712,15
14713,48
14714,17
14715,39
14716,25
14717,7
14718,5
14719,38
14720,42
14721,9
14722,10
14723,26
14724,14
14725,50
14726,20
14727,10
14728,6
14729,15
14730,20
14731,50
14732,18
14733,12
14734,33
14735,31
14736,16
14737,7
14738,25
14739,8
14740,14
14741,22
14742,4
14743,38
14744,15
14745,3
14746,10
14747,27
14748,3
14749,14
14750,13
14751,3
14752,3
14753,4
14754,10
14755,3
14756,3
14757,5
14758,4
14759,2
14760,4
14761,1
14762,6
14763,0
14764,3
14765,4
14766,13
14767,2
14768,2
14769,3
14770,0
14771,0
14772,3
14773,24
14774,18
14775,1
14776,4
14777,1
14778,3
14779,55
14780,29
14781,18
14782,3
14783,44
14784,7
14785,7
14786,3
14787,10
14788,22
14789,12
14790,4
14791,8
14792,4
14793,9
14794,18
14795,2
14796,19
14797,9
14798,3
14799,10
14800,4
14801,13
14802,49
14803,4
14804,13
14805,50
14806,13
14807,27
14808,6
14809,33
14810,17
14811,54
14812,11
14813,10
14814,16
14815,6
14816,32
14817,40
14818,15
14819,8
14820,32
14821,10
14822,16
14823,21
14824,11
14825,11
14826,7
14827,21
14828,51
14829,16
14830,19
14831,13
14832,34
14833,0
14834,28
14835,23
14836,4
14837,17
14838,15
14839,5
14840,27
14841,15
14842,4
14843,11
14844,9
14845,26
14846,39
14847,8
14848,26
14849,39
14850,23
14851,0
14852,2
14853,25
14854,4
14855,4
14856,6
14857,5
14858,5
14859,7
14860,11
14861,19
14862,5
14863,1
14864,57
14865,4
14866,1
14867,0
14868,4
14869,0
14870,41
14871,0
14872,14
14873,0
14874,4
14875,4
14876,5
14877,9
14878,18
14879,56
14880,8
14881,4
14882,5
14883,2
14884,8
14885,11
14886,2
14887,11
14888,45
14889,3
14890,4
14891,19
14892,5
14893,4
14894,5
14895,13
14896,19
14897,10
14898,3
14899,10
14900,50
14901,5
14902,7
14903,14
14904,33
14905,1
14906,17
14907,5
14908,14
14909,51
14910,12
14911,14
14912,55
14913,34
14914,11
14915,16
14916,18
14917,24
14918,33
14919,11
14920,24
14921,28
14922,27
14923,16
14924,40
14925,0
14926,0
14927,12
14928,22
14929,8
14930,22
14931,52
14932,17
14933,14
14934,20
14935,12
14936,35
14937,41
14938,5
14939,12
14940,9
14941,29
14942,6
14943,5
14944,28
14945,18
14946,10
14947,16
14948,15
14949,7
14950,3
14951,14
14952,6
14953,2
14954,0
14955,1
14956,0
14957,58
14958,6
14959,8
14960,11
14961,5
14962,2
14963,6
14964,7
14965,0
14966,5
14967,5
14968,5
14969,0
14970,0
14971,4
14972,9
14973,5
14974,3
14975,12
14976,5
14977,26
14978,4
14979,57
14980,6
14981,17
14982,3
14983,12
14984,9
14985,19
14986,4
14987,11
14988,46
14989,5
14990,9
14991,6
14992,6
14993,0
14994,12
14995,6
14996,1
14997,1
14998,10
14999,1
15000,34
15001,25
15002,6
15003,8
15004,15
15005,15
15006,6
15007,18
15008,28
15009,8
15010,56
15011,52
15012,12
15013,29
15014,25
15015,4
15016,15
15017,2
15018,105
15019,35
15020,13
15021,51
15022,19
15023,1
15024,0
15025,17
15026,13
15027,23
15028,1
15029,9
15030,23
15031,0
15032,53
15033,18
15034,17
15035,41
15036,15
15037,13
15038,21
15039,36
15040,6
15041,7
15042,6
15043,30
15044,29
15045,10
15046,11
15047,17
15048,10
15049,7
15050,0
15051,3
15052,59
15053,6
15054,6
15055,3
15056,0
15057,10
15058,2
15059,1
15060,1
15061,13
15062,6
15063,8
15064,9
15065,18
15066,6
15067,0
15068,0
15069,5
15070,1
15071,6
15072,34
15073,1
15074,7
15075,0
15076,7
15077,15
15078,5
15079,4
15080,16
15081,47
15082,19
15083,7
15084,5
15085,12
15086,13
15087,12
15088,13
15089,2
15090,58
15091,7
15092,10
15093,2
15094,11
15095,6
15096,27
15097,18
15098,4
15099,7
15100,19
15101,29
15102,35
15103,14
15104,16
15105,11
15106,52
15107,9
15108,7
15109,26
15110,6
15111,53
15112,3
15113,13
15114,5
15115,26
15116,57
15117,11
15118,30
15119,1
15120,6
15121,16
15122,20
15123,8
15124,9
15125,36
15126,14
15127,2
15128,24
15129,24
15130,10
15131,19
15132,54
15133,18
15134,18
15135,7
15136,14
15137,1
15138,7
15139,7
15140,16
15141,37
15142,31
15143,1
15144,30
15145,42
15146,12
15147,22
15148,2
15149,48
15150,16
15151,59
15152,4
15153,19
15154,14
15155,16
15156,7
15157,7
15158,3
15159,0
15160,1
15161,8
15162,2
15163,2
15164,7
15165,0
15166,8
15167,0
15168,9
15169,19
15170,11
15171,1
15172,17
15173,0
15174,4
15175,0
15176,6
15177,2
15178,5
15179,0
15180,14
15181,3
15182,8
15183,8
15184,14
15185,0
15186,13
15187,8
15188,18
15189,0
15190,3
15191,6
15192,5
15193,8
15194,7
15195,60
15196,11
15197,13
15198,12
15199,28
15200,17
15201,10
15202,43
15203,0
15204,0
15205,21
15206,13
15207,27
15208,37
15209,8
15210,0
15211,7
15212,20
15213,15
15214,36
15215,0
15216,6
15217,14
15218,27
15219,30
15220,31
15221,4
15222,8
15223,17
15224,10
15225,3
15226,3
15227,15
15228,0
15229,11
15230,25
15231,25
15232,20
15233,55
15234,15
15235,53
15236,19
15237,9
15238,2
15239,8
15240,8
15241,23
15242,38
15243,2
15244,17
15245,32
15246,1
15247,19
15248,0
15249,0
15250,4
15251,3
15252,12
15253,15
15254,0
15255,5
15256,0
15257,14
15258,5
15259,11
15260,0
15261,6
15262,0
15263,0
15264,9
15265,3
15266,4
15267,0
15268,8
15269,0
15270,0
15271,0
15272,1
15273,2
15274,8
15275,7
15276,0
15277,49
15278,0
15279,0
15280,6
15281,12
15282,12
15283,18
15284,1
15285,14
15286,9
15287,4
15288,9
15289,19
15290,9
15291,2
15292,0
15293,15
15294,29
15295,17
15296,13
15297,1
15298,61
15299,9
15300,18
15301,8
15302,38
15303,5
15304,16
15305,9
15306,9
15307,21
15308,3
15309,37
15310,31
15311,7
15312,22
15313,28
15314,15
15315,50
15316,2
15317,1
15318,7
15319,28
15320,44
15321,32
15322,11
15323,56
15324,14
15325,4
15326,4
15327,16
15328,12
15329,26
15330,26
15331,1
15332,20
15333,21
15334,16
15335,18
15336,10
15337,19
15338,39
15339,9
15340,3
15341,24
15342,9
15343,33
15344,11
15345,54
15346,0
15347,20
15348,8
15349,5
15350,18
15351,0
15352,3
15353,6
15354,6
15355,2
15356,13
15357,3
15358,5
15359,4
15360,1
15361,1
15362,16
15363,10
15364,15
15365,4
15366,11
15367,9
15368,0
15369,0
15370,21
15371,5
15372,0
15373,2
15374,4
15375,0
15376,9
15377,2
15378,10
15379,1
15380,13
15381,30
15382,15
15383,13
15384,1
15385,10
15386,1
15387,10
15388,12
15389,1
15390,18
15391,14
15392,16
15393,62
15394,7
15395,0
15396,4
15397,2
15398,1
15399,10
15400,4
15401,17
15402,8
15403,8
15404,6
15405,19
15406,45
15407,6
15408,39
15409,15
15410,51
15411,13
15412,23
15413,38
15414,33
15415,16
15416,22
15417,29
15418,31
15419,32
15420,154
15421,6
15422,19
15423,5
15424,10
15425,20
15426,5
15427,17
15428,13
15429,27
15430,27
15431,2
15432,17
15433,21
15434,11
15435,9
15436,22
15437,10
15438,57
15439,10
15440,25
15441,4
15442,40
15443,12
15444,34
15445,10
15446,12
15447,21
15448,9
15449,0
15450,16
15451,7
15452,5
15453,2
15454,11
15455,14
15456,2
15457,1
15458,3
15459,1
15460,2
15461,7
15462,0
15463,5
15464,0
15465,11
15466,22
15467,47
15468,13
15469,0
15470,0
15471,17
15472,29
15473,2
15474,11
15475,4
15476,2
15477,19
15478,11
15479,3
15480,19
15481,11
15482,2
15483,3
15484,3
15485,5
15486,0
15487,63
15488,5
15489,2
15490,8
15491,4
15492,14
15493,10
15494,1
15495,3
15496,14
15497,6
15498,17
15499,15
15500,20
15501,9
15502,20
15503,7
15504,11
15505,7
15506,5
15507,32
15508,7
15509,52
15510,17
15511,4
15512,24
15513,39
15514,33
15515,103
15516,16
15517,18
15518,21
15519,46
15520,12
15521,40
15522,41
15523,11
15524,5
15525,9
15526,6
15527,18
15528,14
15529,3
15530,28
15531,28
15532,18
15533,12
15534,22
15535,11
15536,23
15537,11
15538,26
15539,13
15540,35
15541,58
15542,14
15543,10
15544,0
15545,155
15546,13
15547,22
15548,6
15549,34
15550,3
15551,12
15552,20
15553,12
15554,14
15555,15
15556,48
15557,3
15558,6
15559,11
15560,12
15561,2
15562,0
15563,5
15564,23
15565,0
15566,0
15567,3
15568,3
15569,0
15570,0
15571,15
15572,5
15573,3
15574,0
15575,5
15576,1
15577,15
15578,6
15579,12
15580,4
15581,6
15582,4
15583,10
15584,4
15585,4
15586,16
15587,7
15588,9
15589,64
15590,18
15591,2
15592,6
15593,1
15594,17
15595,3
15596,8
15597,2
15598,8
15599,11
15600,10
15601,6
15602,8
15603,42
15604,12
15605,22
15606,8
15607,21
15608,47
15609,53
15610,8
15611,104
15612,41
15613,6
15614,13
15615,40
15616,25
15617,5
15618,18
15619,4
15620,8
15621,21
15622,36
15623,12
15624,59
15625,7
15626,7
15627,7
15628,19
15629,4
15630,15
15631,13
15632,29
15633,19
15634,29
15635,0
15636,23
15637,15
15638,12
15639,27
15640,14
15641,23
15642,156
15643,33
15644,11
15645,12
15646,14
15647,24
15648,34
15649,19
15650,5
15651,3
15652,49
15653,15
15654,12
15655,4
15656,13
15657,13
15658,18
15659,0
15660,7
15661,5
15662,21
15663,0
15664,1
15665,1
15666,24
15667,13
15668,0
15669,6
15670,16
15671,0
15672,1
15673,16
15674,9
15675,4
15676,19
15677,11
15678,17
15679,10
15680,5
15681,3
15682,0
15683,2
15684,6
15685,2
15686,3
15687,1
15688,10
15689,0
15690,17
15691,65
15692,7
15693,7
15694,5
15695,0
15696,12
15697,9
15698,0
15699,13
15700,18
15701,5
15702,11
15703,13
15704,105
15705,48
15706,37
15707,7
15708,9
15709,7
15710,0
15711,105
15712,2
15713,54
15714,41
15715,14
15716,9
15717,19
15718,22
15719,22
15720,9
15721,6
15722,13
15723,34
15724,24
15725,6
15726,8
15727,8
15728,5
15729,20
15730,16
15731,14
15732,20
15733,30
15734,30
15735,15
15736,24
15737,13
15738,25
15739,16
15740,15
15741,13
15742,12
15743,43
15744,9
15745,28
15746,60
15747,157
15748,42
15749,0
15750,8
15751,12
15752,14
15753,0
15754,0
15755,17
15756,1
15757,5
15758,10
15759,13
15760,2
15761,17
15762,15
15763,0
15764,7
15765,25
15766,0
15767,5
15768,1
15769,8
15770,0
15771,0
15772,23
15773,1
15774,14
15775,14
15776,14
15777,2
15778,1
15779,4
15780,6
15781,11
15782,3
15783,6
15784,7
15785,4
15786,13
15787,18
15788,3
15789,11
15790,4
15791,1
15792,16
15793,8
15794,10
15795,13
15796,8
15797,6
15798,66
15799,50
15800,4
15801,12
15802,42
15803,15
15804,10
15805,38
15806,6
15807,7
15808,8
15809,19
15810,55
15811,8
15812,23
15813,10
15814,3
15815,24
15816,23
15817,9
15818,5
15819,4
15820,49
15821,20
15822,10
15823,9
15824,29
15825,9
15826,6
15827,21
15828,17
15829,31
15830,15
15831,21
15832,35
15833,25
15834,31
15835,14
15836,26
15837,25
15838,16
15839,14
15840,16
15841,61
15842,44
15843,17
15844,13
15845,10
15846,14
15847,43
15848,7
15849,14
15850,12
15851,1
15852,2
15853,8
15854,3
15855,15
15856,11
15857,0
15858,6
15859,18
15860,18
15861,14
15862,1
15863,0
15864,6
15865,0
15866,1
15867,13
15868,2
15869,8
15870,0
15871,26
15872,7
15873,1
15874,2
15875,13
15876,15
15877,9
15878,7
15879,51
15880,67
15881,14
15882,8
15883,2
15884,17
15885,12
15886,2
15887,7
15888,5
15889,9
15890,11
15891,3
15892,18
15893,15
15894,1
15895,14
15896,9
15897,5
15898,15
15899,19
15900,50
15901,11
15902,9
15903,11
15904,39
15905,8
15906,45
15907,16
15908,13
15909,43
15910,4
15911,8
15912,5
15913,56
15914,6
15915,21
15916,10
15917,24
15918,64
15919,24
15920,11
15921,5
15922,15
15923,52
15924,15
15925,10
15926,10
15927,7
15928,22
15929,36
15930,16
15931,32
15932,18
15933,22
15934,26
15935,30
15936,32
15937,11
15938,17
15939,15
15940,18
15941,14
15942,27
15943,17
15944,26
15945,62
15946,7
15947,15
15948,44
15949,9
15950,6
15951,16
15952,12
15953,3
15954,0
15955,14
15956,2
15957,1
15958,16
15959,1
15960,0
15961,15
15962,3
15963,2
15964,1
15965,9
15966,0
15967,15
15968,19
15969,17
15970,0
15971,3
15972,16
15973,27
15974,0
15975,9
15976,1
15977,10
15978,8
15979,3
15980,68
15981,13
15982,13
15983,10
15984,8
15985,6
15986,10
15987,3
15988,12
15989,18
15990,8
15991,2
15992,4
15993,9
15994,20
15995,4
15996,19
15997,9
15998,16
15999,15
16000,6
16001,14
16002,40
16003,31
16004,16
16005,46
16006,63
16007,12
16008,17
16009,6
16010,22
16011,44
16012,51
16013,0
16014,7
16015,0
16016,57
16017,11
16018,0
16019,9
16020,12
16021,5
16022,27
16023,15
16024,9
16025,7
16026,11
16027,11
16028,8
16029,37
16030,17
16031,23
16032,23
16033,33
16034,27
16035,16
16036,19
16037,16
16038,33
16039,19
16040,18
16041,18
16042,28
16043,10
16044,8
16045,16
16046,12
16047,12
16048,25
16049,9
16050,4
16051,0
16052,5
16053,11
16054,4
16055,4
16056,3
16057,2
16058,2
16059,2
16060,3
16061,16
16062,15
16063,4
16064,17
16065,17
16066,10
16067,0
16068,16
16069,17
16070,1
16071,0
16072,17
16073,28
16074,19
16075,18
16076,4
16077,11
16078,7
16079,10
16080,14
16081,65
16082,13
16083,53
16084,11
16085,14
16086,69
16087,3
16088,9
16089,1
16090,5
16091,21
16092,9
16093,10
16094,1
16095,10
16096,1
16097,1
16098,2
16099,16
16100,64
16101,15
16102,32
16103,17
16104,18
16105,28
16106,47
16107,8
16108,7
16109,41
16110,10
16111,13
16112,12
16113,17
16114,58
16115,10
16116,23
16117,8
16118,8
16119,15
16120,7
16121,45
16122,17
16123,20
16124,13
16125,26
16126,12
16127,9
16128,12
16129,38
16130,24
16131,34
16132,18
16133,13
16134,24
16135,9
16136,20
16137,10
16138,17
16139,16
16140,11
16141,19
16142,34
16143,19
16144,29
16145,6
16146,13
16147,28
16148,5
16149,66
16150,11
16151,3
16152,0
16153,2
16154,5
16155,0
16156,5
16157,1
16158,3
16159,4
16160,20
16161,10
16162,3
16163,11
16164,29
16165,0
16166,16
16167,18
16168,0
16169,0
16170,18
16171,0
16172,19
16173,0
16174,4
16175,20
16176,70
16177,11
16178,54
16179,10
16180,4
16181,2
16182,12
16183,6
16184,14
16185,2
16186,15
16187,2
16188,2
16189,11
16190,3
16191,22
16192,17
16193,5
16194,6
16195,1
16196,5
16197,12
16198,12
16199,17
16200,65
16201,8
16202,18
16203,14
16204,16
16205,9
16206,30
16207,33
16208,29
16209,42
16210,18
16211,9
16212,48
16213,13
16214,46
16215,59
16216,14
16217,67
16218,11
16219,24
16220,18
16221,11
16222,10
16223,21
16224,20
16225,6
16226,10
16227,13
16228,39
16229,13
16230,11
16231,14
16232,7
16233,19
16234,0
16235,19
16236,25
16237,12
16238,25
16239,29
16240,17
16241,21
16242,14
16243,20
16244,18
16245,35
16246,8
16247,35
16248,9
16249,16
16250,55
16251,11
16252,2
16253,18
16254,0
16255,5
16256,16
16257,11
16258,4
16259,6
16260,0
16261,6
16262,1
16263,7
16264,0
16265,30
16266,71
16267,0
16268,0
16269,13
16270,0
16271,0
16272,21
16273,12
16274,3
16275,0
16276,23
16277,5
16278,5
16279,3
16280,3
16281,7
16282,0
16283,1
16284,1
16285,6
16286,4
16287,2
16288,3
16289,4
16290,1
16291,13
16292,15
16293,3
16294,13
16295,4
16296,6
16297,18
16298,12
16299,12
16300,19
16301,17
16302,30
16303,15
16304,19
16305,10
16306,21
16307,66
16308,31
16309,12
16310,60
16311,49
16312,9
16313,10
16314,43
16315,34
16316,2
16317,14
16318,47
16319,4
16320,11
16321,12
16322,20
16323,8
16324,36
16325,2
16326,0
16327,11
16328,14
16329,40
16330,14
16331,0
16332,1
16333,12
16334,15
16335,21
16336,13
16337,26
16338,15
16339,20
16340,22
16341,9
16342,26
16343,18
16344,30
16345,22
16346,19
16347,36
16348,68
16349,31
16350,7
16351,0
16352,2
16353,6
16354,1
16355,19
16356,7
16357,7
16358,0
16359,7
16360,24
16361,4
16362,1
16363,12
16364,0
16365,12
16366,8
16367,1
16368,12
16369,17
16370,0
16371,22
16372,18
16373,2
16374,3
16375,25
16376,5
16377,14
16378,10
16379,4
16380,15
16381,8
16382,6
16383,7
16384,6
16385,4
16386,3
16387,5
16388,4
16389,56
16390,17
16391,14
16392,19
16393,19
16394,0
16395,5
16396,1
16397,1
16398,13
16399,13
16400,22
16401,3
16402,22
16403,31
16404,20
16405,16
16406,12
16407,3
16408,32
16409,31
16410,50
16411,67
16412,15
16413,18
16414,20
16415,35
16416,11
16417,5
16418,48
16419,44
16420,1
16421,13
16422,37
16423,13
16424,23
16425,5
16426,12
16427,41
16428,15
16429,2
16430,13
16431,15
16432,1
16433,14
16434,16
16435,21
16436,37
16437,9
16438,23
16439,10
16440,27
16441,19
16442,21
16443,27
16444,11
16445,10
16446,20
16447,16
16448,9
16449,8
16450,69
16451,0
16452,2
16453,8
16454,4
16455,2
16456,0
16457,1
16458,0
16459,57
16460,8
16461,6
16462,1
16463,15
16464,13
16465,13
16466,8
16467,0
16468,23
16469,13
16470,25
16471,9
16472,0
16473,20
16474,5
16475,2
16476,2
16477,7
16478,0
16479,11
16480,8
16481,5
16482,7
16483,5
16484,4
16485,14
16486,6
16487,7
16488,15
16489,1
16490,2
16491,2
16492,3
16493,0
16494,6
16495,0
16496,20
16497,18
16498,14
16499,16
16500,33
16501,32
16502,36
16503,38
16504,17
16505,32
16506,14
16507,21
16508,2
16509,23
16510,19
16511,8
16512,23
16513,6
16514,14
16515,6
16516,16
16517,49
16518,6
16519,68
16520,22
16521,13
16522,24
16523,38
16524,21
16525,21
16526,3
16527,13
16528,42
16529,16
16530,14
16531,2
16532,16
16533,15
16534,17
16535,4
16536,17
16537,11
16538,12
16539,24
16540,20
16541,22
16542,11
16543,28
16544,4
16545,28
16546,66
16547,10
16548,45
16549,10
16550,12
16551,3
16552,3
16553,2
16554,0
16555,24
16556,0
16557,9
16558,0
16559,0
16560,3
16561,0
16562,1
16563,7
16564,0
16565,5
16566,58
16567,21
16568,14
16569,14
16570,0
16571,16
16572,9
16573,9
16574,19
16575,3
16576,2
16577,21
16578,70
16579,0
16580,9
16581,6
16582,10
16583,8
16584,1
16585,16
16586,5
16587,3
16588,12
16589,15
16590,3
16591,17
16592,15
16593,4
16594,7
16595,6
16596,8
16597,7
16598,1
16599,9
16600,10
16601,7
16602,34
16603,33
16604,3
16605,15
16606,7
16607,33
16608,9
16609,17
16610,24
16611,37
16612,22
16613,24
16614,15
16615,4
16616,7
16617,50
16618,69
16619,7
16620,18
16621,13
16622,29
16623,4
16624,22
16625,14
16626,43
16627,17
16628,15
16629,3
16630,16
16631,17
16632,18
16633,18
16634,11
16635,25
16636,5
16637,12
16638,5
16639,39
16640,21
16641,13
16642,25
16643,23
16644,29
16645,39
16646,23
16647,12
16648,46
16649,16
16650,14
16651,18
16652,1
16653,2
16654,1
16655,2
16656,10
16657,0
16658,10
16659,0
16660,0
16661,4
16662,8
16663,0
16664,1
16665,0
16666,0
16667,22
16668,0
16669,1
16670,15
16671,17
16672,0
16673,5
16674,71
16675,10
16676,0
16677,25
16678,6
16679,2
16680,8
16681,4
16682,13
16683,5
16684,16
16685,11
16686,9
16687,8
16688,1
16689,9
16690,2
16691,3
16692,1
16693,1
16694,17
16695,7
16696,4
16697,4
16698,4
16699,3
16700,2
16701,30
16702,19
16703,8
16704,4
16705,26
16706,26
16707,35
16708,24
16709,18
16710,25
16711,23
16712,38
16713,34
16714,16
16715,16
16716,11
16717,25
16718,8
16719,8
16720,24
16721,34
16722,8
16723,19
16724,14
16725,47
16726,5
16727,15
16728,44
16729,16
16730,18
16731,4
16732,17
16733,0
16734,6
16735,30
16736,19
16737,0
16738,6
16739,12
16740,13
16741,40
16742,13
16743,22
16744,11
16745,40
16746,23
16747,18
16748,51
16749,6
16750,14
16751,2
16752,0
16753,1
16754,1
16755,3
16756,2
16757,1
16758,1
16759,1
16760,19
16761,10
16762,2
16763,1
16764,2
16765,0
16766,11
16767,1
16768,0
16769,1
16770,0
16771,9
16772,6
16773,23
16774,3
16775,16
16776,8
16777,26
16778,10
16779,5
16780,7
16781,5
16782,3
16783,17
16784,0
16785,17
16786,15
16787,9
16788,4
16789,10
16790,9
16791,4
16792,3
16793,5
16794,5
16795,2
16796,5
16797,12
16798,5
16799,14
16800,27
16801,9
16802,31
16803,31
16804,20
16805,5
16806,15
16807,25
16808,7
16809,27
16810,17
16811,12
16812,36
16813,35
16814,24
16815,35
16816,4
16817,9
16818,39
16819,26
16820,19
16821,25
16822,12
16823,13
16824,24
16825,9
16826,6
16827,16
16828,45
16829,17
16830,7
16831,5
16832,18
16833,19
16834,20
16835,41
16836,7
16837,19
16838,20
16839,14
16840,1
16841,41
16842,14
16843,23
16844,1
16845,9
16846,3
16847,0
16848,8
16849,0
16850,6
16851,9
16852,0
16853,2
16854,10
16855,3
16856,0
16857,1
16858,3
16859,4
16860,2
16861,27
16862,16
16863,10
16864,3
16865,3
16866,2
16867,2
16868,0
16869,11
16870,1
16871,12
16872,11
16873,0
16874,2
16875,2
16876,4
16877,18
16878,17
16879,0
16880,18
16881,15
16882,6
16883,5
16884,11
16885,10
16886,6
16887,6
16888,6
16889,3
16890,4
16891,2
16892,16
16893,15
16894,2
16895,53
16896,6
16897,0
16898,13
16899,5
16900,28
16901,13
16902,20
16903,6
16904,13
16905,3
16906,32
16907,16
16908,5
16909,21
16910,25
16911,32
16912,37
16913,26
16914,1
16915,9
16916,26
16917,36
16918,28
16919,36
16920,10
16921,12
16922,8
16923,7
16924,25
16925,17
16926,8
16927,46
16928,18
16929,6
16930,19
16931,20
16932,21
16933,0
16934,8
16935,42
16936,1
16937,15
16938,14
16939,20
16940,21
16941,10
16942,4
16943,42
16944,24
16945,15
16946,6
16947,27
16948,40
16949,2
16950,19
16951,3
16952,2
16953,10
16954,17
16955,3
16956,4
16957,16
16958,3
16959,4
16960,5
16961,5
16962,14
16963,19
16964,4
16965,1
16966,2
16967,13
16968,0
16969,4
16970,0
16971,11
16972,0
16973,3
16974,17
16975,10
16976,4
16977,28
16978,7
16979,5
16980,0
16981,10
16982,16
16983,7
16984,11
16985,18
16986,12
16987,1
16988,7
16989,18
16990,3
16991,7
16992,3
16993,4
16994,54
16995,2
16996,6
16997,7
16998,3
16999,7
17000,33
17001,7
17002,14
17003,26
17004,14
17005,6
17006,43
17007,13
17008,6
17009,7
17010,33
17011,22
17012,38
17013,10
17014,37
17015,0
17016,0
17017,26
17018,28
17019,27
17020,21
17021,29
17022,16
17023,1
17024,25
17025,27
17026,8
17027,9
17028,18
17029,19
17030,47
17031,2
17032,20
17033,7
17034,22
17035,11
17036,9
17037,3
17038,16
17039,15
17040,22
17041,5
17042,11
17043,21
17044,9
17045,4
17046,43
17047,21
17048,37
17049,17
17050,8
17051,3
17052,6
17053,5
17054,4
17055,11
17056,5
17057,4
17058,6
17059,2
17060,18
17061,19
17062,4
17063,17
17064,3
17065,1
17066,15
17067,1
17068,1
17069,2
17070,0
17071,14
17072,1
17073,5
17074,19
17075,8
17076,3
17077,11
17078,8
17079,8
17080,12
17081,8
17082,5
17083,4
17084,8
17085,2
17086,55
17087,11
17088,13
17089,29
17090,7
17091,20
17092,5
17093,5
17094,4
17095,29
17096,4
17097,18
17098,17
17099,4
17100,8
17101,7
17102,22
17103,14
17104,15
17105,27
17106,44
17107,8
17108,11
17109,0
17110,5
17111,34
17112,6
17113,39
17114,30
17115,23
17116,9
17117,9
17118,27
17119,38
17120,17
17121,15
17122,7
17123,9
17124,44
17125,3
17126,10
17127,3
17128,8
17129,19
17130,20
17131,48
17132,21
17133,10
17134,4
17135,26
17136,23
17137,22
17138,5
17139,6
17140,17
17141,16
17142,12
17143,22
17144,23
17145,12
17146,10
17147,2
17148,29
17149,4
17150,5
17151,7
17152,12
17153,12
17154,4
17155,5
17156,2
17157,4
17158,19
17159,0
17160,1
17161,6
17162,18
17163,0
17164,0
17165,10
17166,0
17167,9
17168,0
17169,2
17170,0
17171,6
17172,9
17173,0
17174,5
17175,2
17176,20
17177,21
17178,6
17179,14
17180,9
17181,13
17182,19
17183,18
17184,5
17185,56
17186,5
17187,6
17188,8
17189,5
17190,3
17191,2
17192,0
17193,1
17194,30
17195,9
17196,12
17197,6
17198,18
17199,7
17200,28
17201,27
17202,8
17203,10
17204,23
17205,18
17206,1
17207,0
17208,16
17209,45
17210,9
17211,15
17212,10
17213,4
17214,7
17215,45
17216,0
17217,16
17218,9
17219,9
17220,24
17221,0
17222,23
17223,10
17224,28
17225,12
17226,11
17227,4
17228,9
17229,6
17230,20
17231,21
17232,11
17233,5
17234,22
17235,11
17236,49
17237,3
17238,23
17239,7
17240,0
17241,13
17242,17
17243,13
17244,18
17245,0
17246,8
17247,24
17248,6
17249,5
17250,6
17251,6
17252,0
17253,1
17254,13
17255,7
17256,0
17257,8
17258,3
17259,3
17260,35
17261,8
17262,5
17263,6
17264,0
17265,1
17266,22
17267,13
17268,11
17269,0
17270,0
17271,0
17272,0
17273,22
17274,31
17275,2
17276,4
17277,19
17278,10
17279,14
17280,0
17281,7
17282,6
17283,20
17284,10
17285,6
17286,15
17287,57
17288,10
17289,2
17290,7
17291,6
17292,5
17293,0
17294,19
17295,0
17296,13
17297,0
17298,1
17299,7
17300,16
17301,46
17302,24
17303,25
17304,2
17305,28
17306,24
17307,19
17308,10
17309,11
17310,8
17311,17
17312,17
17313,46
17314,8
17315,7
17316,7
17317,10
17318,7
17319,29
17320,58
17321,11
17322,29
17323,5
17324,19
17325,11
17326,7
17327,12
17328,5
17329,10
17330,12
17331,6
17332,21
17333,25
17334,23
17335,18
17336,50
17337,1
17338,4
17339,8
17340,24
17341,9
17342,14
17343,1
17344,14
17345,9
17346,12
17347,22
17348,1
17349,4
17350,10
17351,8
17352,14
17353,7
17354,2
17355,1
17356,6
17357,0
17358,1
17359,2
17360,14
17361,4
17362,9
17363,0
17364,0
17365,1
17366,0
17367,2
17368,12
17369,1
17370,1
17371,4
17372,2
17373,1
17374,3
17375,11
17376,5
17377,1
17378,11
17379,21
17380,1
17381,15
17382,7
17383,8
17384,3
17385,2
17386,6
17387,16
17388,11
17389,8
17390,13
17391,9
17392,1
17393,7
17394,7
17395,2
17396,0
17397,9
17398,32
17399,6
17400,30
17401,26
17402,25
17403,20
17404,47
17405,0
17406,0
17407,19
17408,17
17409,25
17410,9
17411,12
17412,0
17413,20
17414,0
17415,0
17416,8
17417,12
17418,9
17419,8
17420,3
17421,29
17422,2
17423,51
17424,11
17425,47
17426,8
17427,13
17428,2
17429,12
17430,13
17431,7
17432,6
17433,11
17434,22
17435,13
17436,24
17437,23
17438,10
17439,5
17440,9
17441,0
17442,10
17443,15
17444,0
17445,25
17446,15
17447,26
17448,11
17449,8
17450,12
17451,59
17452,7
17453,3
17454,9
17455,7
17456,14
17457,1
17458,3
17459,1
17460,8
17461,4
17462,10
17463,2
17464,2
17465,9
17466,0
17467,1
17468,0
17469,3
17470,2
17471,10
17472,0
17473,10
17474,5
17475,5
17476,5
17477,33
17478,8
17479,6
17480,16
17481,18
17482,7
17483,18
17484,12
17485,3
17486,12
17487,2
17488,22
17489,2
17490,3
17491,11
17492,0
17493,4
17494,17
17495,8
17496,2
17497,8
17498,2
17499,9
17500,14
17501,0
17502,16
17503,1
17504,16
17505,11
17506,0
17507,0
17508,26
17509,4
17510,0
17511,0
17512,0
17513,3
17514,0
17515,18
17516,0
17517,26
17518,48
17519,21
17520,10
17521,0
17522,1
17523,0
17524,1
17525,27
17526,9
17527,3
17528,14
17529,1
17530,14
17531,13
17532,8
17533,1
17534,12
17535,27
17536,0
17537,7
17538,11
17539,23
17540,52
17541,25
17542,0
17543,24
17544,1
17545,6
17546,12
17547,0
17548,31
17549,30
17550,13
17551,13
17552,9
17553,1
17554,17
17555,3
17556,3
17557,0
17558,4
17559,5
17560,2
17561,10
17562,6
17563,4
17564,23
17565,34
17566,8
17567,0
17568,2
17569,1
17570,4
17571,3
17572,10
17573,8
17574,18
17575,3
17576,5
17577,1
17578,10
17579,13
17580,10
17581,9
17582,9
17583,9
17584,9
17585,13
17586,7
17587,8
17588,12
17589,13
17590,4
17591,6
17592,12
17593,3
17594,4
17595,9
17596,19
17597,3
17598,19
17599,0
17600,0
17601,0
17602,19
17603,27
17604,15
17605,0
17606,1
17607,27
17608,5
17609,49
17610,0
17611,0
17612,22
17613,0
17614,14
17615,10
17616,28
17617,0
17618,0
17619,31
17620,17
17621,1
17622,17
17623,13
17624,11
17625,11
17626,4
17627,10
17628,15
17629,15
17630,9
17631,14
17632,12
17633,13
17634,0
17635,12
17636,24
17637,8
17638,25
17639,53
17640,1
17641,26
17642,7
17643,1
17644,0
17645,4
17646,28
17647,1
17648,0
17649,11
17650,14
17651,10
17652,4
17653,14
17654,19
17655,2
17656,13
17657,5
17658,10
17659,0
17660,3
17661,5
17662,6
17663,7
17664,11
17665,6
17666,9
17667,9
17668,4
17669,18
17670,14
17671,4
17672,2
17673,13
17674,4
17675,3
17676,0
17677,0
17678,0
17679,0
17680,0
17681,2
17682,10
17683,10
17684,5
17685,14
17686,0
17687,9
17688,7
17689,1
17690,1
17691,1
17692,1
17693,10
17694,0
17695,8
17696,1
17697,1
17698,0
17699,0
17700,50
17701,11
17702,28
17703,1
17704,3
17705,16
17706,20
17707,1
17708,2
17709,1
17710,2
17711,12
17712,23
17713,15
17714,1
17715,29
17716,15
17717,9
17718,8
17719,32
17720,6
17721,11
17722,18
17723,54
17724,5
17725,2
17726,0
17727,5
17728,11
17729,16
17730,16
17731,10
17732,13
17733,15
17734,14
17735,28
17736,14
17737,26
17738,12
17739,1
17740,8
17741,29
17742,27
17743,9
17744,1
17745,13
17746,18
17747,25
17748,1
17749,10
17750,11
17751,3
17752,4
17753,1
17754,5
17755,2
17756,0
17757,10
17758,5
17759,3
17760,6
17761,10
17762,5
17763,0
17764,14
17765,1
17766,6
17767,5
17768,15
17769,4
17770,19
17771,4
17772,7
17773,12
17774,4
17775,13
17776,1
17777,8
17778,6
17779,6
17780,12
17781,15
17782,1
17783,15
17784,5
17785,11
17786,20
17787,5
17788,11
17789,5
17790,3
17791,1
17792,1
17793,4
17794,6
17795,11
17796,0
17797,1
17798,7
17799,1
17800,13
17801,2
17802,2
17803,19
17804,12
17805,29
17806,21
17807,2
17808,2
17809,9
17810,2
17811,17
17812,0
17813,3
17814,51
17815,24
17816,12
17817,10
17818,16
17819,16
17820,4
17821,29
17822,19
17823,13
17824,6
17825,30
17826,6
17827,12
17828,1
17829,17
17830,11
17831,14
17832,17
17833,16
17834,15
17835,7
17836,15
17837,2
17838,9
17839,55
17840,27
17841,30
17842,28
17843,10
17844,14
17845,2
17846,2
17847,26
17848,33
17849,2
17850,7
17851,6
17852,1
17853,12
17854,11
17855,6
17856,2
17857,2
17858,2
17859,0
17860,9
17861,4
17862,5
17863,2
17864,6
17865,0
17866,0
17867,0
17868,5
17869,7
17870,5
17871,7
17872,0
17873,11
17874,4
17875,13
17876,3
17877,2
17878,11
17879,12
17880,16
17881,2
17882,7
17883,12
17884,2
17885,2
17886,2
17887,4
17888,6
17889,16
17890,13
17891,12
17892,6
17893,0
17894,2
17895,0
17896,8
17897,7
17898,5
17899,3
17900,3
17901,30
17902,20
17903,22
17904,10
17905,13
17906,7
17907,11
17908,20
17909,11
17910,12
17911,8
17912,4
17913,3
17914,1
17915,30
17916,18
17917,17
17918,3
17919,25
17920,26
17921,13
17922,3
17923,14
17924,3
17925,17
17926,7
17927,13
17928,2
17929,12
17930,15
17931,18
17932,18
17933,10
17934,16
17935,14
17936,17
17937,16
17938,31
17939,8
17940,5
17941,27
17942,56
17943,28
17944,29
17945,3
17946,15
17947,3
17948,13
17949,13
17950,2
17951,10
17952,13
17953,6
17954,1
17955,3
17956,0
17957,6
17958,3
17959,1
17960,16
17961,7
17962,8
17963,0
17964,7
17965,8
17966,4
17967,0
17968,3
17969,0
17970,15
17971,0
17972,4
17973,12
17974,6
17975,0
17976,7
17977,4
17978,8
17979,17
17980,7
17981,3
17982,3
17983,3
17984,5
17985,17
17986,8
17987,9
17988,5
17989,3
17990,3
17991,6
17992,0
17993,2
17994,5
17995,14
17996,7
17997,12
17998,3
17999,13
18000,21
18001,21
18002,27
18003,9
18004,4
18005,23
18006,14
18007,8
18008,31
18009,14
18010,4
18011,18
18012,31
18013,5
18014,13
18015,12
18016,12
18017,19
18018,18
18019,8
18020,9
18021,2
18022,4
18023,4
18024,16
18025,3
18026,8
18027,14
18028,3
18029,13
18030,16
18031,19
18032,19
18033,17
18034,4
18035,30
18036,6
18037,18
18038,15
18039,17
18040,28
18041,32
18042,57
18043,15
18044,29
18045,4
18046,11
18047,11
18048,9
18049,14
18050,6
18051,2
18052,9
18053,4
18054,7
18055,5
18056,1
18057,7
18058,9
18059,1
18060,4
18061,4
18062,7
18063,17
18064,13
18065,0
18066,0
18067,8
18068,1
18069,16
18070,2
18071,0
18072,0
18073,12
18074,14
18075,0
18076,0
18077,15
18078,23
18079,14
18080,4
18081,18
18082,9
18083,18
18084,6
18085,4
18086,4
18087,10
18088,5
18089,8
18090,8
18091,8
18092,11
18093,4
18094,13
18095,7
18096,2
18097,6
18098,14
18099,3
18100,0
18101,5
18102,24
18103,10
18104,31
18105,10
18106,28
18107,22
18108,3
18109,32
18110,4
18111,32
18112,22
18113,19
18114,6
18115,9
18116,10
18117,7
18118,14
18119,9
18120,17
18121,15
18122,15
18123,16
18124,30
18125,3
18126,9
18127,15
18128,4
18129,17
18130,14
18131,20
18132,5
18133,20
18134,18
18135,5
18136,7
18137,19
18138,12
18139,12
18140,16
18141,5
18142,0
18143,29
18144,18
18145,58
18146,33
18147,5
18148,20
18149,18
18150,15
18151,16
18152,2
18153,10
18154,1
18155,1
18156,13
18157,15
18158,5
18159,1
18160,15
18161,5
18162,6
18163,17
18164,5
18165,8
18166,1
18167,8
18168,14
18169,9
18170,9
18171,10
18172,3
18173,2
18174,12
18175,13
18176,3
18177,0
18178,1
18179,24
18180,13
18181,10
18182,19
18183,19
18184,2
18185,9
18186,7
18187,9
18188,4
18189,8
18190,11
18191,15
18192,5
18193,14
18194,9
18195,5
18196,19
18197,7
18198,5
18199,6
18200,23
18201,33
18202,32
18203,25
18204,18
18205,6
18206,31
18207,16
18208,11
18209,10
18210,15
18211,7
18212,4
18213,1
18214,20
18215,23
18216,8
18217,2
18218,10
18219,33
18220,19
18221,11
18222,34
18223,13
18224,6
18225,5
18226,10
18227,5
18228,16
18229,18
18230,15
18231,6
18232,19
18233,17
18234,21
18235,16
18236,6
18237,8
18238,11
18239,13
18240,20
18241,6
18242,4
18243,30
18244,29
18245,59
18246,17
18247,21
18248,25
18249,5
18250,11
18251,13
18252,6
18253,11
18254,17
18255,6
18256,2
18257,2
18258,3
18259,19
18260,0
18261,9
18262,19
18263,0
18264,4
18265,0
18266,6
18267,0
18268,18
18269,16
18270,10
18271,0
18272,2
18273,10
18274,4
18275,9
18276,14
18277,2
18278,16
18279,10
18280,14
18281,8
18282,7
18283,10
18284,15
18285,3
18286,10
18287,14
18288,20
18289,4
18290,12
18291,16
18292,6
18293,3
18294,8
18295,6
18296,14
18297,0
18298,2
18299,1
18300,12
18301,2
18302,8
18303,7
18304,20
18305,35
18306,18
18307,11
18308,19
18309,33
18310,11
18311,17
18312,3
18313,24
18314,9
18315,12
18316,6
18317,6
18318,24
18319,26
18320,32
18321,34
18322,31
18323,22
18324,26
18325,15
18326,11
18327,6
18328,17
18329,19
18330,7
18331,18
18332,16
18333,20
18334,7
18335,17
18336,14
18337,9
18338,0
18339,14
18340,21
18341,7
18342,5
18343,30
18344,7
18345,12
18346,60
18347,22
18348,11
18349,2
18350,12
18351,0
18352,1
18353,1
18354,7
18355,14
18356,3
18357,18
18358,20
18359,0
18360,15
18361,7
18362,0
18363,4
18364,7
18365,0
18366,7
18367,3
18368,1
18369,19
18370,5
18371,11
18372,11
18373,1
18374,13
18375,0
18376,12
18377,3
18378,21
18379,8
18380,16
18381,9
18382,16
18383,11
18384,11
18385,5
18386,20
18387,9
18388,17
18389,4
18390,1
18391,5
18392,3
18393,0
18394,3
18395,5
18396,15
18397,17
18398,15
18399,4
18400,36
18401,19
18402,0
18403,8
18404,13
18405,33
18406,32
18407,12
18408,20
18409,21
18410,7
18411,3
18412,18
18413,1
18414,34
18415,4
18416,10
18417,25
18418,7
18419,12
18420,9
18421,35
18422,18
18423,31
18424,61
18425,2
18426,12
18427,7
18428,20
18429,18
18430,8
18431,19
18432,21
18433,8
18434,15
18435,27
18436,17
18437,10
18438,8
18439,23
18440,6
18441,15
18442,1
18443,8
18444,22
18445,13
18446,3
18447,23
18448,21
18449,27
18450,12
18451,2
18452,18
18453,0
18454,16
18455,4
18456,15
18457,8
18458,5
18459,0
18460,19
18461,21
18462,8
18463,14
18464,8
18465,16
18466,8
18467,1
18468,12
18469,0
18470,6
18471,2
18472,1
18473,2
18474,4
18475,1
18476,13
18477,10
18478,13
18479,13
18480,10
18481,9
18482,0
18483,12
18484,17
18485,6
18486,17
18487,16
18488,12
18489,6
18490,5
18491,18
18492,16
18493,4
18494,6
18495,4
18496,2
18497,12
18498,4
18499,5
18500,0
18501,14
18502,13
18503,10
18504,34
18505,21
18506,33
18507,4
18508,37
18509,20
18510,13
18511,22
18512,36
18513,19
18514,8
18515,35
18516,3
18517,7
18518,8
18519,11
18520,2
18521,2
18522,19
18523,24
18524,62
18525,22
18526,13
18527,8
18528,21
18529,9
18530,20
18531,19
18532,22
18533,16
18534,9
18535,14
18536,18
18537,32
18538,9
18539,7
18540,28
18541,24
18542,9
18543,23
18544,4
18545,16
18546,9
18547,11
18548,26
18549,0
18550,5
18551,17
18552,19
18553,1
18554,1
18555,5
18556,6
18557,1
18558,0
18559,17
18560,16
18561,19
18562,12
18563,2
18564,2
18565,9
18566,15
18567,0
18568,9
18569,21
18570,9
18571,0
18572,7
18573,3
18574,1
18575,10
18576,3
18577,13
18578,3
18579,13
18580,6
18581,18
18582,1
18583,14
18584,13
18585,11
18586,22
18587,14
18588,11
18589,7
18590,6
18591,13
18592,14
18593,7
18594,18
18595,5
18596,5
18597,17
18598,5
18599,5
18600,2
18601,9
18602,22
18603,20
18604,34
18605,3
18606,11
18607,23
18608,15
18609,35
18610,9
18611,15
18612,4
18613,21
18614,12
18615,37
18616,8
18617,4
18618,7
18619,8
18620,14
18621,38
18622,63
18623,25
18624,3
18625,23
18626,14
18627,9
18628,21
18629,10
18630,22
18631,17
18632,23
18633,20
18634,10
18635,17
18636,33
18637,19
18638,10
18639,8
18640,10
18641,5
18642,29
18643,10
18644,5
18645,24
18646,25
18647,12
18648,36
18649,12
18650,6
18651,18
18652,1
18653,1
18654,3
18655,1
18656,12
18657,15
18658,17
18659,0
18660,3
18661,7
18662,14
18663,18
18664,0
18665,1
18666,10
18667,22
18668,0
18669,16
18670,0
18671,8
18672,0
18673,0
18674,2
18675,14
18676,4
18677,2
18678,14
18679,14
18680,23
18681,8
18682,19
18683,15
18684,7
18685,11
18686,6
18687,6
18688,6
18689,4
18690,18
18691,6
18692,6
18693,14
18694,19
18695,2
18696,2
18697,15
18698,0
18699,14
18700,5
18701,23
18702,30
18703,24
18704,3
18705,64
18706,4
18707,13
18708,12
18709,18
18710,0
18711,36
18712,39
18713,8
18714,16
18715,9
18716,21
18717,13
18718,38
18719,16
18720,26
18721,35
18722,15
18723,20
18724,25
18725,8
18726,22
18727,15
18728,11
18729,10
18730,23
18731,18
18732,24
18733,11
18734,21
18735,10
18736,34
18737,13
18738,9
18739,11
18740,26
18741,0
18742,11
18743,6
18744,11
18745,6
18746,4
18747,0
18748,22
18749,1
18750,24
18751,16
18752,3
18753,1
18754,0
18755,2
18756,1
18757,0
18758,19
18759,2
18760,4
18761,8
18762,0
18763,1
18764,18
18765,9
18766,23
18767,11
18768,0
18769,0
18770,15
18771,17
18772,7
18773,0
18774,15
18775,4
18776,5
18777,3
18778,15
18779,5
18780,20
18781,9
18782,5
18783,15
18784,7
18785,7
18786,9
18787,3
18788,10
18789,7
18790,3
18791,15
18792,15
18793,12
18794,16
18795,2
18796,19
18797,7
18798,7
18799,0
18800,24
18801,65
18802,6
18803,27
18804,4
18805,9
18806,14
18807,36
18808,13
18809,19
18810,25
18811,31
18812,37
18813,10
18814,39
18815,1
18816,16
18817,17
18818,0
18819,14
18820,26
18821,40
18822,5
18823,9
18824,11
18825,23
18826,0
18827,16
18828,12
18829,11
18830,24
18831,19
18832,25
18833,35
18834,22
18835,16
18836,12
18837,10
18838,7
18839,5
18840,7
18841,21
18842,12
18843,12
18844,12
18845,27
18846,25
18847,14
18848,17
18849,0
18850,21
18851,16
18852,9
18853,1
18854,0
18855,2
18856,3
18857,1
18858,16
18859,17
18860,1
18861,2
18862,0
18863,5
18864,0
18865,2
18866,2
18867,16
18868,10
18869,16
18870,0
18871,19
18872,0
18873,0
18874,13
18875,4
18876,16
18877,1
18878,8
18879,8
18880,6
18881,6
18882,11
18883,8
18884,4
18885,10
18886,1
18887,8
18888,3
18889,4
18890,8
18891,20
18892,0
18893,6
18894,16
18895,17
18896,4
18897,0
18898,10
18899,8
18900,28
18901,66
18902,10
18903,15
18904,5
18905,0
18906,7
18907,25
18908,27
18909,2
18910,2
18911,37
18912,26
18913,41
18914,14
18915,38
18916,40
18917,5
18918,32
18919,20
18920,28
18921,5
18922,17
18923,8
18924,13
18925,24
18926,17
18927,13
18928,12
18929,1
18930,25
18931,20
18932,26
18933,0
18934,36
18935,6
18936,6
18937,15
18938,11
18939,13
18940,22
18941,15
18942,8
18943,26
18944,13
18945,13
18946,12
18947,23
18948,17
18949,1
18950,9
18951,10
18952,14
18953,2
18954,17
18955,17
18956,0
18957,18
18958,3
18959,4
18960,3
18961,3
18962,17
18963,11
18964,17
18965,3
18966,6
18967,1
18968,0
18969,0
18970,11
18971,17
18972,11
18973,1
18974,1
18975,1
18976,3
18977,2
18978,7
18979,9
18980,21
18981,9
18982,7
18983,22
18984,11
18985,9
18986,9
18987,5
18988,10
18989,18
18990,18
18991,12
18992,2
18993,9
18994,5
18995,7
18996,2
18997,18
18998,4
18999,17
19000,28
19001,2
19002,11
19003,14
19004,29
19005,3
19006,7
19007,67
19008,16
19009,6
19010,29
19011,26
19012,6
19013,27
19014,11
19015,3
19016,38
19017,42
19018,10
19019,12
19020,8
19021,2
19022,18
19023,13
19024,23
19025,33
19026,25
19027,2
19028,14
19029,7
19030,18
19031,1
19032,21
19033,26
19034,13
19035,14
19036,27
19037,0
19038,9
19039,6
19040,24
19041,14
19042,9
19043,27
19044,12
19045,16
19046,14
19047,37
19048,41
19049,6
19050,10
19051,4
19052,19
19053,5
19054,1
19055,11
19056,18
19057,0
19058,1
19059,18
19060,18
19061,3
19062,18
19063,2
19064,4
19065,15
19066,4
19067,0
19068,19
19069,2
19070,18
19071,12
19072,7
19073,4
19074,3
19075,12
19076,3
19077,13
19078,23
19079,10
19080,15
19081,10
19082,8
19083,16
19084,16
19085,3
19086,0
19087,10
19088,18
19089,0
19090,2
19091,8
19092,19
19093,22
19094,19
19095,1
19096,8
19097,6
19098,10
19099,0
19100,28
19101,68
19102,7
19103,17
19104,15
19105,7
19106,15
19107,11
19108,30
19109,3
19110,11
19111,4
19112,30
19113,27
19114,3
19115,1
19116,7
19117,13
19118,39
19119,43
19120,8
19121,29
19122,24
19123,15
19124,17
19125,12
19126,26
19127,3
19128,8
19129,15
19130,22
19131,19
19132,27
19133,14
19134,38
19135,13
19136,28
19137,14
19138,10
19139,7
19140,25
19141,28
19142,1
19143,19
19144,9
19145,15
19146,12
19147,10
19148,2
19149,11
19150,3
19151,1
19152,2
19153,3
19154,11
19155,6
19156,3
19157,9
19158,19
19159,13
19160,19
19161,14
19162,0
19163,5
19164,0
19165,3
19166,0
19167,3
19168,5
19169,0
19170,19
19171,4
19172,4
19173,1
19174,20
19175,5
19176,3
19177,0
19178,13
19179,4
19180,9
19181,17
19182,2
19183,17
19184,16
19185,23
19186,2
19187,9
19188,11
19189,19
19190,19
19191,12
19192,5
19193,8
19194,7
19195,19
19196,11
19197,4
19198,4
19199,4
19200,4
19201,29
19202,12
19203,16
19204,9
19205,14
19206,18
19207,31
19208,4
19209,8
19210,12
19211,16
19212,30
19213,14
19214,2
19215,28
19216,5
19217,12
19218,31
19219,5
19220,25
19221,69
19222,18
19223,3
19224,20
19225,4
19226,27
19227,9
19228,23
19229,16
19230,28
19231,20
19232,39
19233,11
19234,29
19235,16
19236,15
19237,40
19238,16
19239,15
19240,2
19241,8
19242,11
19243,10
19244,13
19245,8
19246,26
19247,29
19248,44
19249,4
19250,12
19251,20
19252,0
19253,0
19254,2
19255,1
19256,1
19257,0
19258,15
19259,14
19260,2
19261,12
19262,2
19263,1
19264,6
19265,1
19266,0
19267,0
19268,0
19269,6
19270,0
19271,0
19272,13
19273,7
19274,3
19275,0
19276,20
19277,13
19278,3
19279,3
19280,4
19281,14
19282,10
19283,5
19284,24
19285,10
19286,8
19287,9
19288,8
19289,18
19290,4
19291,5
19292,5
19293,17
19294,6
19295,1
19296,20
19297,5
19298,4
19299,18
19300,17
19301,9
19302,5
19303,30
19304,19
19305,26
19306,13
19307,31
19308,0
19309,6
19310,13
19311,15
19312,10
19313,5
19314,15
19315,29
19316,17
19317,32
19318,45
19319,13
19320,17
19321,32
19322,27
19323,3
19324,19
19325,4
19326,5
19327,10
19328,28
19329,29
19330,17
19331,24
19332,12
19333,21
19334,30
19335,21
19336,40
19337,4
19338,16
19339,16
19340,17
19341,6
19342,11
19343,9
19344,14
19345,9
19346,12
19347,30
19348,13
19349,70
19350,9
19351,13
19352,15
19353,21
19354,1
19355,3
19356,5
19357,0
19358,19
19359,0
19360,1
19361,2
19362,1
19363,21
19364,7
19365,3
19366,2
19367,0
19368,8
19369,0
19370,7
19371,16
19372,4
19373,21
19374,14
19375,3
19376,19
19377,5
19378,3
19379,25
19380,0
19381,2
19382,11
19383,15
19384,14
19385,5
19386,18
19387,7
19388,6
19389,11
19390,4
19391,10
19392,6
19393,6
19394,21
19395,9
19396,0
19397,5
19398,2
19399,6
19400,6
19401,7
19402,20
19403,18
19404,6
19405,16
19406,14
19407,14
19408,27
19409,10
19410,33
19411,32
19412,5
19413,18
19414,11
19415,7
19416,3
19417,30
19418,33
19419,14
19420,31
19421,71
19422,22
19423,5
19424,13
19425,16
19426,11
19427,6
19428,29
19429,30
19430,25
19431,18
19432,41
19433,31
19434,31
19435,28
19436,22
19437,13
19438,12
19439,17
19440,17
19441,18
19442,1
19443,10
19444,15
19445,10
19446,20
19447,4
19448,5
19449,20
19450,5
19451,15
19452,1
19453,2
19454,2
19455,1
19456,22
19457,6
19458,7
19459,4
19460,2
19461,18
19462,14
19463,3
19464,0
19465,1
19466,4
19467,8
19468,0
19469,7
19470,0
19471,9
19472,18
19473,1
19474,16
19475,22
19476,3
19477,15
19478,14
19479,7
19480,10
19481,3
19482,12
19483,8
19484,22
19485,1
19486,16
19487,7
19488,0
19489,26
19490,19
19491,7
19492,6
19493,6
19494,19
19495,11
19496,10
19497,6
19498,12
19499,4
19500,28
19501,7
19502,6
19503,17
19504,7
19505,19
19506,21
19507,23
19508,15
19509,11
19510,15
19511,15
19512,6
19513,33
19514,34
19515,31
19516,34
19517,8
19518,1
19519,14
19520,4
19521,72
19522,32
19523,23
19524,1
19525,19
19526,12
19527,7
19528,30
19529,31
19530,5
19531,19
19532,14
19533,26
19534,42
19535,29
19536,32
19537,32
19538,0
19539,19
19540,18
19541,18
19542,2
19543,16
19544,11
19545,11
19546,21
19547,13
19548,6
19549,6
19550,12
19551,11
19552,3
19553,3
19554,23
19555,7
19556,13
19557,2
19558,2
19559,19
19560,20
19561,7
19562,0
19563,5
19564,16
19565,4
19566,2
19567,5
19568,0
19569,8
19570,0
19571,9
19572,21
19573,27
19574,12
19575,4
19576,0
19577,8
19578,17
19579,13
19580,7
19581,23
19582,15
19583,19
19584,8
19585,9
19586,2
19587,17
19588,11
19589,4
19590,17
19591,2
19592,5
19593,8
19594,8
19595,1
19596,3
19597,8
19598,0
19599,7
19600,2
19601,20
19602,12
19603,18
19604,15
19605,16
19606,30
19607,8
19608,7
19609,24
19610,20
19611,22
19612,29
19613,0
19614,34
19615,1
19616,7
19617,32
19618,35
19619,35
19620,8
19621,7
19622,33
19623,43
19624,12
19625,16
19626,7
19627,13
19628,8
19629,6
19630,31
19631,15
19632,32
19633,14
19634,33
19635,0
19636,20
19637,33
19638,24
19639,20
19640,17
19641,19
19642,3
19643,22
19644,19
19645,0
19646,12
19647,27
19648,5
19649,5
19650,9
19651,18
19652,3
19653,6
19654,1
19655,6
19656,9
19657,1
19658,4
19659,13
19660,0
19661,1
19662,6
19663,8
19664,0
19665,14
19666,10
19667,17
19668,5
19669,3
19670,2
19671,9
19672,22
19673,21
19674,24
19675,11
19676,3
19677,9
19678,3
19679,8
19680,16
19681,18
19682,24
19683,0
19684,8
19685,1
19686,14
19687,2
19688,3
19689,5
19690,2
19691,18
19692,12
19693,4
19694,10
19695,9
19696,8
19697,4
19698,16
19699,13
19700,1
19701,17
19702,21
19703,1
19704,3
19705,9
19706,31
19707,13
19708,16
19709,4
19710,6
19711,23
19712,30
19713,8
19714,2
19715,33
19716,9
19717,9
19718,35
19719,36
19720,19
19721,8
19722,34
19723,23
19724,20
19725,25
19726,8
19727,14
19728,1
19729,9
19730,7
19731,16
19732,32
19733,15
19734,33
19735,8
19736,21
19737,28
19738,25
19739,18
19740,44
19741,34
19742,21
19743,4
19744,20
19745,13
19746,13
19747,34
19748,6
19749,21
19750,4
19751,2
19752,5
19753,17
19754,13
19755,7
19756,19
19757,10
19758,11
19759,1
19760,22
19761,14
19762,7
19763,14
19764,3
19765,0
19766,6
19767,0
19768,0
19769,9
19770,18
19771,7
19772,7
19773,0
19774,2
19775,10
19776,11
19777,19
19778,3
19779,2
19780,19
19781,17
19782,9
19783,25
19784,2
19785,5
19786,5
19787,9
19788,3
19789,10
19790,4
19791,15
19792,10
19793,6
19794,5
19795,17
19796,25
19797,10
19798,4
19799,0
19800,9
19801,32
19802,18
19803,4
19804,20
19805,5
19806,2
19807,10
19808,21
19809,22
19810,10
19811,3
19812,14
19813,9
19814,7
19815,31
19816,24
19817,4
19818,3
19819,5
19820,35
19821,17
19822,1
19823,19
19824,21
19825,7
19826,9
19827,2
19828,15
19829,10
19830,8
19831,16
19832,17
19833,33
19834,34
19835,14
19836,24
19837,5
19838,29
19839,35
19840,26
19841,45
19842,0
19843,22
19844,9
19845,35
19846,14
19847,22
19848,34
19849,10
19850,20
19851,12
19852,15
19853,18
19854,23
19855,11
19856,2
19857,1
19858,1
19859,18
19860,24
19861,7
19862,20
19863,14
19864,0
19865,1
19866,1
19867,0
19868,8
19869,4
19870,0
19871,0
19872,15
19873,2
19874,6
19875,0
19876,0
19877,12
19878,8
19879,10
19880,4
19881,6
19882,26
19883,10
19884,5
19885,0
19886,6
19887,7
19888,5
19889,11
19890,26
19891,11
19892,2
19893,18
19894,16
19895,3
19896,3
19897,6
19898,3
19899,0
19900,22
19901,4
19902,33
19903,36
19904,3
19905,21
19906,6
19907,5
19908,19
19909,10
19910,8
19911,1
19912,8
19913,4
19914,18
19915,6
19916,23
19917,10
19918,15
19919,32
19920,36
19921,11
19922,5
19923,35
19924,15
19925,9
19926,10
19927,3
19928,16
19929,9
19930,0
19931,17
19932,11
19933,18
19934,34
19935,23
19936,6
19937,25
19938,23
19939,20
19940,30
19941,27
19942,36
19943,46
19944,10
19945,15
19946,22
19947,3
19948,21
19949,9
19950,11
19951,7
19952,8
19953,2
19954,2
19955,0
19956,24
19957,1
19958,0
19959,12
19960,13
19961,0
19962,16
19963,2
19964,2
19965,21
19966,1
19967,19
19968,4
19969,0
19970,3
19971,15
19972,1
19973,7
19974,0
19975,25
19976,3
19977,19
19978,6
19979,11
19980,2
19981,0
19982,0
19983,11
19984,6
19985,27
19986,25
19987,27
19988,7
19989,5
19990,11
19991,7
19992,13
19993,12
19994,4
19995,8
19996,0
19997,4
19998,17
19999,12
20000,12
20001,20
20002,6
20003,16
20004,22
20005,37
20006,24
20007,4
20008,37
20009,7
20010,19
20011,34
20012,11
20013,5
20014,23
20015,9
20016,22
20017,2
20018,24
20019,12
20020,37
20021,11
20022,6
20023,4
20024,28
20025,16
20026,11
20027,4
20028,17
20029,10
20030,18
20031,1
20032,12
20033,7
20034,1
20035,47
20036,19
20037,35
20038,21
20039,36
20040,31
20041,24
20042,11
20043,23
20044,16
20045,7
20046,5
20047,26
20048,33
20049,7
20050,9
20051,3
20052,2
20053,0
20054,13
20055,25
20056,20
20057,8
20058,1
20059,22
20060,3
20061,9
20062,17
20063,10
20064,9
20065,14
20066,0
20067,8
20068,0
20069,16
20070,15
20071,0
20072,0
20073,17
20074,2
20075,6
20076,2
20077,12
20078,12
20079,8
20080,5
20081,10
20082,7
20083,13
20084,1
20085,28
20086,5
20087,12
20088,18
20089,6
20090,3
20091,13
20092,0
20093,3
20094,2
20095,3
20096,4
20097,14
20098,0
20099,8
20100,21
20101,25
20102,0
20103,23
20104,8
20105,17
20106,38
20107,38
20108,17
20109,38
20110,8
20111,0
20112,12
20113,12
20114,5
20115,6
20116,35
20117,10
20118,24
20119,23
20120,48
20121,13
20122,7
20123,2
20124,29
20125,13
20126,12
20127,5
20128,18
20129,11
20130,19
20131,2
20132,8
20133,13
20134,5
20135,0
20136,27
20137,36
20138,12
20139,22
20140,6
20141,37
20142,25
20143,7
20144,32
20145,24
20146,8
20147,20
20148,25
20149,0
20150,9
20151,6
20152,3
20153,22
20154,4
20155,10
20156,9
20157,3
20158,0
20159,2
20160,13
20161,1
20162,1
20163,18
20164,1
20165,1
20166,4
20167,0
20168,16
20169,15
20170,7
20171,0
20172,6
20173,26
20174,3
20175,14
20176,3
20177,4
20178,13
20179,10
20180,3
20181,17
20182,2
20183,2
20184,8
20185,14
20186,29
20187,6
20188,11
20189,9
20190,19
20191,4
20192,13
20193,15
20194,0
20195,5
20196,14
20197,0
20198,7
20199,4
20200,13
20201,1
20202,13
20203,30
20204,49
20205,39
20206,24
20207,18
20208,18
20209,22
20210,6
20211,14
20212,11
20213,9
20214,39
20215,36
20216,39
20217,12
20218,24
20219,7
20220,33
20221,26
20222,14
20223,13
20224,9
20225,6
20226,19
20227,12
20228,20
20229,9
20230,3
20231,6
20232,7
20233,1
20234,3
20235,7
20236,14
20237,21
20238,37
20239,23
20240,38
20241,13
20242,9
20243,8
20244,8
20245,25
20246,26
20247,28
20248,0
20249,0
20250,14
20251,4
20252,10
20253,14
20254,9
20255,5
20256,0
20257,1
20258,1
20259,4
20260,0
20261,5
20262,2
20263,11
20264,2
20265,0
20266,2
20267,1
20268,0
20269,0
20270,3
20271,15
20272,12
20273,3
20274,1
20275,10
20276,23
20277,6
20278,11
20279,3
20280,0
20281,15
20282,7
20283,3
20284,4
20285,20
20286,10
20287,18
20288,15
20289,8
20290,5
20291,5
20292,0
20293,16
20294,0
20295,2
20296,0
20297,1
20298,4
20299,30
20300,40
20301,50
20302,31
20303,27
20304,10
20305,14
20306,34
20307,19
20308,12
20309,15
20310,15
20311,23
20312,13
20313,19
20314,37
20315,4
20316,2
20317,40
20318,27
20319,25
20320,8
20321,8
20322,25
20323,22
20324,39
20325,14
20326,8
20327,14
20328,7
20329,20
20330,13
20331,4
20332,10
20333,7
20334,21
20335,24
20336,4
20337,15
20338,0
20339,38
20340,26
20341,2
20342,9
20343,14
20344,10
20345,9
20346,10
20347,29
20348,15
20349,12
20350,8
20351,6
20352,1
20353,2
20354,2
20355,4
20356,4
20357,2
20358,6
20359,15
20360,0
20361,7
20362,3
20363,3
20364,3
20365,10
20366,5
20367,12
20368,16
20369,4
20370,2
20371,0
20372,28
20373,1
20374,12
20375,13
20376,5
20377,5
20378,16
20379,1
20380,11
20381,7
20382,31
20383,2
20384,17
20385,5
20386,0
20387,21
20388,11
20389,6
20390,24
20391,4
20392,3
20393,9
20394,11
20395,19
20396,16
20397,0
20398,3
20399,6
20400,14
20401,32
20402,41
20403,25
20404,11
20405,15
20406,35
20407,5
20408,1
20409,9
20410,12
20411,16
20412,51
20413,20
20414,5
20415,38
20416,26
20417,3
20418,13
20419,4
20420,13
20421,20
20422,28
20423,16
20424,40
20425,28
20426,9
20427,15
20428,8
20429,11
20430,21
20431,5
20432,14
20433,8
20434,22
20435,9
20436,5
20437,10
20438,3
20439,15
20440,23
20441,11
20442,27
20443,39
20444,10
20445,26
20446,11
20447,30
20448,41
20449,25
20450,9
20451,7
20452,5
20453,7
20454,8
20455,2
20456,3
20457,17
20458,2
20459,1
20460,1
20461,0
20462,4
20463,4
20464,16
20465,17
20466,5
20467,51
20468,3
20469,3
20470,0
20471,13
20472,0
20473,4
20474,0
20475,10
20476,8
20477,3
20478,16
20479,16
20480,17
20481,32
20482,3
20483,18
20484,0
20485,1
20486,7
20487,7
20488,15
20489,6
20490,3
20491,10
20492,12
20493,6
20494,6
20495,0
20496,2
20497,4
20498,13
20499,12
20500,26
20501,12
20502,6
20503,15
20504,16
20505,8
20506,5
20507,13
20508,36
20509,10
20510,10
20511,42
20512,0
20513,2
20514,26
20515,21
20516,6
20517,39
20518,17
20519,21
20520,29
20521,33
20522,10
20523,16
20524,41
20525,0
20526,10
20527,16
20528,9
20529,6
20530,9
20531,12
20532,22
20533,15
20534,23
20535,14
20536,6
20537,11
20538,31
20539,12
20540,17
20541,24
20542,11
20543,28
20544,27
20545,40
20546,12
20547,4
20548,14
20549,4
20550,2
20551,13
20552,0
20553,52
20554,2
20555,3
20556,4
20557,8
20558,9
20559,0
20560,5
20561,3
20562,18
20563,6
20564,0
20565,1
20566,5
20567,2
20568,18
20569,4
20570,0
20571,0
20572,0
20573,3
20574,6
20575,5
20576,9
20577,0
20578,19
20579,0
20580,1
20581,17
20582,33
20583,7
20584,7
20585,8
20586,4
20587,13
20588,17
20589,18
20590,4
20591,7
20592,0
20593,16
20594,4
20595,3
20596,5
20597,11
20598,14
20599,8
20600,0
20601,30
20602,11
20603,0
20604,27
20605,42
20606,15
20607,7
20608,0
20609,17
20610,0
20611,37
20612,13
20613,9
20614,11
20615,43
20616,0
20617,0
20618,34
20619,0
20620,13
20621,16
20622,29
20623,32
20624,206
20625,0
20626,11
20627,10
20628,17
20629,13
20630,7
20631,10
20632,16
20633,7
20634,23
20635,41
20636,24
20637,17
20638,12
20639,13
20640,1
20641,6
20642,12
20643,18
20644,25
20645,28
20646,1
20647,5
20648,2
20649,19
20650,3
20651,53
20652,6
20653,4
20654,17
20655,8
20656,0
20657,1
20658,0
20659,4
20660,19
20661,9
20662,0
20663,4
20664,6
20665,2
20666,0
20667,15
20668,5
20669,12
20670,9
20671,0
20672,6
20673,3
20674,5
20675,14
20676,18
20677,18
20678,0
20679,7
20680,3
20681,8
20682,5
20683,20
20684,8
20685,34
20686,0
20687,18
20688,15
20689,9
20690,8
20691,5
20692,14
20693,0
20694,0
20695,0
20696,5
20697,0
20698,0
20699,11
20700,18
20701,8
20702,30
20703,14
20704,12
20705,2
20706,2
20707,50
20708,43
20709,31
20710,35
20711,15
20712,4
20713,38
20714,10
20715,14
20716,12
20717,17
20718,6
20719,44
20720,42
20721,155
20722,16
20723,14
20724,8
20725,2
20726,12
20727,11
20728,18
20729,8
20730,14
20731,11
20732,8
20733,17
20734,24
20735,3
20736,7
20737,25
20738,18
20739,13
20740,33
20741,207
20742,13
20743,26
20744,28
20745,19
20746,29
20747,6
20748,21
20749,1
20750,4
20751,1
20752,5
20753,19
20754,3
20755,1
20756,1
20757,2
20758,5
20759,9
20760,18
20761,2
20762,7
20763,4
20764,7
20765,1
20766,0
20767,7
20768,0
20769,1
20770,1
20771,20
20772,6
20773,9
20774,0
20775,0
20776,12
20777,10
20778,8
20779,9
20780,1
20781,1
20782,35
20783,6
20784,10
20785,6
20786,19
20787,16
20788,54
20789,15
20790,0
20791,1
20792,9
20793,5
20794,3
20795,7
20796,1
20797,1
20798,19
20799,6
20800,0
20801,3
20802,27
20803,29
20804,0
20805,0
20806,14
20807,17
20808,5
20809,9
20810,15
20811,13
20812,31
20813,20
20814,43
20815,30
20816,44
20817,16
20818,7
20819,51
20820,4
20821,9
20822,34
20823,0
20824,0
20825,156
20826,13
20827,12
20828,19
20829,9
20830,15
20831,0
20832,0
20833,12
20834,18
20835,0
20836,9
20837,7
20838,8
20839,25
20840,14
20841,26
20842,15
20843,19
20844,208
20845,0
20846,0
20847,0
20848,19
20849,21
20850,13
20851,2
20852,4
20853,11
20854,2
20855,2
20856,0
20857,6
20858,8
20859,13
20860,10
20861,13
20862,0
20863,19
20864,1
20865,2
20866,2
20867,10
20868,5
20869,2
20870,8
20871,8
20872,11
20873,1
20874,17
20875,3
20876,16
20877,3
20878,3
20879,1
20880,7
20881,15
20882,0
20883,22
20884,10
20885,18
20886,55
20887,9
20888,0
20889,5
20890,36
20891,7
20892,6
20893,8
20894,11
20895,20
20896,0
20897,2
20898,7
20899,6
20900,1
20901,17
20902,52
20903,18
20904,35
20905,32
20906,157
20907,14
20908,45
20909,44
20910,31
20911,21
20912,20
20913,10
20914,0
20915,14
20916,0
20917,109
20918,0
20919,157
20920,28
20921,12
20922,4
20923,0
20924,8
20925,13
20926,14
20927,20
20928,10
20929,13
20930,16
20931,19
20932,10
20933,9
20934,8
20935,10
20936,15
20937,5
20938,16
20939,27
20940,209
20941,20
20942,1
20943,16
20944,30
20945,6
20946,15
20947,26
20948,4
20949,0
20950,56
20951,9
20952,2
20953,9
20954,3
20955,11
20956,1
20957,2
20958,6
20959,3
20960,11
20961,12
20962,14
20963,1
20964,0
20965,0
20966,1
20967,3
20968,3
20969,4
20970,3
20971,1
20972,0
20973,1
20974,7
20975,4
20976,18
20977,3
20978,23
20979,8
20980,1
20981,6
20982,3
20983,19
20984,1
20985,16
20986,8
20987,11
20988,0
20989,7
20990,7
20991,9
20992,12
20993,21
20994,4
20995,8
20996,10
20997,5
20998,1
20999,17
21000,5
21001,0
21002,9
21003,16
21004,45
21005,21
21006,15
21007,210
21008,36
21009,15
21010,0
21011,22
21012,11
21013,32
21014,1
21015,24
21016,9
21017,57
21018,17
21019,2
21020,19
21021,46
21022,33
21023,27
21024,31
21025,12
21026,15
21027,6
21028,14
21029,21
21030,11
21031,14
21032,17
21033,20
21034,9
21035,29
21036,28
21037,10
21038,16
21039,17
21040,11
21041,18
21042,21
21043,17
21044,13
21045,7
21046,2
21047,11
21048,4
21049,9
21050,7
21051,3
21052,0
21053,0
21054,5
21055,7
21056,11
21057,10
21058,16
21059,10
21060,5
21061,4
21062,12
21063,0
21064,10
21065,12
21066,2
21067,23
21068,0
21069,0
21070,3
21071,0
21072,0
21073,5
21074,1
21075,0
21076,1
21077,1
21078,7
21079,5
21080,10
21081,8
21082,18
21083,1
21084,8
21085,6
21086,2
21087,15
21088,1
21089,3
21090,19
21091,9
21092,4
21093,13
21094,2
21095,4
21096,10
21097,0
21098,13
21099,8
21100,23
21101,37
21102,17
21103,14
21104,16
21105,47
21106,20
21107,22
21108,12
21109,16
21110,3
21111,58
21112,33
21113,25
21114,5
21115,18
21116,10
21117,9
21118,8
21119,13
21120,46
21121,10
21122,6
21123,28
21124,30
21125,11
21126,7
21127,16
21128,22
21129,15
21130,12
21131,18
21132,12
21133,21
21134,10
21135,18
21136,11
21137,18
21138,3
21139,29
21140,17
21141,22
21142,8
21143,19
21144,34
21145,32
21146,12
21147,15
21148,6
21149,19
21150,9
21151,6
21152,8
21153,13
21154,6
21155,3
21156,24
21157,10
21158,1
21159,12
21160,1
21161,1
21162,1
21163,3
21164,13
21165,0
21166,0
21167,0
21168,0
21169,11
21170,15
21171,5
21172,3
21173,1
21174,17
21175,0
21176,11
21177,2
21178,2
21179,2
21180,7
21181,5
21182,14
21183,9
21184,4
21185,8
21186,4
21187,1
21188,5
21189,3
21190,5
21191,14
21192,2
21193,16
21194,6
21195,1
21196,11
21197,2
21198,11
21199,10
21200,21
21201,59
21202,48
21203,47
21204,13
21205,17
21206,15
21207,18
21208,11
21209,17
21210,7
21211,24
21212,19
21213,26
21214,38
21215,2
21216,10
21217,3
21218,3
21219,11
21220,31
21221,23
21222,35
21223,19
21224,20
21225,4
21226,0
21227,8
21228,17
21229,16
21230,23
21231,0
21232,13
21233,13
21234,19
21235,13
21236,12
21237,4
21238,22
21239,18
21240,9
21241,16
21242,29
21243,33
21244,30
21245,23
21246,7
21247,11
21248,12
21249,9
21250,5
21251,12
21252,7
21253,9
21254,6
21255,2
21256,1
21257,14
21258,4
21259,25
21260,1
21261,0
21262,2
21263,1
21264,2
21265,14
21266,1
21267,8
21268,13
21269,13
21270,4
21271,11
21272,4
21273,0
21274,15
21275,0
21276,3
21277,17
21278,19
21279,8
21280,10
21281,15
21282,10
21283,14
21284,6
21285,12
21286,9
21287,2
21288,5
21289,3
21290,2
21291,6
21292,18
21293,6
21294,7
21295,11
21296,4
21297,3
21298,7
21299,1
21300,60
21301,49
21302,3
21303,48
21304,12
21305,16
21306,1
21307,18
21308,14
21309,8
21310,22
21311,6
21312,19
21313,24
21314,11
21315,25
21316,0
21317,4
21318,4
21319,27
21320,32
21321,18
21322,21
21323,20
21324,24
21325,5
21326,9
21327,1
21328,18
21329,24
21330,17
21331,13
21332,0
21333,5
21334,14
21335,36
21336,14
21337,20
21338,19
21339,10
21340,23
21341,34
21342,17
21343,8
21344,30
21345,31
21346,14
21347,12
21348,10
21349,13
21350,9
21351,4
21352,9
21353,2
21354,5
21355,13
21356,16
21357,5
21358,3
21359,3
21360,26
21361,0
21362,0
21363,8
21364,7
21365,14
21366,15
21367,15
21368,0
21369,5
21370,2
21371,0
21372,0
21373,2
21374,3
21375,12
21376,10
21377,2
21378,11
21379,2
21380,16
21381,11
21382,7
21383,6
21384,10
21385,13
21386,4
21387,7
21388,13
21389,15
21390,3
21391,3
21392,12
21393,7
21394,15
21395,8
21396,1
21397,19
21398,4
21399,8
21400,50
21401,15
21402,7
21403,49
21404,18
21405,4
21406,33
21407,12
21408,13
21409,19
21410,11
21411,20
21412,2
21413,5
21414,19
21415,10
21416,25
21417,7
21418,12
21419,6
21420,61
21421,1
21422,32
21423,1
21424,37
21425,26
21426,10
21427,2
21428,25
21429,14
21430,6
21431,19
21432,15
21433,18
21434,13
21435,17
21436,21
21437,21
21438,35
21439,11
21440,24
21441,20
21442,9
21443,15
21444,25
21445,22
21446,31
21447,15
21448,5
21449,9
21450,20
21451,14
21452,3
21453,2
21454,0
21455,9
21456,1
21457,0
21458,27
21459,0
21460,0
21461,1
21462,10
21463,1
21464,9
21465,0
21466,0
21467,0
21468,13
21469,17
21470,15
21471,16
21472,3
21473,14
21474,9
21475,0
21476,15
21477,5
21478,1
21479,17
21480,4
21481,4
21482,3
21483,8
21484,12
21485,9
21486,13
21487,4
21488,6
21489,2
21490,8
21491,14
21492,5
21493,11
21494,8
21495,16
21496,16
21497,11
21498,4
21499,3
21500,13
21501,19
21502,34
21503,5
21504,50
21505,14
21506,62
21507,16
21508,33
21509,51
21510,7
21511,0
21512,7
21513,21
21514,10
21515,20
21516,8
21517,6
21518,13
21519,9
21520,26
21521,2
21522,18
21523,22
21524,32
21525,0
21526,3
21527,11
21528,7
21529,15
21530,26
21531,16
21532,19
21533,14
21534,20
21535,8
21536,22
21537,16
21538,36
21539,12
21540,10
21541,21
21542,25
21543,2
21544,16
21545,23
21546,38
21547,2
21548,20
21549,0
21550,6
21551,12
21552,12
21553,1
21554,16
21555,11
21556,2
21557,3
21558,17
21559,1
21560,0
21561,9
21562,15
21563,17
21564,6
21565,0
21566,10
21567,1
21568,28
21569,2
21570,15
21571,0
21572,3
21573,15
21574,6
21575,1
21576,5
21577,9
21578,18
21579,12
21580,10
21581,5
21582,10
21583,0
21584,4
21585,3
21586,2
21587,0
21588,11
21589,1
21590,5
21591,0
21592,0
21593,4
21594,4
21595,14
21596,21
21597,0
21598,13
21599,5
21600,35
21601,33
21602,63
21603,3
21604,51
21605,19
21606,6
21607,27
21608,34
21609,11
21610,0
21611,8
21612,14
21613,2
21614,20
21615,52
21616,17
21617,9
21618,10
21619,7
21620,15
21621,6
21622,3
21623,4
21624,17
21625,12
21626,8
21627,17
21628,16
21629,13
21630,27
21631,23
21632,17
21633,3
21634,15
21635,22
21636,20
21637,21
21638,17
21639,11
21640,22
21641,23
21642,24
21643,26
21644,1
21645,0
21646,9
21647,37
21648,0
21649,39
21650,4
21651,5
21652,2
21653,15
21654,3
21655,10
21656,2
21657,13
21658,0
21659,0
21660,18
21661,13
21662,0
21663,16
21664,10
21665,0
21666,0
21667,0
21668,7
21669,0
21670,11
21671,1
21672,1
21673,2
21674,7
21675,8
21676,17
21677,0
21678,7
21679,19
21680,6
21681,5
21682,13
21683,14
21684,11
21685,3
21686,4
21687,6
21688,11
21689,22
21690,5
21691,14
21692,0
21693,0
21694,2
21695,0
21696,6
21697,12
21698,1
21699,12
21700,3
21701,9
21702,34
21703,2
21704,4
21705,4
21706,27
21707,15
21708,64
21709,36
21710,6
21711,20
21712,10
21713,28
21714,8
21715,0
21716,6
21717,5
21718,7
21719,11
21720,18
21721,35
21722,40
21723,18
21724,16
21725,21
21726,5
21727,9
21728,13
21729,0
21730,28
21731,17
21732,12
21733,38
21734,12
21735,24
21736,14
21737,16
21738,21
21739,24
21740,22
21741,18
21742,18
21743,25
21744,7
21745,23
21746,10
21747,4
21748,8
21749,9
21750,18
21751,15
21752,2
21753,6
21754,7
21755,16
21756,4
21757,0
21758,0
21759,3
21760,0
21761,0
21762,0
21763,19
21764,11
21765,4
21766,0
21767,0
21768,30
21769,0
21770,2
21771,2
21772,12
21773,14
21774,3
21775,2
21776,1
21777,1
21778,5
21779,39
21780,0
21781,4
21782,7
21783,8
21784,12
21785,14
21786,23
21787,0
21788,12
21789,15
21790,7
21791,1
21792,14
21793,18
21794,3
21795,13
21796,13
21797,0
21798,3
21799,1
21800,25
21801,4
21802,5
21803,0
21804,19
21805,41
21806,17
21807,9
21808,28
21809,10
21810,36
21811,35
21812,16
21813,37
21814,0
21815,11
21816,7
21817,0
21818,9
21819,0
21820,19
21821,65
21822,5
21823,17
21824,1
21825,21
21826,6
21827,14
21828,10
21829,13
21830,29
21831,5
21832,39
21833,1
21834,15
21835,24
21836,18
21837,1
21838,25
21839,19
21840,23
21841,22
21842,26
21843,19
21844,8
21845,11
21846,3
21847,13
21848,0
21849,9
21850,6
21851,1
21852,14
21853,16
21854,7
21855,1
21856,4
21857,8
21858,17
21859,40
21860,4
21861,12
21862,5
21863,15
21864,0
21865,2
21866,4
21867,12
21868,5
21869,1
21870,2
21871,3
21872,0
21873,3
21874,4
21875,1
21876,15
21877,16
21878,0
21879,12
21880,0
21881,10
21882,0
21883,1
21884,5
21885,13
21886,7
21887,24
21888,8
21889,13
21890,2
21891,6
21892,4
21893,15
21894,1
21895,19
21896,2
21897,19
21898,14
21899,8
21900,0
21901,20
21902,2
21903,5
21904,20
21905,24
21906,0
21907,11
21908,6
21909,29
21910,10
21911,25
21912,26
21913,10
21914,66
21915,17
21916,36
21917,12
21918,38
21919,1
21920,18
21921,0
21922,20
21923,42
21924,23
21925,0
21926,7
21927,15
21928,11
21929,14
21930,1
21931,40
21932,6
21933,1
21934,16
21935,12
21936,30
21937,2
21938,9
21939,19
21940,18
21941,27
21942,20
21943,26
21944,4
21945,6
21946,2
21947,14
21948,10
21949,8
21950,7
21951,0
21952,16
21953,13
21954,8
21955,1
21956,14
21957,5
21958,3
21959,16
21960,17
21961,18
21962,20
21963,17
21964,15
21965,0
21966,41
21967,4
21968,6
21969,0
21970,2
21971,6
21972,4
21973,0
21974,16
21975,0
21976,2
21977,7
21978,6
21979,13
21980,11
21981,9
21982,13
21983,25
21984,3
21985,2
21986,2
21987,14
21988,2
21989,1
21990,9
21991,3
21992,1
21993,14
21994,5
21995,20
21996,5
21997,15
21998,2
21999,8
22000,1
22001,12
22002,2
22003,6
22004,7
22005,21
22006,19
22007,25
22008,21
22009,11
22010,26
22011,8
22012,8
22013,30
22014,4
22015,13
22016,67
22017,37
22018,21
22019,14
22020,24
22021,0
22022,7
22023,3
22024,19
22025,3
22026,8
22027,16
22028,15
22029,12
22030,41
22031,2
22032,7
22033,17
22034,13
22035,43
22036,31
22037,15
22038,10
22039,28
22040,21
22041,5
22042,3
22043,1
22044,3
22045,27
22046,20
22047,2
22048,0
22049,16
22050,11
22051,16
22052,2
22053,4
22054,1
22055,9
22056,0
22057,2
22058,6
22059,1
22060,9
22061,2
22062,17
22063,0
22064,17
22065,42
22066,0
22067,17
22068,1
22069,0
22070,18
22071,3
22072,18
22073,14
22074,15
22075,27
22076,21
22077,0
22078,1
22079,0
22080,11
22081,18
22082,7
22083,26
22084,0
22085,14
22086,4
22087,3
22088,10
22089,12
22090,6
22091,1
22092,3
22093,9
22094,15
22095,15
22096,6
22097,10
22098,0
22099,3
22100,4
22101,12
22102,13
22103,2
22104,25
22105,21
22106,44
22107,9
22108,20
22109,22
22110,15
22111,22
22112,2
22113,26
22114,31
22115,5
22116,68
22117,12
22118,38
22119,15
22120,8
22121,14
22122,28
22123,32
22124,8
22125,2
22126,9
22127,16
22128,17
22129,13
22130,16
22131,3
22132,42
22133,3
22134,8
22135,7
22136,11
22137,14
22138,0
22139,4
22140,4
22141,4
22142,6
22143,3
22144,29
22145,20
22146,22
22147,18
22148,27
22149,27
22150,12
22151,0
22152,2
22153,7
22154,2
22155,10
22156,18
22157,10
22158,1
22159,10
22160,43
22161,16
22162,8
22163,18
22164,4
22165,15
22166,7
22167,1
22168,0
22169,2
22170,19
22171,6
22172,6
22173,22
22174,15
22175,6
22176,3
22177,17
22178,9
22179,8
22180,11
22181,4
22182,16
22183,13
22184,2
22185,1
22186,0
22187,19
22188,16
22189,7
22190,5
22191,4
22192,11
22193,4
22194,5
22195,3
22196,7
22197,0
22198,0
22199,1
22200,29
22201,45
22202,10
22203,23
22204,14
22205,0
22206,9
22207,0
22208,5
22209,0
22210,32
22211,0
22212,22
22213,0
22214,13
22215,5
22216,15
22217,23
22218,0
22219,23
22220,8
22221,26
22222,9
22223,15
22224,30
22225,0
22226,10
22227,17
22228,14
22229,18
22230,17
22231,4
22232,4
22233,0
22234,0
22235,4
22236,9
22237,12
22238,19
22239,21
22240,7
22241,33
22242,0
22243,5
22244,5
22245,3
22246,21
22247,43
22248,0
22249,16
22250,0
22251,44
22252,4
22253,14
22254,12
22255,0
22256,12
22257,1
22258,3
22259,5
22260,0
22261,17
22262,2
22263,3
22264,3
22265,11
22266,2
22267,4
22268,19
22269,0
22270,0
22271,17
22272,0
22273,18
22274,0
22275,8
22276,8
22277,5
22278,69
22279,0
22280,3
22281,13
22282,6
22283,13
22284,28
22285,0
22286,0
22287,0
22288,9
22289,0
22290,16
22291,10
22292,17
22293,0
22294,8
22295,16
22296,6
22297,6
22298,3
22299,5
22300,6
22301,24
22302,6
22303,46
22304,30
22305,10
22306,15
22307,14
22308,27
22309,24
22310,1
22311,23
22312,1
22313,24
22314,7
22315,10
22316,4
22317,70
22318,14
22319,1
22320,22
22321,16
22322,31
22323,11
22324,11
22325,18
22326,5
22327,18
22328,13
22329,19
22330,15
22331,5
22332,10
22333,1
22334,16
22335,0
22336,8
22337,44
22338,6
22339,20
22340,4
22341,5
22342,22
22343,34
22344,1
22345,0
22346,9
22347,6
22348,14
22349,10
22350,7
22351,1
22352,19
22353,12
22354,1
22355,1
22356,1
22357,1
22358,1
22359,10
22360,6
22361,13
22362,1
22363,17
22364,8
22365,3
22366,6
22367,9
22368,2
22369,1
22370,18
22371,1
22372,17
22373,5
22374,4
22375,7
22376,2
22377,1
22378,1
22379,18
22380,6
22381,1
22382,5
22383,17
22384,9
22385,0
22386,9
22387,11
22388,4
22389,1
22390,0
22391,18
22392,45
22393,1
22394,9
22395,15
22396,13
22397,4
22398,4
22399,6
22400,8
22401,32
22402,47
22403,25
22404,31
22405,15
22406,7
22407,11
22408,23
22409,2
22410,71
22411,46
22412,7
22413,5
22414,25
22415,17
22416,30
22417,8
22418,25
22419,15
22420,11
22421,28
22422,16
22423,7
22424,2
22425,8
22426,12
22427,0
22428,19
22429,14
22430,6
22431,9
22432,19
22433,6
22434,11
22435,12
22436,17
22437,20
22438,5
22439,16
22440,1
22441,23
22442,45
22443,7
22444,21
22445,35
22446,10
22447,6
22448,11
22449,24
22450,15
22451,2
22452,5
22453,13
22454,0
22455,20
22456,2
22457,3
22458,1
22459,14
22460,6
22461,5
22462,0
22463,9
22464,0
22465,18
22466,0
22467,0
22468,10
22469,0
22470,3
22471,0
22472,18
22473,2
22474,7
22475,0
22476,14
22477,0
22478,2
22479,0
22480,10
22481,5
22482,19
22483,7
22484,0
22485,0
22486,6
22487,2
22488,10
22489,7
22490,5
22491,11
22492,16
22493,10
22494,2
22495,12
22496,1
22497,5
22498,19
22499,18
22500,33
22501,48
22502,8
22503,8
22504,26
22505,16
22506,12
22507,12
22508,32
22509,6
22510,9
22511,24
22512,29
22513,9
22514,3
22515,3
22516,31
22517,16
22518,18
22519,26
22520,17
22521,9
22522,22
22523,18
22524,36
22525,12
22526,13
22527,20
22528,1
22529,0
22530,7
22531,15
22532,7
22533,2
22534,10
22535,46
22536,12
22537,11
22538,6
22539,7
22540,24
22541,20
22542,21
22543,17
22544,13
22545,8
22546,3
22547,8
22548,20
22549,0
22550,8
22551,1
22552,0
22553,10
22554,1
22555,11
22556,7
22557,3
22558,1
22559,1
22560,4
22561,11
22562,4
22563,15
22564,3
22565,0
22566,19
22567,3
22568,2
22569,1
22570,0
22571,19
22572,0
22573,0
22574,1
22575,0
22576,0
22577,1
22578,11
22579,47
22580,6
22581,16
22582,6
22583,13
22584,8
22585,19
22586,12
22587,3
22588,7
22589,14
22590,21
22591,11
22592,8
22593,15
22594,6
22595,6
22596,20
22597,17
22598,3
22599,6
22600,17
22601,0
22602,0
22603,4
22604,23
22605,13
22606,37
22607,0
22608,47
22609,18
22610,49
22611,9
22612,0
22613,9
22614,27
22615,0
22616,33
22617,7
22618,10
22619,32
22620,22
22621,0
22622,14
22623,9
22624,9
22625,17
22626,2
22627,14
22628,21
22629,0
22630,8
22631,16
22632,7
22633,8
22634,13
22635,21
22636,3
22637,12
22638,0
22639,18
22640,0
22641,25
22642,0
22643,13
22644,19
22645,8
22646,1
22647,11
22648,34
22649,0
22650,10
22651,0
22652,7
22653,5
22654,9
22655,7
22656,22
22657,16
22658,12
22659,2
22660,2
22661,15
22662,7
22663,1
22664,11
22665,4
22666,0
22667,1
22668,2
22669,12
22670,2
22671,4
22672,0
22673,18
22674,0
22675,0
22676,7
22677,13
22678,10
22679,4
22680,0
22681,9
22682,21
22683,13
22684,1
22685,4
22686,14
22687,19
22688,0
22689,7
22690,0
22691,2
22692,17
22693,9
22694,12
22695,1
22696,48
22697,1
22698,20
22699,8
22700,11
22701,18
22702,1
22703,10
22704,48
22705,8
22706,24
22707,19
22708,1
22709,28
22710,15
22711,11
22712,50
22713,10
22714,34
22715,10
22716,33
22717,18
22718,0
22719,22
22720,5
22721,1
22722,2
22723,22
22724,38
22725,35
22726,15
22727,3
22728,14
22729,9
22730,9
22731,1
22732,17
22733,4
22734,10
22735,14
22736,8
22737,26
22738,13
22739,19
22740,15
22741,20
22742,5
22743,14
22744,9
22745,22
22746,23
22747,12
22748,11
22749,1
22750,10
22751,3
22752,23
22753,4
22754,2
22755,12
22756,1
22757,3
22758,8
22759,0
22760,17
22761,2
22762,21
22763,1
22764,3
22765,0
22766,2
22767,6
22768,1
22769,5
22770,8
22771,13
22772,19
22773,0
22774,8
22775,2
22776,8
22777,18
22778,2
22779,5
22780,9
22781,3
22782,1
22783,10
22784,1
22785,49
22786,8
22787,1
22788,14
22789,0
22790,1
22791,14
22792,10
22793,13
22794,0
22795,1
22796,16
22797,1
22798,6
22799,5
22800,11
22801,11
22802,34
22803,19
22804,9
22805,11
22806,3
22807,29
22808,12
22809,49
22810,16
22811,3
22812,51
22813,25
22814,19
22815,3
22816,2
22817,23
22818,35
22819,6
22820,23
22821,20
22822,15
22823,27
22824,39
22825,12
22826,0
22827,23
22828,15
22829,4
22830,16
22831,10
22832,10
22833,18
22834,5
22835,15
22836,11
22837,2
22838,14
22839,13
22840,20
22841,16
22842,6
22843,21
22844,12
22845,10
22846,24
22847,9
22848,1
22849,4
22850,2
22851,7
22852,2
22853,19
22854,13
22855,4
22856,4
22857,4
22858,1
22859,2
22860,0
22861,3
22862,14
22863,0
22864,0
22865,1
22866,0
22867,4
22868,9
22869,13
22870,24
22871,3
22872,22
22873,2
22874,0
22875,0
22876,11
22877,3
22878,2
22879,10
22880,6
22881,2
22882,50
22883,15
22884,2
22885,6
22886,0
22887,3
22888,9
22889,1
22890,11
22891,14
22892,4
22893,0
22894,9
22895,15
22896,0
22897,17
22898,11
22899,9
22900,12
22901,16
22902,20
22903,10
22904,4
22905,12
22906,12
22907,4
22908,35
22909,30
22910,1
22911,16
22912,17
22913,50
22914,2
22915,7
22916,36
22917,20
22918,24
22919,26
22920,21
22921,24
22922,40
22923,16
22924,11
22925,3
22926,24
22927,1
22928,17
22929,5
22930,11
22931,11
22932,6
22933,10
22934,19
22935,13
22936,12
22937,28
22938,15
22939,14
22940,3
22941,17
22942,4
22943,7
22944,13
22945,25
22946,22
22947,21
22948,3
22949,5
22950,11
22951,0
22952,1
22953,8
22954,15
22955,2
22956,4
22957,12
22958,15
22959,12
22960,5
22961,7
22962,0
22963,3
22964,1
22965,14
22966,9
22967,19
22968,2
22969,0
22970,7
22971,3
22972,16
22973,5
22974,1
22975,4
22976,5
22977,14
22978,1
22979,2
22980,13
22981,7
22982,14
22983,3
22984,51
22985,4
22986,3
22987,10
22988,16
22989,0
22990,1
22991,10
22992,5
22993,5
22994,4
22995,3
22996,5
22997,12
22998,10
22999,18
23000,21
23001,41
23002,23
23003,25
23004,13
23005,17
23006,3
23007,13
23008,13
23009,8
23010,22
23011,5
23012,18
23013,31
23014,37
23015,17
23016,51
23017,21
23018,3
23019,25
23020,6
23021,36
23022,12
23023,25
23024,5
23025,14
23026,2
23027,18
23028,6
23029,12
23030,12
23031,7
23032,11
23033,1
23034,29
23035,11
23036,13
23037,16
23038,20
23039,15
23040,5
23041,4
23042,18
23043,14
23044,8
23045,26
23046,14
23047,22
23048,27
23049,6
23050,15
23051,0
23052,1
23053,9
23054,6
23055,13
23056,1
23057,5
23058,14
23059,13
23060,16
23061,4
23062,16
23063,0
23064,0
23065,2
23066,0
23067,5
23068,15
23069,0
23070,3
23071,0
23072,3
23073,11
23074,15
23075,2
23076,4
23077,12
23078,2
23079,5
23080,17
23081,8
23082,2
23083,2
23084,52
23085,0
23086,4
23087,5
23088,11
23089,4
23090,6
23091,11
23092,19
23093,4
23094,6
23095,8
23096,2
23097,6
23098,2
23099,17
23100,17
23101,15
23102,6
23103,1
23104,27
23105,12
23106,19
23107,14
23108,42
23109,9
23110,13
23111,4
23112,37
23113,18
23114,32
23115,22
23116,14
23117,24
23118,0
23119,0
23120,14
23121,38
23122,0
23123,9
23124,0
23125,6
23126,19
23127,7
23128,18
23129,26
23130,3
23131,7
23132,19
23133,13
23134,12
23135,13
23136,8
23137,14
23138,17
23139,30
23140,23
23141,16
23142,15
23143,21
23144,6
23145,2
23146,15
23147,5
23148,26
23149,7
23150,4
23151,13
23152,0
23153,0
23154,2
23155,3
23156,16
23157,6
23158,3
23159,5
23160,9
23161,12
23162,2
23163,14
23164,17
23165,7
23166,1
23167,1
23168,0
23169,4
23170,0
23171,16
23172,6
23173,15
23174,9
23175,1
23176,2
23177,5
23178,16
23179,3
23180,18
23181,5
23182,6
23183,18
23184,4
23185,3
23186,6
23187,9
23188,12
23189,3
23190,7
23191,7
23192,0
23193,3
23194,7
23195,12
23196,5
23197,7
23198,3
23199,53
23200,14
23201,19
23202,38
23203,4
23204,4
23205,10
23206,13
23207,28
23208,20
23209,43
23210,5
23211,15
23212,15
23213,23
23214,8
23215,39
23216,25
23217,17
23218,2
23219,19
23220,7
23221,10
23222,33
23223,7
23224,15
23225,20
23226,19
23227,27
23228,4
23229,8
23230,20
23231,14
23232,13
23233,14
23234,9
23235,24
23236,18
23237,31
23238,17
23239,16
23240,22
23241,27
23242,7
23243,16
23244,15
23245,3
23246,5
23247,7
23248,16
23249,6
23250,13
23251,1
23252,10
23253,6
23254,4
23255,4
23256,2
23257,17
23258,0
23259,7
23260,18
23261,2
23262,0
23263,0
23264,0
23265,8
23266,13
23267,0
23268,5
23269,4
23270,6
23271,0
23272,0
23273,0
23274,1
23275,6
23276,1
23277,0
23278,7
23279,6
23280,54
23281,19
23282,8
23283,14
23284,10
23285,1
23286,4
23287,8
23288,8
23289,1
23290,4
23291,3
23292,0
23293,8
23294,13
23295,2
23296,3
23297,6
23298,7
23299,5
23300,14
23301,11
23302,24
23303,5
23304,6
23305,29
23306,11
23307,39
23308,44
23309,16
23310,55
23311,20
23312,5
23313,34
23314,0
23315,18
23316,9
23317,3
23318,7
23319,40
23320,7
23321,15
23322,4
23323,18
23324,16
23325,26
23326,28
23327,5
23328,21
23329,9
23330,15
23331,10
23332,15
23333,14
23334,25
23335,8
23336,32
23337,17
23338,16
23339,28
23340,8
23341,6
23342,23
23343,17
23344,8
23345,21
23346,21
23347,19
23348,20
23349,14
23350,9
23351,8
23352,5
23353,5
23354,0
23355,2
23356,19
23357,0
23358,2
23359,0
23360,7
23361,1
23362,14
23363,1
23364,1
23365,0
23366,18
23367,9
23368,0
23369,5
23370,0
23371,9
23372,2
23373,11
23374,3
23375,6
23376,14
23377,2
23378,8
23379,17
23380,2
23381,7
23382,16
23383,9
23384,9
23385,6
23386,8
23387,4
23388,0
23389,5
23390,11
23391,0
23392,8
23393,20
23394,3
23395,7
23396,5
23397,15
23398,9
23399,4
23400,19
23401,9
23402,12
23403,18
23404,8
23405,6
23406,22
23407,45
23408,30
23409,9
23410,17
23411,35
23412,16
23413,21
23414,10
23415,3
23416,12
23417,15
23418,56
23419,8
23420,7
23421,40
23422,17
23423,41
23424,4
23425,21
23426,6
23427,29
23428,22
23429,10
23430,16
23431,16
23432,15
23433,26
23434,11
23435,6
23436,19
23437,20
23438,29
23439,18
23440,0
23441,17
23442,9
23443,7
23444,9
23445,22
23446,24
23447,33
23448,25
23449,5
23450,10
23451,2
23452,0
23453,15
23454,2
23455,6
23456,16
23457,1
23458,6
23459,21
23460,6
23461,4
23462,3
23463,10
23464,1
23465,1
23466,0
23467,20
23468,0
23469,15
23470,28
23471,12
23472,1
23473,0
23474,1
23475,15
23476,3
23477,0
23478,18
23479,3
23480,10
23481,10
23482,8
23483,10
23484,7
23485,5
23486,3
23487,9
23488,1
23489,4
23490,17
23491,9
23492,9
23493,1
23494,8
23495,6
23496,6
23497,5
23498,12
23499,0
23500,18
23501,9
23502,7
23503,23
23504,13
23505,19
23506,46
23507,4
23508,20
23509,1
23510,11
23511,41
23512,36
23513,10
23514,18
23515,17
23516,42
23517,16
23518,22
23519,25
23520,31
23521,8
23522,20
23523,23
23524,22
23525,7
23526,30
23527,0
23528,23
23529,11
23530,17
23531,27
23532,17
23533,16
23534,7
23535,19
23536,13
23537,30
23538,21
23539,10
23540,34
23541,18
23542,8
23543,5
23544,10
23545,6
23546,12
23547,16
23548,10
23549,0
23550,2
23551,3
23552,1
23553,4
23554,0
23555,4
23556,7
23557,16
23558,29
23559,19
23560,2
23561,0
23562,4
23563,2
23564,1
23565,7
23566,3
23567,1
23568,2
23569,11
23570,1
23571,0
23572,1
23573,5
23574,57
23575,2
23576,10
23577,11
23578,4
23579,2
23580,8
23581,9
23582,1
23583,6
23584,19
23585,0
23586,9
23587,11
23588,6
23589,11
23590,7
23591,11
23592,7
23593,9
23594,21
23595,18
23596,13
23597,10
23598,10
23599,5
23600,0
23601,32
23602,47
23603,26
23604,20
23605,21
23606,8
23607,19
23608,5
23609,11
23610,42
23611,12
23612,37
23613,10
23614,19
23615,12
23616,9
23617,10
23618,58
23619,12
23620,2
23621,14
23622,24
23623,11
23624,6
23625,23
23626,8
23627,1
23628,31
23629,24
23630,20
23631,12
23632,28
23633,18
23634,18
23635,7
23636,17
23637,31
23638,13
23639,22
23640,35
23641,9
23642,11
23643,19
23644,8
23645,24
23646,9
23647,21
23648,23
23649,5
23650,14
23651,14
23652,12
23653,2
23654,6
23655,11
23656,1
23657,3
23658,3
23659,4
23660,0
23661,31
23662,10
23663,19
23664,17
23665,30
23666,0
23667,5
23668,2
23669,22
23670,19
23671,8
23672,2
23673,5
23674,4
23675,18
23676,11
23677,5
23678,17
23679,8
23680,17
23681,7
23682,1
23683,11
23684,10
23685,7
23686,8
23687,2
23688,3
23689,3
23690,6
23691,10
23692,2
23693,0
23694,11
23695,12
23696,0
23697,2
23698,3
23699,8
23700,12
23701,27
23702,20
23703,6
23704,8
23705,9
23706,22
23707,48
23708,18
23709,21
23710,24
23711,13
23712,38
23713,13
23714,11
23715,10
23716,15
23717,59
23718,20
23719,43
23720,3
23721,33
23722,2
23723,10
23724,25
23725,13
23726,9
23727,32
23728,2
23729,25
23730,13
23731,21
23732,22
23733,29
23734,12
23735,7
23736,18
23737,19
23738,10
23739,32
23740,14
23741,12
23742,23
23743,36
23744,20
23745,9
23746,25
23747,19
23748,24
23749,11
23750,18
23751,3
23752,12
23753,2
23754,7
23755,4
23756,3
23757,0
23758,4
23759,0
23760,0
23761,0
23762,15
23763,6
23764,5
23765,22
23766,18
23767,11
23768,3
23769,1
23770,0
23771,13
23772,15
23773,31
23774,1
23775,6
23776,6
23777,7
23778,1
23779,19
23780,32
23781,8
23782,8
23783,9
23784,4
23785,7
23786,3
23787,3
23788,6
23789,4
23790,9
23791,12
23792,11
23793,3
23794,0
23795,5
23796,13
23797,12
23798,9
23799,11
23800,0
23801,7
23802,10
23803,3
23804,9
23805,4
23806,8
23807,0
23808,23
23809,13
23810,14
23811,22
23812,28
23813,21
23814,14
23815,34
23816,11
23817,19
23818,12
23819,0
23820,26
23821,49
23822,0
23823,39
23824,0
23825,25
23826,3
23827,10
23828,33
23829,26
23830,14
23831,22
23832,11
23833,13
23834,23
23835,26
23836,30
23837,11
23838,33
23839,20
23840,15
23841,13
23842,20
23843,10
23844,24
23845,37
23846,21
23847,19
23848,8
23849,13
23850,0
23851,1
23852,9
23853,3
23854,7
23855,12
23856,2
23857,12
23858,4
23859,0
23860,14
23861,10
23862,8
23863,0
23864,0
23865,0
23866,5
23867,0
23868,13
23869,1
23870,6
23871,2
23872,32
23873,0
23874,5
23875,21
23876,12
23877,12
23878,0
23879,1
23880,5
23881,0
23882,0
23883,33
23884,14
23885,9
23886,10
23887,4
23888,4
23889,4
23890,16
23891,7
23892,6
23893,16
23894,1
23895,19
23896,10
23897,7
23898,4
23899,0
23900,1
23901,14
23902,5
23903,1
23904,9
23905,11
23906,25
23907,24
23908,10
23909,50
23910,34
23911,15
23912,12
23913,1
23914,2
23915,2
23916,22
23917,15
23918,35
23919,29
23920,4
23921,23
23922,8
23923,34
23924,1
23925,9
23926,26
23927,4
23928,34
23929,11
23930,14
23931,27
23932,23
23933,12
23934,24
23935,27
23936,12
23937,31
23938,20
23939,21
23940,16
23941,14
23942,21
23943,11
23944,38
23945,22
23946,27
23947,15
23948,2
23949,40
23950,13
23951,6
23952,17
23953,20
23954,2
23955,3
23956,6
23957,6
23958,10
23959,0
23960,13
23961,13
23962,3
23963,33
23964,0
23965,24
23966,14
23967,5
23968,15
23969,0
23970,9
23971,13
23972,1
23973,6
23974,11
23975,3
23976,17
23977,0
23978,6
23979,5
23980,10
23981,11
23982,5
23983,5
23984,11
23985,7
23986,1
23987,13
23988,8
23989,7
23990,5
23991,14
23992,8
23993,15
23994,9
23995,15
23996,5
23997,8
23998,1
23999,4
24000,0
24001,12
24002,3
24003,28
24004,3
24005,6
24006,3
24007,26
24008,25
24009,15
24010,62
24011,2
24012,51
24013,0
24014,2
24015,11
24016,16
24017,24
24018,22
24019,6
24020,2
24021,0
24022,28
24023,35
24024,5
24025,16
24026,27
24027,5
24028,35
24029,12
24030,24
24031,15
24032,28
24033,13
24034,13
24035,39
24036,25
24037,16
24038,21
24039,22
24040,9
24041,17
24042,12
24043,15
24044,22
24045,2
24046,23
24047,32
24048,7
24049,23
24050,7
24051,12
24052,0
24053,18
24054,0
24055,1
24056,0
24057,16
24058,2
24059,18
24060,9
24061,0
24062,7
24063,7
24064,0
24065,16
24066,6
24067,25
24068,2
24069,0
24070,0
24071,4
24072,0
24073,21
24074,7
24075,34
24076,4
24077,14
24078,13
24079,35
24080,10
24081,5
24082,10
24083,12
24084,14
24085,11
24086,0
24087,6
24088,6
24089,14
24090,8
24091,8
24092,3
24093,15
24094,10
24095,12
24096,16
24097,6
24098,9
24099,6
24100,6
24101,26
24102,3
24103,29
24104,3
24105,29
24106,4
24107,13
24108,15
24109,16
24110,7
24111,0
24112,27
24113,17
24114,3
24115,8
24116,25
24117,7
24118,17
24119,36
24120,4
24121,7
24122,40
24123,17
24124,23
24125,7
24126,28
24127,6
24128,16
24129,36
24130,25
24131,13
24132,14
24133,14
24134,29
24135,24
24136,26
24137,36
24138,4
24139,13
24140,10
24141,23
24142,3
24143,22
24144,18
24145,6
24146,16
24147,33
24148,24
24149,12
24150,11
24151,13
24152,17
24153,8
24154,19
24155,19
24156,8
24157,1
24158,0
24159,7
24160,0
24161,1
24162,0
24163,0
24164,17
24165,26
24166,0
24167,0
24168,22
24169,23
24170,0
24171,0
24172,0
24173,0
24174,3
24175,5
24176,1
24177,14
24178,13
24179,7
24180,13
24181,12
24182,16
24183,14
24184,9
24185,15
24186,9
24187,8
24188,11
24189,2
24190,10
24191,5
24192,35
24193,11
24194,0
24195,8
24196,17
24197,7
24198,15
24199,4
24200,14
24201,30
24202,16
24203,41
24204,7
24205,30
24206,4
24207,8
24208,25
24209,17
24210,4
24211,9
24212,18
24213,8
24214,26
24215,12
24216,37
24217,28
24218,8
24219,8
24220,17
24221,27
24222,24
24223,37
24224,5
24225,13
24226,29
24227,7
24228,17
24229,26
24230,15
24231,15
24232,37
24233,5
24234,30
24235,4
24236,14
24237,4
24238,34
24239,11
24240,18
24241,14
24242,19
24243,24
24244,23
24245,7
24246,5
24247,27
24248,3
24249,27
24250,10
24251,18
24252,14
24253,1
24254,0
24255,0
24256,1
24257,0
24258,2
24259,1
24260,1
24261,1
24262,1
24263,9
24264,8
24265,1
24266,9
24267,0
24268,0
24269,2
24270,1
24271,1
24272,0
24273,1
24274,0
24275,14
24276,12
24277,1
24278,8
24279,14
24280,5
24281,10
24282,17
24283,9
24284,16
24285,11
24286,12
24287,2
24288,6
24289,9
24290,36
24291,15
24292,13
24293,15
24294,8
24295,18
24296,0
24297,4
24298,16
24299,18
24300,26
24301,38
24302,18
24303,31
24304,42
24305,1
24306,25
24307,9
24308,17
24309,15
24310,9
24311,10
24312,31
24313,18
24314,19
24315,0
24316,13
24317,9
24318,27
24319,28
24320,8
24321,15
24322,5
24323,12
24324,24
24325,5
24326,30
24327,8
24328,6
24329,18
24330,27
24331,16
24332,16
24333,38
24334,31
24335,6
24336,28
24337,5
24338,35
24339,15
24340,38
24341,19
24342,20
24343,25
24344,8
24345,6
24346,5
24347,15
24348,4
24349,11
24350,14
24351,14
24352,9
24353,2
24354,2
24355,2
24356,13
24357,19
24358,2
24359,1
24360,2
24361,2
24362,0
24363,10
24364,15
24365,0
24366,1
24367,2
24368,0
24369,3
24370,0
24371,0
24372,28
24373,1
24374,37
24375,15
24376,18
24377,2
24378,1
24379,13
24380,7
24381,6
24382,3
24383,15
24384,10
24385,19
24386,10
24387,9
24388,11
24389,9
24390,19
24391,17
24392,2
24393,12
24394,2
24395,9
24396,17
24397,5
24398,16
24399,16
24400,0
24401,10
24402,18
24403,25
24404,26
24405,16
24406,6
24407,2
24408,43
24409,11
24410,16
24411,10
24412,14
24413,19
24414,5
24415,39
24416,19
24417,10
24418,15
24419,20
24420,32
24421,27
24422,21
24423,29
24424,9
24425,32
24426,31
24427,9
24428,7
24429,28
24430,17
24431,19
24432,17
24433,39
24434,32
24435,7
24436,7
24437,6
24438,16
24439,36
24440,16
24441,39
24442,6
24443,20
24444,0
24445,26
24446,9
24447,13
24448,2
24449,1
24450,8
24451,17
24452,0
24453,0
24454,3
24455,0
24456,10
24457,3
24458,3
24459,3
24460,19
24461,0
24462,1
24463,2
24464,3
24465,2
24466,2
24467,11
24468,1
24469,16
24470,9
24471,11
24472,12
24473,0
24474,3
24475,38
24476,3
24477,2
24478,0
24479,17
24480,6
24481,7
24482,12
24483,3
24484,16
24485,4
24486,14
24487,20
24488,1
24489,11
24490,10
24491,3
24492,18
24493,13
24494,11
24495,10
24496,3
24497,10
24498,18
24499,6
24500,19
24501,3
24502,33
24503,26
24504,0
24505,6
24506,7
24507,1
24508,44
24509,11
24510,1
24511,12
24512,0
24513,11
24514,0
24515,15
24516,28
24517,17
24518,13
24519,14
24520,27
24521,27
24522,40
24523,11
24524,8
24525,1
24526,32
24527,8
24528,10
24529,18
24530,29
24531,20
24532,18
24533,17
24534,14
24535,17
24536,33
24537,8
24538,21
24539,17
24540,22
24541,40
24542,7
24543,30
24544,10
24545,37
24546,10
24547,7
24548,0
24549,4
24550,9
24551,11
24552,0
24553,0
24554,0
24555,0
24556,3
24557,0
24558,19
24559,3
24560,14
24561,0
24562,18
24563,0
24564,0
24565,0
24566,4
24567,0
24568,0
24569,4
24570,0
24571,2
24572,12
24573,4
24574,0
24575,18
24576,12
24577,2
24578,17
24579,0
24580,1
24581,4
24582,8
24583,7
24584,13
24585,0
24586,1
24587,5
24588,11
24589,3
24590,4
24591,16
24592,4
24593,4
24594,7
24595,15
24596,40
24597,11
24598,0
24599,19
24600,27
24601,7
24602,4
24603,1
24604,34
24605,18
24606,41
24607,2
24608,2
24609,20
24610,28
24611,45
24612,12
24613,13
24614,16
24615,4
24616,18
24617,2
24618,1
24619,5
24620,8
24621,1
24622,28
24623,8
24624,11
24625,2
24626,9
24627,33
24628,0
24629,18
24630,11
24631,19
24632,30
24633,21
24634,19
24635,38
24636,9
24637,1
24638,15
24639,18
24640,34
24641,41
24642,11
24643,23
24644,31
24645,22
24646,9
24647,8
24648,19
24649,12
24650,10
24651,1
24652,12
24653,0
24654,3
24655,12
24656,5
24657,1
24658,0
24659,19
24660,15
24661,5
24662,2
24663,1
24664,3
24665,1
24666,1
24667,3
24668,1
24669,0
24670,13
24671,40
24672,12
24673,11
24674,0
24675,0
24676,17
24677,5
24678,3
24679,15
24680,9
24681,1
24682,14
24683,14
24684,18
24685,5
24686,5
24687,5
24688,2
24689,6
24690,8
24691,16
24692,5
24693,8
24694,4
24695,1
24696,41
24697,13
24698,4
24699,12
24700,3
24701,39
24702,13
24703,29
24704,5
24705,2
24706,35
24707,19
24708,42
24709,13
24710,2
24711,21
24712,19
24713,28
24714,5
24715,46
24716,0
24717,17
24718,29
24719,6
24720,8
24721,14
24722,9
24723,9
24724,23
24725,6
24726,3
24727,10
24728,19
24729,34
24730,0
24731,12
24732,22
24733,20
24734,31
24735,3
24736,20
24737,16
24738,12
24739,9
24740,10
24741,35
24742,42
24743,10
24744,24
24745,1
24746,32
24747,19
24748,20
24749,12
24750,10
24751,6
24752,2
24753,0
24754,0
24755,1
24756,42
24757,18
24758,0
24759,4
24760,1
24761,6
24762,12
24763,13
24764,2
24765,16
24766,6
24767,13
24768,4
24769,4
24770,11
24771,0
24772,0
24773,3
24774,14
24775,11
24776,9
24777,13
24778,3
24779,6
24780,2
24781,6
24782,2
24783,3
24784,13
24785,15
24786,0
24787,19
24788,4
24789,5
24790,9
24791,6
24792,0
24793,2
24794,15
24795,5
24796,17
24797,1
24798,7
24799,2
24800,4
24801,2
24802,14
24803,10
24804,36
24805,20
24806,30
24807,40
24808,14
24809,47
24810,30
24811,20
24812,15
24813,22
24814,29
24815,13
24816,7
24817,18
24818,12
24819,11
24820,9
24821,43
24822,6
24823,21
24824,33
24825,7
24826,0
24827,4
24828,20
24829,35
24830,23
24831,32
24832,11
24833,21
24834,13
24835,24
24836,20
24837,17
24838,10
24839,1
24840,10
24841,36
24842,11
24843,43
24844,25
24845,4
24846,3
24847,13
24848,11
24849,3
24850,7
24851,1
24852,15
24853,1
24854,13
24855,5
24856,4
24857,0
24858,3
24859,10
24860,28
24861,8
24862,5
24863,0
24864,19
24865,5
24866,14
24867,3
24868,1
24869,2
24870,7
24871,12
24872,21
24873,14
24874,16
24875,1
24876,2
24877,7
24878,6
24879,4
24880,5
24881,16
24882,3
24883,4
24884,14
24885,2
24886,10
24887,1
24888,7
24889,3
24890,6
24891,6
24892,18
24893,1
24894,14
24895,7
24896,7
24897,0
24898,0
24899,3
24900,41
24901,25
24902,7
24903,31
24904,15
24905,15
24906,26
24907,37
24908,48
24909,5
24910,21
24911,23
24912,3
24913,8
24914,19
24915,44
24916,7
24917,13
24918,22
24919,30
24920,34
24921,16
24922,10
24923,12
24924,5
24925,1
24926,5
24927,21
24928,36
24929,24
24930,14
24931,33
24932,12
24933,11
24934,22
24935,11
24936,18
24937,8
24938,2
24939,11
24940,22
24941,21
24942,14
24943,37
24944,4
24945,12
24946,44
24947,21
24948,11
24949,14
24950,8
24951,2
24952,4
24953,19
24954,6
24955,4
24956,2
24957,6
24958,17
24959,6
24960,9
24961,7
24962,15
24963,5
24964,1
24965,15
24966,0
24967,0
24968,11
24969,0
24970,0
24971,8
24972,8
24973,16
24974,15
24975,74
24976,2
24977,2
24978,14
24979,17
24980,6
24981,12
24982,3
24983,29
24984,7
24985,4
24986,5
24987,5
24988,2
24989,4
24990,0
24991,15
24992,1
24993,4
24994,2
24995,0
24996,3
24997,8
24998,8
24999,8
25000,30
25001,16
25002,32
25003,11
25004,27
25005,8
25006,16
25007,42
25008,35
25009,38
25010,17
25011,1
25012,9
25013,23
25014,9
25015,24
25016,14
25017,3
25018,4
25019,9
25020,12
25021,20
25022,8
25023,3
25024,45
25025,13
25026,2
25027,13
25028,22
25029,6
25030,15
25031,22
25032,12
25033,37
25034,25
25035,6
25036,34
25037,4
25038,19
25039,23
25040,12
25041,23
25042,22
25043,5
25044,38
25045,15
25046,26
25047,13
25048,45
25049,49
25050,18
25051,5
25052,5
25053,7
25054,7
25055,3
25056,0
25057,7
25058,0
25059,2
25060,16
25061,15
25062,6
25063,1
25064,18
25065,16
25066,1
25067,75
25068,4
25069,1
25070,0
25071,1
25072,9
25073,3
25074,8
25075,17
25076,0
25077,16
25078,6
25079,12
25080,6
25081,5
25082,8
25083,3
25084,6
25085,13
25086,5
25087,9
25088,7
25089,16
25090,4
25091,15
25092,9
25093,0
25094,3
25095,3
25096,9
25097,3
25098,5
25099,0
25100,33
25101,27
25102,4
25103,17
25104,46
25105,12
25106,13
25107,28
25108,2
25109,17
25110,39
25111,36
25112,10
25113,5
25114,10
25115,50
25116,21
25117,10
25118,24
25119,15
25120,9
25121,43
25122,16
25123,3
25124,9
25125,25
25126,14
25127,23
25128,7
25129,16
25130,14
25131,4
25132,23
25133,13
25134,26
25135,7
25136,38
25137,35
25138,13
25139,14
25140,20
25141,6
25142,39
25143,24
25144,0
25145,23
25146,31
25147,24
25148,10
25149,6
25150,4
25151,16
25152,10
25153,9
25154,8
25155,4
25156,8
25157,2
25158,4
25159,2
25160,76
25161,8
25162,7
25163,0
25164,2
25165,1
25166,1
25167,0
25168,2
25169,0
25170,3
25171,1
25172,18
25173,5
25174,17
25175,17
25176,6
25177,6
25178,5
25179,8
25180,0
25181,9
25182,6
25183,7
25184,4
25185,0
25186,5
25187,6
25188,19
25189,13
25190,10
25191,16
25192,14
25193,17
25194,10
25195,4
25196,4
25197,0
25198,7
25199,7
25200,28
25201,44
25202,11
25203,3
25204,17
25205,47
25206,29
25207,14
25208,6
25209,34
25210,5
25211,37
25212,25
25213,18
25214,40
25215,9
25216,11
25217,51
25218,16
25219,5
25220,11
25221,11
25222,18
25223,36
25224,24
25225,22
25226,15
25227,24
25228,17
25229,24
25230,15
25231,14
25232,5
25233,27
25234,8
25235,13
25236,8
25237,10
25238,39
25239,14
25240,15
25241,32
25242,7
25243,10
25244,21
25245,40
25246,25
25247,25
25248,4
25249,11
25250,6
25251,11
25252,3
25253,7
25254,0
25255,9
25256,0
25257,6
25258,10
25259,0
25260,8
25261,3
25262,8
25263,1
25264,2
25265,3
25266,17
25267,0
25268,0
25269,0
25270,0
25271,11
25272,18
25273,1
25274,9
25275,20
25276,7
25277,77
25278,19
25279,6
25280,5
25281,7
25282,8
25283,10
25284,1
25285,3
25286,7
25287,8
25288,5
25289,17
25290,9
25291,7
25292,5
25293,18
25294,5
25295,5
25296,4
25297,18
25298,15
25299,14
25300,12
25301,19
25302,48
25303,26
25304,6
25305,15
25306,4
25307,18
25308,7
25309,12
25310,10
25311,29
25312,45
25313,30
25314,26
25315,38
25316,41
25317,12
25318,17
25319,7
25320,14
25321,35
25322,9
25323,0
25324,22
25325,19
25326,5
25327,16
25328,25
25329,18
25330,25
25331,15
25332,11
25333,16
25334,6
25335,25
25336,33
25337,8
25338,6
25339,15
25340,26
25341,40
25342,9
25343,16
25344,37
25345,41
25346,11
25347,28
25348,12
25349,0
25350,7
25351,8
25352,19
25353,7
25354,18
25355,78
25356,10
25357,0
25358,1
25359,4
25360,12
25361,0
25362,0
25363,2
25364,3
25365,0
25366,9
25367,9
25368,16
25369,5
25370,11
25371,0
25372,2
25373,10
25374,19
25375,0
25376,8
25377,1
25378,2
25379,21
25380,6
25381,4
25382,8
25383,6
25384,9
25385,11
25386,0
25387,0
25388,12
25389,8
25390,8
25391,9
25392,6
25393,4
25394,0
25395,10
25396,6
25397,15
25398,6
25399,4
25400,10
25401,49
25402,26
25403,8
25404,27
25405,5
25406,23
25407,1
25408,16
25409,20
25410,7
25411,19
25412,36
25413,46
25414,27
25415,30
25416,31
25417,13
25418,18
25419,3
25420,13
25421,13
25422,15
25423,17
25424,42
25425,42
25426,6
25427,12
25428,17
25429,26
25430,26
25431,19
25432,7
25433,16
25434,17
25435,7
25436,7
25437,9
25438,0
25439,10
25440,16
25441,29
25442,27
25443,8
25444,41
25445,38
25446,12
25447,34
25448,39
25449,11
25450,7
25451,7
25452,10
25453,9
25454,11
25455,5
25456,2
25457,3
25458,1
25459,79
25460,16
25461,1
25462,19
25463,2
25464,2
25465,17
25466,12
25467,0
25468,6
25469,3
25470,13
25471,0
25472,11
25473,4
25474,2
25475,2
25476,0
25477,9
25478,13
25479,8
25480,5
25481,9
25482,10
25483,0
25484,12
25485,1
25486,2
25487,9
25488,13
25489,7
25490,7
25491,8
25492,10
25493,11
25494,5
25495,1
25496,9
25497,0
25498,5
25499,5
25500,27
25501,28
25502,24
25503,0
25504,9
25505,6
25506,17
25507,1
25508,10
25509,50
25510,8
25511,14
25512,21
25513,47
25514,28
25515,37
25516,14
25517,4
25518,32
25519,31
25520,43
25521,11
25522,16
25523,8
25524,1
25525,20
25526,7
25527,13
25528,18
25529,8
25530,27
25531,27
25532,20
25533,35
25534,10
25535,39
25536,18
25537,8
25538,11
25539,17
25540,30
25541,13
25542,42
25543,28
25544,9
25545,14
25546,18
25547,17
25548,40
25549,1
25550,19
25551,11
25552,0
25553,8
25554,2
25555,4
25556,10
25557,4
25558,2
25559,11
25560,20
25561,10
25562,3
25563,3
25564,5
25565,29
25566,0
25567,0
25568,3
25569,80
25570,2
25571,17
25572,0
25573,10
25574,6
25575,0
25576,3
25577,12
25578,9
25579,14
25580,12
25581,2
25582,11
25583,8
25584,6
25585,14
25586,3
25587,2
25588,8
25589,1
25590,0
25591,13
25592,1
25593,6
25594,8
25595,9
25596,6
25597,12
25598,6
25599,10
25600,51
25601,29
25602,25
25603,18
25604,44
25605,17
25606,18
25607,28
25608,12
25609,48
25610,32
25611,15
25612,15
25613,5
25614,30
25615,29
25616,22
25617,13
25618,10
25619,9
25620,40
25621,11
25622,7
25623,9
25624,19
25625,33
25626,8
25627,14
25628,9
25629,28
25630,19
25631,9
25632,36
25633,28
25634,21
25635,29
25636,19
25637,18
25638,0
25639,2
25640,12
25641,10
25642,10
25643,15
25644,14
25645,31
25646,43
25647,11
25648,38
25649,3
25650,3
25651,3
25652,1
25653,1
25654,13
25655,11
25656,11
25657,4
25658,4
25659,21
25660,12
25661,7
25662,2
25663,11
25664,12
25665,6
25666,0
25667,4
25668,30
25669,0
25670,0
25671,81
25672,8
25673,3
25674,5
25675,20
25676,7
25677,4
25678,4
25679,3
25680,7
25681,15
25682,2
25683,2
25684,12
25685,11
25686,9
25687,7
25688,0
25689,10
25690,0
25691,9
25692,1
25693,13
25694,7
25695,0
25696,9
25697,14
25698,15
25699,9
25700,6
25701,30
25702,52
25703,20
25704,30
25705,1
25706,32
25707,49
25708,45
25709,26
25710,0
25711,12
25712,31
25713,29
25714,30
25715,4
25716,14
25717,13
25718,11
25719,10
25720,19
25721,16
25722,15
25723,29
25724,41
25725,5
25726,9
25727,15
25728,10
25729,29
25730,37
25731,20
25732,10
25733,22
25734,19
25735,11
25736,12
25737,20
25738,11
25739,19
25740,13
25741,3
25742,16
25743,44
25744,4
25745,8
25746,18
25747,10
25748,33
25749,8
25750,16
25751,14
25752,0
25753,12
25754,22
25755,13
25756,12
25757,16
25758,5
25759,0
25760,9
25761,14
25762,12
25763,0
25764,82
25765,0
25766,19
25767,13
25768,0
25769,0
25770,31
25771,0
25772,0
25773,1
25774,5
25775,0
25776,5
25777,8
25778,2
25779,10
25780,3
25781,1
25782,13
25783,16
25784,12
25785,10
25786,8
25787,10
25788,11
25789,1
25790,3
25791,4
25792,5
25793,8
25794,10
25795,1
25796,6
25797,15
25798,8
25799,2
25800,21
25801,16
25802,7
25803,32
25804,31
25805,6
25806,0
25807,20
25808,12
25809,15
25810,34
25811,17
25812,13
25813,5
25814,27
25815,31
25816,9
25817,31
25818,50
25819,3
25820,46
25821,53
25822,42
25823,21
25824,45
25825,12
25826,10
25827,16
25828,38
25829,11
25830,30
25831,11
25832,21
25833,11
25834,13
25835,33
25836,23
25837,20
25838,30
25839,17
25840,14
25841,4
25842,20
25843,9
25844,5
25845,258
25846,19
25847,12
25848,4
25849,0
25850,11
25851,15
25852,2
25853,6
25854,13
25855,2
25856,1
25857,6
25858,13
25859,0
25860,1
25861,16
25862,10
25863,25
25864,1
25865,4
25866,1
25867,83
25868,13
25869,1
25870,0
25871,0
25872,30
25873,15
25874,1
25875,14
25876,11
25877,4
25878,11
25879,2
25880,12
25881,17
25882,14
25883,13
25884,17
25885,14
25886,11
25887,9
25888,0
25889,5
25890,3
25891,2
25892,6
25893,11
25894,6
25895,9
25896,2
25897,7
25898,9
25899,9
25900,32
25901,14
25902,43
25903,6
25904,46
25905,16
25906,20
25907,34
25908,13
25909,207
25910,13
25911,2
25912,54
25913,10
25914,207
25915,5
25916,50
25917,32
25918,50
25919,4
25920,33
25921,18
25922,8
25923,51
25924,10
25925,39
25926,11
25927,17
25928,12
25929,31
25930,12
25931,12
25932,13
25933,22
25934,14
25935,21
25936,259
25937,3
25938,15
25939,5
25940,21
25941,18
25942,22
25943,31
25944,6
25945,0
25946,7
25947,24
25948,35
25949,47
25950,12
25951,12
25952,12
25953,16
25954,5
25955,14
25956,7
25957,7
25958,1
25959,2
25960,14
25961,10
25962,2
25963,33
25964,5
25965,15
25966,0
25967,7
25968,0
25969,2
25970,0
25971,0
25972,0
25973,11
25974,3
25975,17
25976,2
25977,14
25978,14
25979,13
25980,12
25981,15
25982,14
25983,1
25984,4
25985,0
25986,10
25987,12
25988,6
25989,18
25990,8
25991,7
25992,17
25993,3
25994,18
25995,10
25996,1
25997,15
25998,3
25999,10
26000,208
26001,44
26002,21
26003,22
26004,17
26005,9
26006,7
26007,51
26008,47
26009,14
26010,36
26011,208
26012,19
26013,35
26014,51
26015,33
26016,55
26017,51
26018,6
26019,11
26020,1
26021,14
26022,34
26023,15
26024,48
26025,33
26026,40
26027,12
26028,18
26029,13
26030,32
26031,6
26032,13
26033,14
26034,260
26035,15
26036,13
26037,4
26038,19
26039,16
26040,8
26041,25
26042,22
26043,11
26044,23
26045,7
26046,32
26047,23
26048,3
26049,1
26050,16
26051,17
26052,2
26053,5
26054,15
26055,0
26056,8
26057,4
26058,13
26059,0
26060,8
26061,0
26062,15
26063,6
26064,12
26065,1
26066,3
26067,3
26068,1
26069,1
26070,6
26071,15
26072,2
26073,3
26074,4
26075,3
26076,11
26077,3
26078,14
26079,13
26080,11
26081,5
26082,13
26083,18
26084,9
26085,13
26086,0
26087,7
26088,5
26089,11
26090,15
26091,8
26092,4
26093,0
26094,19
26095,11
26096,16
26097,19
26098,0
26099,2
26100,33
26101,20
26102,24
26103,10
26104,48
26105,8
26106,23
26107,16
26108,12
26109,209
26110,36
26111,52
26112,34
26113,4
26114,15
26115,209
26116,0
26117,18
26118,2
26119,52
26120,8
26121,56
26122,45
26123,261
26124,26
26125,19
26126,41
26127,13
26128,19
26129,14
26130,33
26131,14
26132,7
26133,14
26134,15
26135,2
26136,24
26137,20
26138,0
26139,5
26140,12
26141,9
26142,22
26143,49
26144,23
26145,16
26146,17
26147,35
26148,6
26149,8
26150,17
26151,16
26152,9
26153,0
26154,18
26155,3
26156,0
26157,1
26158,5
26159,4
26160,0
26161,4
26162,3
26163,0
26164,9
26165,0
26166,5
26167,0
26168,4
26169,16
26170,3
26171,13
26172,14
26173,2
26174,12
26175,2
26176,4
26177,5
26178,0
26179,7
26180,10
26181,14
26182,12
26183,14
26184,6
26185,12
26186,15
26187,9
26188,15
26189,19
26190,0
26191,17
26192,16
26193,2
26194,0
26195,0
26196,3
26197,0
26198,12
26199,14
26200,35
26201,34
26202,57
26203,11
26204,25
26205,24
26206,9
26207,0
26208,13
26209,17
26210,18
26211,16
26212,5
26213,15
26214,19
26215,37
26216,20
26217,3
26218,1
26219,13
26220,18
26221,21
26222,49
26223,50
26224,13
26225,7
26226,42
26227,20
26228,14
26229,34
26230,15
26231,16
26232,15
26233,8
26234,15
26235,9
26236,25
26237,27
26238,36
26239,24
26240,46
26241,3
26242,10
26243,1
26244,6
26245,17
26246,23
26247,21
26248,8
26249,11
26250,15
26251,3
26252,4
26253,0
26254,10
26255,11
26256,0
26257,2
26258,0
26259,14
26260,8
26261,6
26262,0
26263,3
26264,36
26265,0
26266,6
26267,15
26268,0
26269,5
26270,6
26271,17
26272,5
26273,1
26274,6
26275,0
26276,1
26277,4
26278,10
26279,16
26280,13
26281,18
26282,15
26283,13
26284,9
26285,7
26286,1
26287,19
26288,16
26289,5
26290,4
26291,4
26292,5
26293,10
26294,3
26295,17
26296,5
26297,2
26298,17
26299,13
26300,50
26301,18
26302,2
26303,18
26304,47
26305,14
26306,24
26307,26
26308,17
26309,6
26310,12
26311,58
26312,4
26313,16
26314,36
26315,22
26316,0
26317,35
26318,19
26319,20
26320,14
26321,25
26322,19
26323,37
26324,12
26325,9
26326,43
26327,21
26328,1
26329,15
26330,16
26331,35
26332,17
26333,16
26334,0
26335,10
26336,9
26337,16
26338,2
26339,11
26340,4
26341,26
26342,10
26343,7
26344,28
26345,25
26346,51
26347,22
26348,38
26349,8
26350,14
26351,1
26352,2
26353,17
26354,9
26355,0
26356,5
26357,1
26358,0
26359,1
26360,3
26361,4
26362,1
26363,1
26364,37
26365,0
26366,15
26367,11
26368,6
26369,7
26370,6
26371,0
26372,1
26373,5
26374,7
26375,4
26376,5
26377,6
26378,11
26379,16
26380,14
26381,18
26382,20
26383,14
26384,2
26385,6
26386,17
26387,8
26388,5
26389,1
26390,3
26391,16
26392,4
26393,10
26394,11
26395,6
26396,12
26397,7
26398,2
26399,14
26400,3
26401,18
26402,25
26403,15
26404,4
26405,1
26406,26
26407,5
26408,19
26409,20
26410,0
26411,26
26412,27
26413,9
26414,13
26415,17
26416,10
26417,37
26418,36
26419,23
26420,48
26421,19
26422,11
26423,8
26424,29
26425,39
26426,22
26427,44
26428,16
26429,2
26430,18
26431,36
26432,17
26433,23
26434,17
26435,20
26436,10
26437,38
26438,12
26439,5
26440,3
26441,11
26442,7
26443,27
26444,15
26445,52
26446,13
26447,17
26448,12
26449,21
26450,17
26451,7
26452,6
26453,0
26454,2
26455,17
26456,5
26457,0
26458,6
26459,3
26460,2
26461,2
26462,10
26463,4
26464,0
26465,0
26466,12
26467,38
26468,6
26469,18
26470,2
26471,0
26472,7
26473,2
26474,13
26475,8
26476,11
26477,8
26478,15
26479,1
26480,15
26481,1
26482,15
26483,7
26484,7
26485,3
26486,15
26487,9
26488,2
26489,0
26490,18
26491,8
26492,5
26493,3
26494,12
26495,1
26496,2
26497,0
26498,19
26499,6
26500,4
26501,2
26502,27
26503,16
26504,8
26505,19
26506,49
26507,26
26508,21
26509,6
26510,27
26511,14
26512,11
26513,10
26514,20
26515,20
26516,1
26517,28
26518,18
26519,37
26520,12
26521,5
26522,30
26523,18
26524,28
26525,38
26526,0
26527,45
26528,23
26529,17
26530,3
26531,19
26532,0
26533,24
26534,37
26535,21
26536,18
26537,12
26538,13
26539,39
26540,6
26541,18
26542,9
26543,16
26544,4
26545,14
26546,53
26547,11
26548,13
26549,40
26550,1
26551,12
26552,20
26553,16
26554,11
26555,0
26556,1
26557,7
26558,39
26559,6
26560,7
26561,3
26562,10
26563,4
26564,8
26565,1
26566,3
26567,13
26568,3
26569,3
26570,5
26571,18
26572,0
26573,3
26574,4
26575,9
26576,2
26577,3
26578,4
26579,18
26580,2
26581,16
26582,0
26583,2
26584,19
26585,8
26586,8
26587,16
26588,9
26589,6
26590,0
26591,3
26592,9
26593,14
26594,8
26595,10
26596,13
26597,0
26598,7
26599,16
26600,17
26601,38
26602,6
26603,31
26604,13
26605,50
26606,0
26607,27
26608,20
26609,0
26610,11
26611,15
26612,7
26613,22
26614,1
26615,28
26616,9
26617,5
26618,2
26619,12
26620,19
26621,22
26622,29
26623,19
26624,0
26625,0
26626,1
26627,46
26628,4
26629,24
26630,18
26631,20
26632,25
26633,12
26634,0
26635,10
26636,38
26637,5
26638,14
26639,40
26640,7
26641,17
26642,0
26643,5
26644,19
26645,15
26646,54
26647,13
26648,21
26649,19
26650,3
26651,21
26652,5
26653,3
26654,4
26655,13
26656,0
26657,8
26658,0
26659,8
26660,0
26661,9
26662,9
26663,1
26664,11
26665,0
26666,2
26667,0
26668,14
26669,0
26670,4
26671,8
26672,2
26673,17
26674,12
26675,4
26676,4
26677,0
26678,0
26679,0
26680,3
26681,1
26682,11
26683,14
26684,17
26685,17
26686,7
26687,40
26688,9
26689,0
26690,10
26691,10
26692,0
26693,15
26694,3
26695,14
26696,17
26697,4
26698,9
26699,2
26700,4
26701,18
26702,21
26703,7
26704,16
26705,2
26706,20
26707,28
26708,4
26709,20
26710,23
26711,29
26712,3
26713,39
26714,23
26715,6
26716,13
26717,12
26718,10
26719,20
26720,32
26721,8
26722,14
26723,41
26724,55
26725,1
26726,2
26727,47
26728,5
26729,25
26730,19
26731,26
26732,0
26733,6
26734,14
26735,11
26736,21
26737,15
26738,13
26739,8
26740,20
26741,1
26742,18
26743,30
26744,6
26745,16
26746,1
26747,39
26748,1
26749,2
26750,10
26751,10
26752,22
26753,14
26754,0
26755,6
26756,2
26757,1
26758,5
26759,9
26760,37
26761,4
26762,3
26763,0
26764,15
26765,0
26766,0
26767,0
26768,8
26769,5
26770,2
26771,0
26772,2
26773,1
26774,10
26775,1
26776,13
26777,9
26778,1
26779,18
26780,8
26781,12
26782,3
26783,11
26784,41
26785,1
26786,16
26787,15
26788,15
26789,11
26790,5
26791,18
26792,0
26793,3
26794,10
26795,3
26796,4
26797,18
26798,1
26799,5
26800,19
26801,22
26802,29
26803,17
26804,33
26805,8
26806,12
26807,7
26808,2
26809,9
26810,2
26811,4
26812,21
26813,30
26814,14
26815,21
26816,13
26817,24
26818,40
26819,13
26820,15
26821,4
26822,31
26823,42
26824,7
26825,21
26826,3
26827,48
26828,6
26829,26
26830,20
26831,0
26832,15
26833,27
26834,5
26835,56
26836,7
26837,16
26838,9
26839,40
26840,22
26841,2
26842,14
26843,19
26844,21
26845,17
26846,3
26847,1
26848,0
26849,24
26850,9
26851,11
26852,11
26853,23
26854,5
26855,2
26856,6
26857,15
26858,1
26859,7
26860,6
26861,4
26862,11
26863,5
26864,0
26865,1
26866,10
26867,1
26868,3
26869,0
26870,11
26871,9
26872,4
26873,1
26874,5
26875,6
26876,2
26877,38
26878,2
26879,2
26880,19
26881,11
26882,2
26883,17
26884,42
26885,12
26886,1
26887,0
26888,2
26889,16
26890,11
26891,16
26892,14
26893,0
26894,10
26895,12
26896,5
26897,0
26898,0
26899,0
26900,8
26901,32
26902,34
26903,22
26904,3
26905,16
26906,9
26907,5
26908,30
26909,10
26910,22
26911,20
26912,14
26913,15
26914,31
26915,3
26916,0
26917,10
26918,22
26919,3
26920,8
26921,23
26922,13
26923,3
26924,5
26925,14
26926,4
26927,49
26928,7
26929,27
26930,1
26931,21
26932,6
26933,16
26934,2
26935,57
26936,8
26937,17
26938,10
26939,43
26940,41
26941,23
26942,4
26943,20
26944,18
26945,18
26946,15
26947,28
26948,25
26949,22
26950,20
26951,6
26952,12
26953,2
26954,12
26955,5
26956,1
26957,16
26958,7
26959,2
26960,11
26961,2
26962,3
26963,1
26964,12
26965,6
26966,0
26967,7
26968,4
26969,5
26970,14
26971,7
26972,13
26973,11
26974,12
26975,17
26976,12
26977,2
26978,3
26979,43
26980,18
26981,1
26982,3
26983,2
26984,12
26985,39
26986,13
26987,3
26988,1
26989,17
26990,1
26991,13
26992,6
26993,17
26994,1
26995,1
26996,15
26997,24
26998,8
26999,3
27000,11
27001,31
27002,35
27003,19
27004,16
27005,4
27006,6
27007,6
27008,23
27009,16
27010,11
27011,4
27012,15
27013,33
27014,21
27015,4
27016,40
27017,19
27018,32
27019,9
27020,9
27021,24
27022,17
27023,18
27024,19
27025,21
27026,5
27027,0
27028,50
27029,8
27030,28
27031,2
27032,17
27033,22
27034,3
27035,10
27036,7
27037,9
27038,29
27039,11
27040,14
27041,42
27042,21
27043,44
27044,5
27045,24
27046,0
27047,4
27048,44
27049,3
27050,15
27051,6
27052,13
27053,9
27054,0
27055,10
27056,13
27057,25
27058,15
27059,3
27060,8
27061,7
27062,2
27063,2
27064,13
27065,4
27066,8
27067,1
27068,12
27069,0
27070,18
27071,0
27072,0
27073,11
27074,2
27075,5
27076,18
27077,3
27078,4
27079,4
27080,14
27081,2
27082,2
27083,4
27084,13
27085,0
27086,0
27087,7
27088,1
27089,2
27090,4
27091,14
27092,0
27093,3
27094,3
27095,16
27096,13
27097,17
27098,18
27099,6
27100,41
27101,12
27102,5
27103,25
27104,36
27105,10
27106,15
27107,17
27108,7
27109,24
27110,0
27111,5
27112,16
27113,32
27114,25
27115,20
27116,0
27117,5
27118,22
27119,0
27120,45
27121,20
27122,18
27123,19
27124,7
27125,3
27126,6
27127,51
27128,9
27129,1
27130,18
27131,29
27132,3
27133,5
27134,4
27135,20
27136,10
27137,23
27138,30
27139,12
27140,17
27141,0
27142,6
27143,11
27144,43
27145,22
27146,0
27147,8
27148,33
27149,0
27150,45
27151,8
27152,14
27153,0
27154,14
27155,18
27156,10
27157,3
27158,11
27159,4
27160,16
27161,4
27162,14
27163,7
27164,0
27165,3
27166,1
27167,26
27168,2
27169,0
27170,9
27171,0
27172,0
27173,3
27174,0
27175,22
27176,5
27177,14
27178,3
27179,1
27180,4
27181,12
27182,16
27183,5
27184,5
27185,9
27186,10
27187,4
27188,8
27189,5
27190,1
27191,2
27192,1
27193,17
27194,14
27195,4
27196,7
27197,7
27198,15
27199,15
27200,6
27201,19
27202,17
27203,26
27204,13
27205,1
27206,37
27207,8
27208,11
27209,21
27210,23
27211,21
27212,25
27213,18
27214,4
27215,33
27216,6
27217,26
27218,46
27219,2
27220,6
27221,46
27222,4
27223,20
27224,21
27225,34
27226,7
27227,52
27228,10
27229,19
27230,2
27231,6
27232,30
27233,5
27234,4
27235,42
27236,9
27237,24
27238,31
27239,18
27240,12
27241,7
27242,13
27243,1
27244,44
27245,8
27246,23
27247,11
27248,1
27249,2
27250,6
27251,9
27252,16
27253,15
27254,15
27255,4
27256,0
27257,0
27258,11
27259,15
27260,0
27261,5
27262,0
27263,15
27264,10
27265,6
27266,4
27267,5
27268,1
27269,2
27270,0
27271,0
27272,15
27273,2
27274,1
27275,12
27276,0
27277,27
27278,16
27279,5
27280,0
27281,13
27282,0
27283,5
27284,1
27285,0
27286,17
27287,9
27288,3
27289,8
27290,18
27291,6
27292,0
27293,1
27294,0
27295,6
27296,16
27297,1
27298,5
27299,0
27300,38
27301,27
27302,7
27303,9
27304,22
27305,18
27306,5
27307,0
27308,14
27309,7
27310,7
27311,12
27312,9
27313,18
27314,20
27315,47
27316,19
27317,26
27318,7
27319,34
27320,22
27321,2
27322,24
27323,19
27324,5
27325,22
27326,8
27327,20
27328,53
27329,11
27330,3
27331,7
27332,2
27333,31
27334,0
27335,43
27336,6
27337,12
27338,10
27339,8
27340,32
27341,21
27342,25
27343,13
27344,7
27345,14
27346,45
27347,5
27348,0
27349,0
27350,2
27351,16
27352,16
27353,5
27354,10
27355,0
27356,0
27357,0
27358,2
27359,0
27360,7
27361,1
27362,3
27363,2
27364,16
27365,16
27366,2
27367,0
27368,6
27369,16
27370,12
27371,13
27372,27
27373,3
27374,17
27375,9
27376,6
27377,10
27378,4
27379,6
27380,47
27381,2
27382,6
27383,9
27384,2
27385,14
27386,3
27387,2
27388,19
27389,2
27390,17
27391,0
27392,17
27393,3
27394,7
27395,28
27396,0
27397,1
27398,6
27399,1
27400,15
27401,23
27402,25
27403,6
27404,10
27405,39
27406,23
27407,8
27408,8
27409,19
27410,8
27411,3
27412,3
27413,10
27414,27
27415,48
27416,21
27417,20
27418,8
27419,13
27420,19
27421,28
27422,15
27423,1
27424,44
27425,9
27426,21
27427,12
27428,4
27429,54
27430,6
27431,8
27432,1
27433,3
27434,32
27435,46
27436,9
27437,13
27438,14
27439,8
27440,11
27441,20
27442,6
27443,22
27444,33
27445,26
27446,1
27447,7
27448,5
27449,0
27450,3
27451,1
27452,17
27453,3
27454,4
27455,17
27456,3
27457,11
27458,4
27459,0
27460,12
27461,18
27462,17
27463,17
27464,17
27465,3
27466,4
27467,13
27468,0
27469,19
27470,1
27471,14
27472,5
27473,8
27474,6
27475,7
27476,10
27477,2
27478,7
27479,10
27480,3
27481,18
27482,4
27483,48
27484,29
27485,0
27486,7
27487,20
27488,2
27489,0
27490,2
27491,3
27492,3
27493,7
27494,11
27495,0
27496,18
27497,15
27498,1
27499,8
27500,4
27501,24
27502,16
27503,0
27504,20
27505,47
27506,24
27507,0
27508,2
27509,9
27510,0
27511,26
27512,11
27513,9
27514,29
27515,16
27516,0
27517,3
27518,4
27519,20
27520,0
27521,40
27522,7
27523,7
27524,45
27525,10
27526,22
27527,5
27528,0
27529,7
27530,9
27531,55
27532,13
27533,2
27534,9
27535,23
27536,33
27537,9
27538,15
27539,8
27540,0
27541,14
27542,4
27543,12
27544,21
27545,27
27546,34
27547,10
27548,8
27549,9
27550,0
27551,5
27552,18
27553,4
27554,4
27555,1
27556,1
27557,12
27558,1
27559,18
27560,4
27561,0
27562,0
27563,18
27564,0
27565,18
27566,0
27567,14
27568,0
27569,18
27570,3
27571,6
27572,14
27573,1
27574,12
27575,0
27576,21
27577,16
27578,11
27579,4
27580,6
27581,11
27582,4
27583,8
27584,5
27585,3
27586,30
27587,9
27588,1
27589,49
27590,8
27591,11
27592,2
27593,8
27594,4
27595,4
27596,2
27597,2
27598,7
27599,4
27600,8
27601,48
27602,15
27603,35
27604,25
27605,2
27606,0
27607,21
27608,24
27609,5
27610,10
27611,0
27612,41
27613,10
27614,30
27615,0
27616,17
27617,25
27618,27
27619,12
27620,22
27621,0
27622,13
27623,8
27624,0
27625,10
27626,0
27627,11
27628,23
27629,6
27630,8
27631,10
27632,56
27633,0
27634,3
27635,28
27636,14
27637,10
27638,11
27639,16
27640,34
27641,9
27642,5
27643,15
27644,1
27645,0
27646,46
27647,1
27648,0
27649,3
27650,12
27651,3
27652,3
27653,8
27654,5
27655,50
27656,0
27657,9
27658,0
27659,1
27660,6
27661,12
27662,2
27663,5
27664,19
27665,0
27666,22
27667,13
27668,5
27669,2
27670,5
27671,2
27672,1
27673,17
27674,5
27675,9
27676,1
27677,3
27678,5
27679,4
27680,17
27681,7
27682,0
27683,0
27684,10
27685,5
27686,0
27687,1
27688,0
27689,12
27690,0
27691,5
27692,10
27693,4
27694,6
27695,31
27696,9
27697,9
27698,1
27699,0
27700,6
27701,49
27702,1
27703,3
27704,14
27705,36
27706,11
27707,22
27708,23
27709,25
27710,0
27711,42
27712,16
27713,11
27714,1
27715,11
27716,1
27717,26
27718,28
27719,18
27720,29
27721,4
27722,26
27723,12
27724,0
27725,13
27726,12
27727,24
27728,7
27729,11
27730,9
27731,57
27732,4
27733,1
27734,1
27735,1
27736,11
27737,17
27738,2
27739,9
27740,2
27741,10
27742,35
27743,47
27744,9
27745,6
27746,16
27747,15
27748,1
27749,31
27750,11
27751,9
27752,4
27753,2
27754,3
27755,15
27756,0
27757,4
27758,3
27759,1
27760,0
27761,1
27762,1
27763,20
27764,14
27765,6
27766,7
27767,8
27768,6
27769,18
27770,0
27771,10
27772,5
27773,7
27774,1
27775,6
27776,1
27777,2
27778,8
27779,6
27780,18
27781,13
27782,13
27783,10
27784,13
27785,1
27786,2
27787,6
27788,6
27789,10
27790,1
27791,0
27792,10
27793,11
27794,4
27795,5
27796,1
27797,1
27798,6
27799,6
27800,4
27801,0
27802,27
27803,0
27804,7
27805,30
27806,11
27807,37
27808,251
27809,5
27810,23
27811,12
27812,17
27813,7
27814,0
27815,24
27816,15
27817,50
27818,0
27819,0
27820,48
27821,1
27822,16
27823,2
27824,3
27825,13
27826,0
27827,25
27828,8
27829,0
27830,12
27831,0
27832,10
27833,0
27834,58
27835,10
27836,5
27837,2
27838,0
27839,0
27840,2
27841,13
27842,12
27843,3
27844,0
27845,10
27846,36
27847,18
27848,26
27849,12
27850,2
27851,2
27852,5
27853,7
27854,0
27855,2
27856,7
27857,4
27858,11
27859,4
27860,3
27861,10
27862,2
27863,16
27864,2
27865,15
27866,5
27867,0
27868,1
27869,21
27870,0
27871,2
27872,43
27873,7
27874,6
27875,2
27876,0
27877,11
27878,0
27879,14
27880,3
27881,7
27882,0
27883,7
27884,9
27885,17
27886,12
27887,12
27888,6
27889,2
27890,12
27891,7
27892,11
27893,5
27894,14
27895,2
27896,2
27897,0
27898,14
27899,14
27900,26
27901,17
27902,4
27903,37
27904,12
27905,0
27906,28
27907,38
27908,11
27909,6
27910,1
27911,8
27912,0
27913,13
27914,1
27915,1
27916,25
27917,0
27918,0
27919,1
27920,4
27921,24
27922,11
27923,6
27924,0
27925,3
27926,9
27927,14
27928,26
27929,13
27930,19
27931,0
27932,31
27933,11
27934,1
27935,0
27936,0
27937,16
27938,0
27939,0
27940,0
27941,0
27942,13
27943,14
27944,0
27945,49
27946,3
27947,59
27948,3
27949,4
27950,8
27951,1
27952,1
27953,11
27954,1
27955,5
27956,3
27957,0
27958,3
27959,6
27960,7
27961,13
27962,3
27963,8
27964,4
27965,8
27966,13
27967,3
27968,8
27969,1
27970,22
27971,3
27972,2
27973,5
27974,0
27975,16
27976,18
27977,12
27978,12
27979,5
27980,7
27981,0
27982,3
27983,8
27984,8
27985,3
27986,0
27987,10
27988,18
27989,1
27990,6
27991,15
27992,15
27993,13
27994,15
27995,8
27996,1
27997,15
27998,0
27999,13
28000,9
28001,14
28002,39
28003,7
28004,25
28005,5
28006,9
28007,17
28008,18
28009,2
28010,2
28011,1
28012,1
28013,1
28014,1
28015,9
28016,13
28017,7
28018,1
28019,8
28020,12
28021,26
28022,5
28023,0
28024,1
28025,6
28026,4
28027,15
28028,10
28029,27
28030,14
28031,12
28032,20
28033,60
28034,2
28035,38
28036,7
28037,32
28038,14
28039,15
28040,0
28041,5
28042,4
28043,4
28044,29
28045,12
28046,13
28047,50
28048,4
28049,2
28050,1
28051,16
28052,8
28053,0
28054,19
28055,2
28056,7
28057,4
28058,9
28059,5
28060,14
28061,13
28062,1
28063,9
28064,14
28065,1
28066,4
28067,1
28068,4
28069,0
28070,0
28071,17
28072,19
28073,4
28074,6
28075,23
28076,0
28077,9
28078,3
28079,11
28080,16
28081,2
28082,2
28083,0
28084,9
28085,16
28086,16
28087,4
28088,2
28089,1
28090,0
28091,1
28092,1
28093,14
28094,1
28095,4
28096,6
28097,12
28098,14
28099,1
28100,8
28101,15
28102,18
28103,5
28104,10
28105,19
28106,9
28107,40
28108,6
28109,27
28110,1
28111,5
28112,7
28113,10
28114,14
28115,20
28116,3
28117,0
28118,12
28119,10
28120,17
28121,3
28122,2
28123,51
28124,39
28125,0
28126,5
28127,16
28128,11
28129,28
28130,15
28131,3
28132,13
28133,21
28134,61
28135,26
28136,6
28137,8
28138,30
28139,13
28140,16
28141,14
28142,33
28143,8
28144,5
28145,13
28146,6
28147,15
28148,1
28149,0
28150,2
28151,1
28152,17
28153,10
28154,3
28155,14
28156,5
28157,10
28158,1
28159,18
28160,8
28161,6
28162,2
28163,0
28164,0
28165,2
28166,24
28167,4
28168,15
28169,2
28170,2
28171,1
28172,15
28173,2
28174,0
28175,2
28176,15
28177,9
28178,1
28179,2
28180,2
28181,17
28182,3
28183,4
28184,2
28185,13
28186,7
28187,3
28188,17
28189,2
28190,3
28191,10
28192,0
28193,3
28194,5
28195,10
28196,7
28197,8
28198,15
28199,5
28200,10
28201,19
28202,11
28203,27
28204,7
28205,3
28206,6
28207,1
28208,41
28209,13
28210,15
28211,9
28212,16
28213,4
28214,11
28215,3
28216,6
28217,18
28218,28
28219,1
28220,14
28221,20
28222,15
28223,22
28224,34
28225,11
28226,6
28227,2
28228,17
28229,12
28230,16
28231,1
28232,29
28233,7
28234,4
28235,40
28236,0
28237,14
28238,16
28239,62
28240,7
28241,52
28242,17
28243,6
28244,9
28245,31
28246,9
28247,14
28248,4
28249,3
28250,18
28251,15
28252,0
28253,0
28254,16
28255,0
28256,0
28257,0
28258,10
28259,0
28260,19
28261,3
28262,3
28263,11
28264,11
28265,4
28266,11
28267,9
28268,1
28269,2
28270,18
28271,0
28272,0
28273,4
28274,4
28275,16
28276,7
28277,16
28278,8
28279,1
28280,2
28281,14
28282,5
28283,8
28284,6
28285,2
28286,18
28287,4
28288,8
28289,11
28290,3
28291,3
28292,0
28293,1
28294,0
28295,4
28296,6
28297,2
28298,6
28299,9
28300,10
28301,7
28302,7
28303,15
28304,4
28305,16
28306,11
28307,14
28308,42
28309,5
28310,2
28311,2
28312,21
28313,8
28314,20
28315,17
28316,12
28317,29
28318,0
28319,0
28320,10
28321,19
28322,41
28323,15
28324,35
28325,12
28326,7
28327,13
28328,18
28329,3
28330,17
28331,2
28332,7
28333,8
28334,30
28335,28
28336,5
28337,15
28338,17
28339,2
28340,23
28341,63
28342,53
28343,0
28344,18
28345,8
28346,32
28347,10
28348,19
28349,12
28350,1
28351,7
28352,4
28353,0
28354,9
28355,0
28356,4
28357,3
28358,12
28359,11
28360,2
28361,5
28362,2
28363,17
28364,16
28365,17
28366,0
28367,0
28368,12
28369,17
28370,4
28371,0
28372,10
28373,0
28374,3
28375,0
28376,1
28377,0
28378,4
28379,16
28380,9
28381,3
28382,15
28383,7
28384,5
28385,6
28386,5
28387,4
28388,9
28389,10
28390,0
28391,0
28392,0
28393,8
28394,19
28395,5
28396,7
28397,12
28398,3
28399,7
28400,5
28401,42
28402,1
28403,0
28404,33
28405,36
28406,0
28407,16
28408,3
28409,0
28410,1
28411,8
28412,11
28413,43
28414,20
28415,15
28416,6
28417,17
28418,11
28419,8
28420,29
28421,12
28422,9
28423,6
28424,19
28425,2
28426,14
28427,8
28428,8
28429,1
28430,19
28431,9
28432,4
28433,0
28434,3
28435,0
28436,18
28437,31
28438,16
28439,3
28440,0
28441,18
28442,24
28443,16
28444,11
28445,64
28446,54
28447,0
28448,3
28449,22
28450,13
28451,2
28452,1
28453,6
28454,0
28455,12
28456,13
28457,8
28458,0
28459,1
28460,4
28461,4
28462,5
28463,3
28464,1
28465,2
28466,3
28467,5
28468,17
28469,0
28470,18
28471,18
28472,0
28473,0
28474,13
28475,9
28476,4
28477,6
28478,9
28479,16
28480,20
28481,0
28482,8
28483,13
28484,1
28485,6
28486,4
28487,18
28488,10
28489,11
28490,17
28491,7
28492,8
28493,13
28494,10
28495,9
28496,1
28497,6
28498,5
28499,5
28500,16
28501,17
28502,21
28503,43
28504,9
28505,30
28506,2
28507,44
28508,1
28509,7
28510,0
28511,2
28512,0
28513,1
28514,4
28515,0
28516,9
28517,18
28518,12
28519,17
28520,34
28521,12
28522,13
28523,17
28524,10
28525,9
28526,9
28527,15
28528,9
28529,20
28530,2
28531,4
28532,10
28533,19
28534,7
28535,37
28536,32
28537,5
28538,19
28539,20
28540,12
28541,65
28542,17
28543,25
28544,6
28545,55
28546,4
28547,4
28548,11
28549,3
28550,21
28551,2
28552,1
28553,7
28554,7
28555,13
28556,4
28557,0
28558,1
28559,2
28560,14
28561,6
28562,0
28563,0
28564,19
28565,1
28566,5
28567,1
28568,7
28569,9
28570,2
28571,18
28572,10
28573,3
28574,14
28575,2
28576,9
28577,14
28578,14
28579,10
28580,10
28581,5
28582,12
28583,1
28584,6
28585,1
28586,19
28587,0
28588,14
28589,18
28590,7
28591,7
28592,0
28593,0
28594,8
28595,0
28596,2
28597,3
28598,11
28599,5
28600,22
28601,5
28602,18
28603,14
28604,56
28605,11
28606,41
28607,35
28608,38
28609,17
28610,18
28611,3
28612,44
28613,8
28614,45
28615,41
28616,0
28617,31
28618,5
28619,13
28620,26
28621,10
28622,18
28623,0
28624,7
28625,2
28626,15
28627,10
28628,10
28629,5
28630,3
28631,16
28632,11
28633,21
28634,8
28635,20
28636,20
28637,5
28638,18
28639,3
28640,13
28641,6
28642,15
28643,41
28644,21
28645,66
28646,13
28647,33
28648,2
28649,10
28650,12
28651,0
28652,3
28653,0
28654,3
28655,13
28656,15
28657,0
28658,0
28659,4
28660,4
28661,0
28662,11
28663,7
28664,1
28665,1
28666,14
28667,3
28668,0
28669,0
28670,8
28671,15
28672,0
28673,8
28674,9
28675,11
28676,0
28677,10
28678,10
28679,0
28680,2
28681,0
28682,22
28683,13
28684,13
28685,6
28686,19
28687,7
28688,13
28689,12
28690,4
28691,6
28692,11
28693,2
28694,3
28695,15
28696,19
28697,8
28698,8
28699,15
28700,42
28701,39
28702,12
28703,19
28704,4
28705,21
28706,27
28707,6
28708,57
28709,11
28710,14
28711,36
28712,45
28713,46
28714,19
28715,6
28716,9
28717,11
28718,3
28719,42
28720,4
28721,18
28722,42
28723,14
28724,14
28725,7
28726,11
28727,16
28728,6
28729,4
28730,17
28731,11
28732,12
28733,9
28734,22
28735,7
28736,34
28737,21
28738,8
28739,19
28740,22
28741,67
28742,16
28743,1
28744,15
28745,23
28746,19
28747,6
28748,14
28749,16
28750,14
28751,12
28752,2
28753,14
28754,12
28755,4
28756,3
28757,4
28758,16
28759,16
28760,0
28761,3
28762,5
28763,8
28764,0
28765,12
28766,1
28767,0
28768,9
28769,0
28770,12
28771,1
28772,32
28773,15
28774,5
28775,4
28776,7
28777,4
28778,13
28779,3
28780,14
28781,4
28782,20
28783,0
28784,8
28785,1
28786,13
28787,11
28788,3
28789,16
28790,13
28791,4
28792,10
28793,1
28794,11
28795,1
28796,1
28797,9
28798,0
28799,9
28800,0
28801,68
28802,0
28803,15
28804,0
28805,20
28806,0
28807,24
28808,28
28809,0
28810,2
28811,5
28812,58
28813,0
28814,0
28815,20
28816,12
28817,19
28818,15
28819,13
28820,0
28821,0
28822,7
28823,12
28824,9
28825,0
28826,12
28827,23
28828,5
28829,0
28830,5
28831,0
28832,0
28833,17
28834,13
28835,7
28836,18
28837,0
28838,10
28839,7
28840,0
28841,0
28842,22
28843,0
28844,0
28845,35
28846,16
28847,0
28848,8
28849,23
28850,20
28851,13
28852,1
28853,2
28854,12
28855,4
28856,6
28857,13
28858,0
28859,11
28860,11
28861,8
28862,4
28863,43
28864,4
28865,0
28866,6
28867,16
28868,14
28869,7
28870,15
28871,0
28872,17
28873,13
28874,10
28875,0
28876,1
28877,12
28878,4
28879,17
28880,0
28881,0
28882,17
28883,15
28884,7
28885,10
28886,14
28887,0
28888,0
28889,15
28890,4
28891,5
28892,43
28893,5
28894,2
28895,12
28896,15
28897,10
28898,9
28899,8
28900,16
28901,21
28902,21
28903,59
28904,3
28905,13
28906,1
28907,13
28908,8
28909,14
28910,11
28911,9
28912,5
28913,9
28914,16
28915,1
28916,1
28917,6
28918,18
28919,3
28920,29
28921,1
28922,20
28923,23
28924,16
28925,1
28926,13
28927,6
28928,13
28929,14
28930,24
28931,8
28932,11
28933,19
28934,18
28935,25
28936,1
28937,16
28938,36
28939,17
28940,6
28941,8
28942,6
28943,24
28944,21
28945,1
28946,69
28947,10
28948,6
28949,5
28950,3
28951,0
28952,11
28953,1
28954,7
28955,0
28956,11
28957,5
28958,1
28959,1
28960,0
28961,1
28962,13
28963,12
28964,3
28965,1
28966,2
28967,14
28968,0
28969,11
28970,2
28971,5
28972,18
28973,14
28974,2
28975,1
28976,10
28977,0
28978,15
28979,1
28980,1
28981,8
28982,1
28983,1
28984,0
28985,2
28986,44
28987,1
28988,0
28989,1
28990,0
28991,13
28992,1
28993,1
28994,1
28995,14
28996,0
28997,16
28998,0
28999,1
29000,60
29001,2
29002,6
29003,9
29004,30
29005,22
29006,4
29007,22
29008,14
29009,6
29010,12
29011,7
29012,10
29013,15
29014,4
29015,2
29016,0
29017,7
29018,17
29019,19
29020,14
29021,10
29022,26
29023,7
29024,17
29025,17
29026,2
29027,14
29028,7
29029,14
29030,15
29031,9
29032,11
29033,12
29034,20
29035,7
29036,25
29037,18
29038,24
29039,19
29040,9
29041,37
29042,22
29043,70
29044,2
29045,21
29046,25
29047,0
29048,1
29049,17
29050,4
29051,15
29052,0
29053,2
29054,13
29055,2
29056,6
29057,0
29058,0
29059,14
29060,0
29061,6
29062,4
29063,0
29064,20
29065,0
29066,24
29067,0
29068,15
29069,7
29070,18
29071,2
29072,1
29073,12
29074,11
29075,19
29076,2
29077,12
29078,0
29079,3
29080,9
29081,0
29082,15
29083,2
29084,1
29085,2
29086,3
29087,8
29088,16
29089,2
29090,2
29091,3
29092,0
29093,2
29094,0
29095,17
29096,2
29097,0
29098,0
29099,2
29100,15
29101,61
29102,11
29103,8
29104,23
29105,5
29106,3
29107,7
29108,31
29109,0
29110,18
29111,18
29112,23
29113,13
29114,5
29115,8
29116,18
29117,11
29118,16
29119,20
29120,15
29121,8
29122,10
29123,10
29124,27
29125,4
29126,15
29127,8
29128,0
29129,12
29130,15
29131,16
29132,10
29133,21
29134,8
29135,7
29136,13
29137,26
29138,25
29139,23
29140,71
29141,22
29142,20
29143,38
29144,1
29145,26
29146,18
29147,19
29148,3
29149,4
29150,1
29151,1
29152,13
29153,0
29154,1
29155,12
29156,14
29157,5
29158,7
29159,21
29160,16
29161,1
29162,0
29163,25
29164,0
29165,1
29166,1
29167,8
29168,0
29169,6
29170,3
29171,3
29172,20
29173,7
29174,0
29175,2
29176,1
29177,1
29178,3
29179,5
29180,4
29181,16
29182,10
29183,3
29184,0
29185,4
29186,2
29187,3
29188,3
29189,16
29190,1
29191,18
29192,7
29193,3
29194,17
29195,1
29196,9
29197,1
29198,3
29199,1
29200,6
29201,28
29202,4
29203,16
29204,19
29205,12
29206,2
29207,24
29208,8
29209,32
29210,17
29211,6
29212,24
29213,14
29214,1
29215,2
29216,9
29217,5
29218,5
29219,19
29220,11
29221,19
29222,9
29223,19
29224,8
29225,4
29226,16
29227,1
29228,9
29229,0
29230,13
29231,11
29232,17
29233,9
29234,16
29235,27
29236,22
29237,20
29238,11
29239,23
29240,27
29241,26
29242,72
29243,39
29244,24
29245,21
29246,16
29247,14
29248,4
29249,62
29250,12
29251,2
29252,2
29253,0
29254,15
29255,1
29256,19
29257,9
29258,22
29259,1
29260,0
29261,2
29262,14
29263,1
29264,26
29265,0
29266,2
29267,7
29268,17
29269,8
29270,6
29271,4
29272,0
29273,13
29274,2
29275,5
29276,2
29277,2
29278,17
29279,17
29280,21
29281,11
29282,5
29283,1
29284,4
29285,3
29286,9
29287,6
29288,2
29289,4
29290,0
29291,2
29292,4
29293,8
29294,18
29295,8
29296,4
29297,4
29298,10
29299,2
29300,0
29301,0
29302,5
29303,0
29304,0
29305,25
29306,12
29307,13
29308,28
29309,22
29310,0
29311,3
29312,17
29313,20
29314,0
29315,17
29316,9
29317,33
29318,0
29319,0
29320,0
29321,0
29322,23
29323,28
29324,5
29325,10
29326,17
29327,0
29328,2
29329,14
29330,12
29331,0
29332,10
29333,18
29334,0
29335,1
29336,0
29337,15
29338,24
29339,10
29340,21
29341,12
29342,27
29343,40
29344,73
29345,9
29346,17
29347,25
29348,29
29349,3
29350,0
29351,13
29352,3
29353,3
29354,5
29355,7
29356,3
29357,8
29358,0
29359,19
29360,22
29361,16
29362,10
29363,2
29364,9
29365,5
29366,1
29367,6
29368,3
29369,1
29370,2
29371,7
29372,23
29373,5
29374,61
29375,11
29376,0
29377,0
29378,2
29379,3
29380,6
29381,5
29382,20
29383,15
29384,0
29385,18
29386,3
29387,7
29388,5
29389,10
29390,6
29391,18
29392,0
29393,12
29394,3
29395,18
29396,4
29397,9
29398,3
29399,2
29400,8
29401,10
29402,3
29403,30
29404,18
29405,29
29406,4
29407,14
29408,26
29409,34
29410,8
29411,26
29412,18
29413,8
29414,1
29415,18
29416,7
29417,0
29418,6
29419,4
29420,1
29421,21
29422,23
29423,24
29424,29
29425,6
29426,11
29427,18
29428,3
29429,15
29430,13
29431,1
29432,11
29433,19
29434,2
29435,13
29436,25
29437,18
29438,13
29439,22
29440,10
29441,0
29442,41
29443,74
29444,6
29445,28
29446,11
29447,16
29448,16
29449,21
29450,1
29451,1
29452,23
29453,1
29454,9
29455,6
29456,1
29457,4
29458,2
29459,0
29460,14
29461,24
29462,1
29463,0
29464,17
29465,10
29466,3
29467,0
29468,3
29469,3
29470,0
29471,6
29472,4
29473,0
29474,4
29475,4
29476,1
29477,1
29478,6
29479,4
29480,6
29481,9
29482,10
29483,0
29484,0
29485,19
29486,7
29487,5
29488,13
29489,19
29490,1
29491,3
29492,11
29493,4
29494,1
29495,4
29496,1
29497,0
29498,12
29499,19
29500,2
29501,15
29502,30
29503,27
29504,5
29505,31
29506,4
29507,11
29508,9
29509,27
29510,22
29511,19
29512,7
29513,35
29514,22
29515,8
29516,19
29517,5
29518,9
29519,17
29520,30
29521,1
29522,24
29523,14
29524,12
29525,25
29526,12
29527,19
29528,4
29529,16
29530,14
29531,17
29532,5
29533,2
29534,12
29535,29
29536,26
29537,20
29538,11
29539,25
29540,19
29541,7
29542,23
29543,75
29544,42
29545,0
29546,14
29547,3
29548,7
29549,2
29550,7
29551,24
29552,1
29553,3
29554,4
29555,3
29556,18
29557,19
29558,7
29559,0
29560,8
29561,0
29562,12
29563,7
29564,20
29565,5
29566,15
29567,1
29568,4
29569,11
29570,0
29571,19
29572,5
29573,9
29574,0
29575,0
29576,10
29577,13
29578,11
29579,0
29580,5
29581,1
29582,6
29583,8
29584,5
29585,14
29586,0
29587,0
29588,2
29589,0
29590,20
29591,3
29592,0
29593,5
29594,12
29595,1
29596,2
29597,2
29598,5
29599,4
29600,8
29601,6
29602,25
29603,31
29604,32
29605,12
29606,28
29607,31
29608,10
29609,9
29610,36
29611,16
29612,6
29613,3
29614,28
29615,20
29616,3
29617,2
29618,2
29619,23
29620,30
29621,1
29622,24
29623,20
29624,20
29625,8
29626,13
29627,20
29628,17
29629,5
29630,15
29631,3
29632,13
29633,27
29634,6
29635,5
29636,0
29637,21
29638,18
29639,12
29640,15
29641,8
29642,26
29643,15
29644,13
29645,43
29646,76
29647,4
29648,18
29649,0
29650,8
29651,25
29652,6
29653,5
29654,1
29655,0
29656,0
29657,5
29658,6
29659,0
29660,16
29661,13
29662,7
29663,0
29664,5
29665,2
29666,1
29667,14
29668,8
29669,6
29670,6
29671,18
29672,12
29673,30
29674,13
29675,6
29676,4
29677,11
29678,2
29679,10
29680,3
29681,6
29682,12
29683,7
29684,1
29685,6
29686,9
29687,26
29688,3
29689,15
29690,2
29691,4
29692,4
29693,20
29694,1
29695,0
29696,21
29697,3
29698,0
29699,6
29700,7
29701,29
29702,4
29703,14
29704,0
29705,25
29706,27
29707,31
29708,21
29709,26
29710,4
29711,33
29712,0
29713,13
29714,9
29715,0
29716,32
29717,7
29718,11
29719,2
29720,44
29721,32
29722,77
29723,13
29724,0
29725,7
29726,9
29727,14
29728,21
29729,6
29730,18
29731,0
29732,16
29733,0
29734,4
29735,0
29736,14
29737,0
29738,22
29739,5
29740,0
29741,7
29742,9
29743,19
29744,6
29745,16
29746,16
29747,28
29748,0
29749,3
29750,10
29751,5
29752,4
29753,1
29754,1
29755,12
29756,5
29757,4
29758,6
29759,2
29760,1
29761,5
29762,1
29763,2
29764,8
29765,1
29766,7
29767,0
29768,14
29769,7
29770,0
29771,31
29772,7
29773,6
29774,10
29775,7
29776,14
29777,16
29778,19
29779,9
29780,0
29781,17
29782,2
29783,8
29784,11
29785,7
29786,4
29787,21
29788,13
29789,3
29790,0
29791,3
29792,1
29793,0
29794,2
29795,22
29796,27
29797,7
29798,7
29799,3
29800,1
29801,0
29802,30
29803,45
29804,22
29805,27
29806,8
29807,3
29808,32
29809,33
29810,4
29811,14
29812,1
29813,10
29814,8
29815,5
29816,8
29817,8
29818,4
29819,33
29820,28
29821,34
29822,26
29823,0
29824,5
29825,8
29826,10
29827,15
29828,22
29829,19
29830,17
29831,0
29832,7
29833,5
29834,15
29835,15
29836,29
29837,6
29838,23
29839,7
29840,8
29841,10
29842,1
29843,17
29844,17
29845,20
29846,78
29847,14
29848,10
29849,20
29850,14
29851,1
29852,6
29853,11
29854,6
29855,7
29856,7
29857,1
29858,5
29859,5
29860,2
29861,1
29862,9
29863,8
29864,0
29865,2
29866,1
29867,0
29868,0
29869,0
29870,15
29871,8
29872,20
29873,1
29874,6
29875,32
29876,17
29877,8
29878,9
29879,1
29880,2
29881,12
29882,22
29883,4
29884,3
29885,3
29886,23
29887,15
29888,11
29889,1
29890,18
29891,2
29892,12
29893,13
29894,28
29895,2
29896,0
29897,5
29898,3
29899,4
29900,31
29901,28
29902,29
29903,27
29904,0
29905,9
29906,0
29907,33
29908,4
29909,9
29910,0
29911,0
29912,35
29913,34
29914,15
29915,3
29916,9
29917,6
29918,0
29919,2
29920,46
29921,23
29922,21
29923,2
29924,79
29925,11
29926,16
29927,11
29928,0
29929,18
29930,20
29931,23
29932,1
29933,8
29934,6
29935,16
29936,15
29937,16
29938,8
29939,11
29940,7
29941,9
29942,18
29943,18
29944,24
29945,6
29946,1
29947,30
29948,5
29949,5
29950,11
29951,19
29952,18
29953,6
29954,8
29955,10
29956,13
29957,3
29958,6
29959,2
29960,1
29961,4
29962,7
29963,22
29964,12
29965,2
29966,6
29967,2
29968,21
29969,0
29970,0
29971,9
29972,2
29973,9
29974,0
29975,0
29976,7
29977,9
29978,10
29979,23
29980,4
29981,15
29982,16
29983,5
29984,2
29985,24
29986,14
29987,4
29988,9
29989,9
29990,29
29991,1
29992,8
29993,2
29994,3
29995,7
29996,5
29997,12
29998,13
29999,3
30000,32
30001,29
30002,22
30003,10
30004,47
30005,28
30006,3
30007,30
30008,4
30009,10
30010,0
30011,1
30012,24
30013,2
30014,10
30015,16
30016,7
30017,36
30018,35
30019,17
30020,17
30021,34
30022,1
30023,1
30024,25
30025,6
30026,17
30027,19
30028,21
30029,12
30030,1
30031,7
30032,24
30033,9
30034,2
30035,1
30036,16
30037,31
30038,9
30039,5
30040,12
30041,8
30042,7
30043,19
30044,10
30045,80
30046,19
30047,17
30048,24
30049,2
30050,6
30051,13
30052,10
30053,14
30054,1
30055,4
30056,1
30057,7
30058,3
30059,1
30060,7
30061,2
30062,3
30063,2
30064,22
30065,0
30066,10
30067,10
30068,3
30069,0
30070,14
30071,10
30072,13
30073,7
30074,11
30075,12
30076,0
30077,9
30078,5
30079,10
30080,11
30081,16
30082,4
30083,1
30084,12
30085,30
30086,4
30087,9
30088,5
30089,0
30090,6
30091,25
30092,3
30093,8
30094,5
30095,8
30096,6
30097,3
30098,19
30099,15
30100,2
30101,26
30102,18
30103,0
30104,9
30105,11
30106,0
30107,48
30108,20
30109,0
30110,0
30111,5
30112,0
30113,2
30114,30
30115,33
30116,23
30117,31
30118,11
30119,35
30120,0
30121,29
30122,2
30123,6
30124,13
30125,11
30126,18
30127,0
30128,20
30129,22
30130,0
30131,8
30132,0
30133,17
30134,13
30135,0
30136,0
30137,10
30138,0
30139,18
30140,32
30141,0
30142,3
30143,10
30144,8
30145,11
30146,20
30147,25
30148,18
30149,37
30150,2
30151,0
30152,3
30153,9
30154,0
30155,3
30156,13
30157,12
30158,6
30159,0
30160,2
30161,5
30162,9
30163,0
30164,7
30165,10
30166,1
30167,1
30168,2
30169,4
30170,5
30171,2
30172,27
30173,26
30174,0
30175,15
30176,0
30177,0
30178,8
30179,17
30180,2
30181,4
30182,0
30183,0
30184,0
30185,6
30186,25
30187,0
30188,7
30189,5
30190,0
30191,12
30192,31
30193,17
30194,6
30195,13
30196,11
30197,10
30198,16
30199,7
30200,49
30201,30
30202,10
30203,19
30204,27
30205,1
30206,0
30207,19
30208,1
30209,0
30210,9
30211,32
30212,12
30213,34
30214,0
30215,12
30216,5
30217,24
30218,36
30219,3
30220,21
30221,31
30222,0
30223,11
30224,1
30225,18
30226,19
30227,21
30228,23
30229,3
30230,1
30231,9
30232,18
30233,7
30234,26
30235,6
30236,11
30237,33
30238,19
30239,0
30240,9
30241,4
30242,0
30243,14
30244,12
30245,21
30246,12
30247,14
30248,38
30249,3
30250,8
30251,1
30252,13
30253,0
30254,0
30255,28
30256,7
30257,6
30258,2
30259,27
30260,8
30261,18
30262,5
30263,1
30264,11
30265,0
30266,3
30267,12
30268,6
30269,0
30270,0
30271,14
30272,3
30273,10
30274,3
30275,3
30276,1
30277,13
30278,3
30279,0
30280,7
30281,8
30282,6
30283,7
30284,13
30285,1
30286,0
30287,3
30288,26
30289,5
30290,0
30291,10
30292,11
30293,14
30294,4
30295,12
30296,1
30297,32
30298,17
30299,12
30300,1
30301,22
30302,20
30303,1
30304,50
30305,10
30306,20
30307,13
30308,31
30309,2
30310,2
30311,33
30312,35
30313,32
30314,4
30315,37
30316,9
30317,11
30318,27
30319,39
30320,5
30321,13
30322,28
30323,20
30324,1
30325,0
30326,22
30327,24
30328,0
30329,8
30330,10
30331,4
30332,19
30333,2
30334,10
30335,22
30336,27
30337,0
30338,34
30339,15
30340,2
30341,20
30342,12
30343,13
30344,15
30345,7
30346,13
30347,12
30348,25
30349,7
30350,1
30351,6
30352,15
30353,8
30354,12
30355,11
30356,28
30357,19
30358,3
30359,0
30360,0
30361,4
30362,13
30363,2
30364,4
30365,0
30366,8
30367,6
30368,15
30369,5
30370,17
30371,2
30372,1
30373,3
30374,4
30375,0
30376,6
30377,13
30378,9
30379,1
30380,4
30381,33
30382,6
30383,12
30384,7
30385,19
30386,0
30387,14
30388,8
30389,9
30390,14
30391,11
30392,4
30393,4
30394,5
30395,29
30396,3
30397,18
30398,8
30399,4
30400,14
30401,23
30402,23
30403,21
30404,14
30405,29
30406,3
30407,5
30408,6
30409,10
30410,33
30411,5
30412,36
30413,9
30414,2
30415,0
30416,34
30417,28
30418,40
30419,38
30420,2
30421,32
30422,13
30423,21
30424,16
30425,21
30426,11
30427,23
30428,9
30429,25
30430,1
30431,20
30432,5
30433,0
30434,35
30435,14
30436,3
30437,1
30438,3
30439,13
30440,8
30441,28
30442,11
30443,2
30444,14
30445,21
30446,16
30447,2
30448,26
30449,11
30450,6
30451,5
30452,5
30453,4
30454,0
30455,0
30456,16
30457,13
30458,12
30459,8
30460,0
30461,7
30462,0
30463,0
30464,0
30465,0
30466,14
30467,4
30468,20
30469,6
30470,0
30471,18
30472,13
30473,5
30474,9
30475,0
30476,14
30477,34
30478,0
30479,3
30480,19
30481,2
30482,8
30483,10
30484,15
30485,5
30486,30
30487,12
30488,5
30489,0
30490,5
30491,2
30492,4
30493,15
30494,7
30495,9
30496,7
30497,0
30498,12
30499,10
30500,24
30501,22
30502,12
30503,0
30504,24
30505,15
30506,4
30507,14
30508,10
30509,11
30510,34
30511,15
30512,29
30513,30
30514,33
30515,35
30516,41
30517,39
30518,7
30519,6
30520,31
30521,37
30522,17
30523,1
30524,17
30525,1
30526,22
30527,12
30528,10
30529,24
30530,26
30531,2
30532,21
30533,6
30534,3
30535,1
30536,9
30537,36
30538,14
30539,2
30540,4
30541,12
30542,15
30543,29
30544,15
30545,4
30546,22
30547,22
30548,7
30549,260
30550,14
30551,13
30552,9
30553,0
30554,5
30555,6
30556,0
30557,14
30558,8
30559,10
30560,17
30561,5
30562,6
30563,0
30564,1
30565,8
30566,6
30567,0
30568,35
30569,15
30570,0
30571,5
30572,7
30573,0
30574,0
30575,3
30576,3
30577,6
30578,6
30579,0
30580,6
30581,6
30582,9
30583,1
30584,3
30585,13
30586,13
30587,8
30588,20
30589,3
30590,11
30591,15
30592,5
30593,11
30594,16
30595,19
30596,4
30597,10
30598,3
30599,16
30600,16
30601,5
30602,0
30603,18
30604,15
30605,25
30606,16
30607,30
30608,13
30609,38
30610,36
30611,12
30612,31
30613,7
30614,0
30615,42
30616,23
30617,8
30618,35
30619,25
30620,18
30621,0
30622,23
30623,7
30624,2
30625,34
30626,23
30627,13
30628,11
30629,25
30630,4
30631,27
30632,3
30633,10
30634,7
30635,30
30636,22
30637,37
30638,15
30639,5
30640,13
30641,16
30642,3
30643,16
30644,11
30645,5
30646,2
30647,23
30648,0
30649,7
30650,32
30651,0
30652,4
30653,4
30654,5
30655,1
30656,15
30657,4
30658,0
30659,17
30660,1
30661,7
30662,1
30663,2
30664,9
30665,14
30666,6
30667,18
30668,0
30669,7
30670,0
30671,0
30672,0
30673,7
30674,6
30675,11
30676,12
30677,12
30678,15
30679,7
30680,1
30681,14
30682,14
30683,4
30684,8
30685,10
30686,0
30687,1
30688,21
30689,9
30690,2
30691,6
30692,0
30693,6
30694,16
30695,11
30696,1
30697,2
30698,17
30699,4
30700,13
30701,22
30702,19
30703,26
30704,17
30705,14
30706,24
30707,19
30708,6
30709,43
30710,16
30711,9
30712,31
30713,1
30714,39
30715,32
30716,0
30717,36
30718,8
30719,17
30720,31
30721,8
30722,3
30723,1
30724,17
30725,14
30726,12
30727,5
30728,24
30729,26
30730,11
30731,24
30732,4
30733,8
30734,28
30735,6
30736,23
30737,12
30738,6
30739,0
30740,8
30741,14
30742,4
30743,37
30744,38
30745,17
30746,3
30747,16
30748,24
30749,2
30750,8
30751,2
30752,0
30753,2
30754,13
30755,1
30756,16
30757,5
30758,1
30759,6
30760,0
30761,7
30762,8
30763,10
30764,0
30765,17
30766,0
30767,0
30768,5
30769,0
30770,13
30771,18
30772,16
30773,0
30774,12
30775,5
30776,7
30777,33
30778,15
30779,0
30780,1
30781,18
30782,5
30783,3
30784,2
30785,15
30786,11
30787,1
30788,2
30789,3
30790,3
30791,1
30792,10
30793,7
30794,7
30795,5
30796,9
30797,8
30798,0
30799,17
30800,18
30801,14
30802,10
30803,9
30804,27
30805,15
30806,308
30807,44
30808,20
30809,7
30810,9
30811,1
30812,23
30813,32
30814,33
30815,40
30816,38
30817,37
30818,9
30819,17
30820,25
30821,17
30822,18
30823,9
30824,32
30825,15
30826,13
30827,6
30828,27
30829,25
30830,12
30831,25
30832,9
30833,5
30834,29
30835,20
30836,24
30837,3
30838,15
30839,4
30840,18
30841,5
30842,39
30843,17
30844,4
30845,7
30846,7
30847,13
30848,2
30849,2
30850,4
30851,2
30852,25
30853,0
30854,2
30855,17
30856,9
30857,6
30858,14
30859,1
30860,1
30861,2
30862,11
30863,7
30864,0
30865,9
30866,10
30867,18
30868,1
30869,0
30870,0
30871,0
30872,0
30873,1
30874,13
30875,19
30876,10
30877,3
30878,1
30879,34
30880,16
30881,16
30882,6
30883,18
30884,12
30885,3
30886,8
30887,2
30888,18
30889,8
30890,8
30891,11
30892,2
30893,1
30894,4
30895,6
30896,3
30897,3
30898,8
30899,4
30900,26
30901,19
30902,152
30903,8
30904,33
30905,16
30906,10
30907,18
30908,19
30909,21
30910,20
30911,257
30912,8
30913,24
30914,15
30915,100
30916,28
30917,45
30918,21
30919,33
30920,10
30921,11
30922,100
30923,309
30924,5
30925,10
30926,3
30927,14
30928,7
30929,26
30930,13
30931,6
30932,10
30933,26
30934,28
30935,18
30936,30
30937,14
30938,10
30939,16
30940,5
30941,19
30942,6
30943,40
30944,100
30945,8
30946,257
30947,25
30948,16
30949,18
30950,5
30951,12
30952,4
30953,2
30954,9
30955,26
30956,3
30957,7
30958,12
30959,9
30960,14
30961,0
30962,3
30963,2
30964,18
30965,1
30966,3
30967,1
30968,11
30969,10
30970,10
30971,34
30972,19
30973,3
30974,1
30975,4
30976,9
30977,17
30978,2
30979,2
30980,35
30981,4
30982,0
30983,0
30984,19
30985,7
30986,0
30987,7
30988,2
30989,4
30990,4
30991,17
30992,13
30993,0
30994,3
30995,0
30996,2
30997,9
30998,5
30999,5
31000,16
31001,0
31002,19
31003,101
31004,258
31005,11
31006,21
31007,0
31008,11
31009,4
31010,34
31011,0
31012,12
31013,0
31014,6
31015,1
31016,1
31017,20
31018,0
31019,27
31020,20
31021,9
31022,41
31023,258
31024,7
31025,17
31026,8
31027,15
31028,27
31029,0
31030,310
31031,7
31032,11
31033,14
31034,27
31035,15
31036,29
31037,31
31038,101
31039,6
31040,20
31041,11
31042,0
31043,101
31044,17
31045,9
31046,153
31047,26
31048,17
31049,19
31050,18
31051,0
31052,0
31053,5
31054,8
31055,0
31056,10
31057,10
31058,6
31059,8
31060,5
31061,6
31062,14
31063,2
31064,4
31065,10
31066,3
31067,4
31068,0
31069,3
31070,1
31071,1
31072,0
31073,0
31074,9
31075,3
31076,1
31077,0
31078,0
31079,18
31080,0
31081,34
31082,11
31083,0
31084,0
31085,0
31086,0
31087,0
31088,19
31089,0
31090,0
31091,6
31092,20
31093,0
31094,36
31095,0
31096,0
31097,5
31098,3
31099,0
31100,13
31101,4
31102,1
31103,1
31104,42
31105,7
31106,12
31107,12
31108,102
31109,18
31110,20
31111,10
31112,0
31113,0
31114,102
31115,10
31116,21
31117,28
31118,17
31119,0
31120,8
31121,0
31122,10
31123,15
31124,18
31125,5
31126,9
31127,18
31128,16
31129,28
31130,311
31131,7
31132,12
31133,8
31134,28
31135,259
31136,12
31137,102
31138,16
31139,154
31140,21
31141,1
31142,259
31143,30
31144,32
31145,102
31146,27
31147,22
31148,21
31149,35
31150,12
31151,1
31152,1
31153,4
31154,1
31155,2
31156,0
31157,11
31158,1
31159,4
31160,15
31161,2
31162,7
31163,2
31164,19
31165,5
31166,1
31167,0
31168,0
31169,31
31170,1
31171,6
31172,0
31173,9
31174,3
31175,18
31176,2
31177,4
31178,19
31179,1
31180,37
31181,6
31182,21
31183,3
31184,2
31185,1
31186,0
31187,6
31188,1
31189,0
31190,11
31191,4
31192,0
31193,7
31194,20
31195,11
31196,5
31197,7
31198,6
31199,0
31200,0
31201,103
31202,1
31203,2
31204,103
31205,8
31206,19
31207,2
31208,13
31209,1
31210,0
31211,43
31212,19
31213,13
31214,36
31215,0
31216,21
31217,11
31218,0
31219,2
31220,9
31221,14
31222,11
31223,155
31224,31
31225,0
31226,6
31227,10
31228,19
31229,8
31230,17
31231,29
31232,312
31233,9
31234,13
31235,0
31236,103
31237,103
31238,13
31239,29
31240,16
31241,260
31242,22
31243,17
31244,28
31245,33
31246,2
31247,260
31248,11
31249,0
31250,18
31251,5
31252,1
31253,6
31254,32
31255,8
31256,38
31257,1
31258,16
31259,10
31260,0
31261,8
31262,29
31263,0
31264,19
31265,14
31266,2
31267,5
31268,1
31269,2
31270,2
31271,2
31272,0
31273,0
31274,3
31275,3
31276,0
31277,3
31278,23
31279,20
31280,13
31281,2
31282,4
31283,0
31284,22
31285,5
31286,7
31287,7
31288,5
31289,12
31290,8
31291,12
31292,5
31293,0
31294,6
31295,2
31296,4
31297,5
31298,12
31299,7
31300,44
31301,1
31302,1
31303,14
31304,2
31305,10
31306,12
31307,104
31308,1
31309,3
31310,1
31311,20
31312,37
31313,0
31314,15
31315,1
31316,263
31317,0
31318,22
31319,0
31320,32
31321,0
31322,2
31323,30
31324,29
31325,0
31326,11
31327,313
31328,20
31329,9
31330,30
31331,18
31332,156
31333,261
31334,104
31335,104
31336,261
31337,104
31338,10
31339,3
31340,17
31341,14
31342,9
31343,3
31344,23
31345,18
31346,34
31347,14
31348,20
31349,7
31350,12
31351,6
31352,9
31353,33
31354,9
31355,1
31356,13
31357,4
31358,0
31359,5
31360,0
31361,3
31362,6
31363,30
31364,7
31365,0
31366,0
31367,0
31368,6
31369,9
31370,1
31371,39
31372,2
31373,13
31374,8
31375,14
31376,7
31377,6
31378,1
31379,19
31380,1
31381,12
31382,0
31383,0
31384,5
31385,14
31386,24
31387,8
31388,23
31389,0
31390,2
31391,0
31392,3
31393,6
31394,13
31395,0
31396,1
31397,8
31398,0
31399,21
31400,24
31401,6
31402,0
31403,45
31404,15
31405,13
31406,21
31407,13
31408,20
31409,1
31410,7
31411,1
31412,22
31413,9
31414,2
31415,7
31416,9
31417,14
31418,10
31419,25
31420,38
31421,15
31422,23
31423,1
31424,21
31425,34
31426,12
31427,8
31428,10
31429,21
31430,31
31431,19
31432,31
31433,15
31434,11
31435,16
31436,35
31437,15
31438,30
31439,18
31440,19
31441,10
31442,33
31443,13
31444,11
31445,4
31446,15
31447,24
31448,4
31449,9
31450,8
31451,1
31452,19
31453,0
31454,12
31455,0
31456,0
31457,5
31458,4
31459,0
31460,0
31461,21
31462,14
31463,1
31464,0
31465,0
31466,0
31467,17
31468,0
31469,3
31470,1
31471,0
31472,6
31473,4
31474,0
31475,0
31476,10
31477,0
31478,6
31479,7
31480,3
31481,9
31482,7
31483,3
31484,5
31485,14
31486,1
31487,16
31488,4
31489,8
31490,1
31491,2
31492,31
31493,18
31494,10
31495,7
31496,7
31497,40
31498,4
31499,2
31500,0
31501,25
31502,2
31503,46
31504,7
31505,39
31506,24
31507,14
31508,21
31509,3
31510,15
31511,16
31512,2
31513,35
31514,10
31515,5
31516,8
31517,8
31518,0
31519,11
31520,22
31521,1
31522,22
31523,19
31524,16
31525,4
31526,13
31527,9
31528,22
31529,32
31530,20
31531,32
31532,16
31533,25
31534,12
31535,17
31536,2
31537,36
31538,20
31539,31
31540,11
31541,5
31542,14
31543,12
31544,16
31545,34
31546,14
31547,16
31548,11
31549,7
31550,9
31551,20
31552,1
31553,0
31554,1
31555,9
31556,41
31557,1
31558,5
31559,0
31560,1
31561,19
31562,13
31563,1
31564,1
31565,1
31566,5
31567,2
31568,6
31569,7
31570,1
31571,10
31572,18
31573,2
31574,8
31575,15
31576,1
31577,1
31578,4
31579,8
31580,10
31581,5
31582,10
31583,6
31584,8
31585,15
31586,17
31587,3
31588,2
31589,32
31590,5
31591,8
31592,1
31593,11
31594,1
31595,2
31596,22
31597,11
31598,3
31599,9
31600,26
31601,3
31602,0
31603,47
31604,25
31605,40
31606,23
31607,4
31608,8
31609,2
31610,17
31611,3
31612,5
31613,4
31614,36
31615,9
31616,11
31617,16
31618,8
31619,12
31620,0
31621,22
31622,23
31623,20
31624,15
31625,15
31626,12
31627,23
31628,33
31629,10
31630,21
31631,33
31632,17
31633,3
31634,13
31635,18
31636,26
31637,12
31638,37
31639,32
31640,6
31641,21
31642,15
31643,13
31644,17
31645,17
31646,35
31647,17
31648,14
31649,6
31650,5
31651,0
31652,0
31653,2
31654,2
31655,12
31656,6
31657,9
31658,2
31659,2
31660,10
31661,2
31662,1
31663,21
31664,14
31665,3
31666,6
31667,2
31668,2
31669,8
31670,2
31671,0
31672,16
31673,1
31674,2
31675,2
31676,0
31677,2
31678,8
31679,6
31680,1
31681,12
31682,9
31683,1
31684,10
31685,7
31686,11
31687,16
31688,9
31689,3
31690,10
31691,6
31692,18
31693,0
31694,23
31695,9
31696,11
31697,2
31698,12
31699,33
31700,5
31701,4
31702,1
31703,9
31704,19
31705,24
31706,3
31707,9
31708,48
31709,41
31710,37
31711,27
31712,17
31713,1
31714,2
31715,6
31716,5
31717,4
31718,0
31719,24
31720,13
31721,0
31722,0
31723,7
31724,16
31725,10
31726,15
31727,13
31728,11
31729,24
31730,34
31731,22
31732,4
31733,34
31734,18
31735,36
31736,27
31737,13
31738,18
31739,21
31740,33
31741,16
31742,14
31743,38
31744,18
31745,22
31746,18
31747,14
31748,0
31749,26
31750,12
31751,0
31752,4
31753,0
31754,34
31755,0
31756,3
31757,3
31758,3
31759,13
31760,1
31761,3
31762,7
31763,0
31764,3
31765,3
31766,12
31767,0
31768,0
31769,3
31770,0
31771,5
31772,0
31773,19
31774,3
31775,9
31776,13
31777,0
31778,6
31779,7
31780,2
31781,17
31782,1
31783,10
31784,18
31785,11
31786,7
31787,10
31788,16
31789,0
31790,1
31791,8
31792,24
31793,0
31794,17
31795,3
31796,0
31797,11
31798,10
31799,12
31800,20
31801,25
31802,6
31803,37
31804,10
31805,54
31806,2
31807,25
31808,2
31809,4
31810,18
31811,38
31812,28
31813,7
31814,42
31815,2
31816,6
31817,13
31818,5
31819,10
31820,5
31821,49
31822,23
31823,14
31824,19
31825,10
31826,1
31827,16
31828,14
31829,1
31830,25
31831,12
31832,35
31833,23
31834,5
31835,17
31836,35
31837,19
31838,15
31839,8
31840,17
31841,19
31842,22
31843,39
31844,19
31845,34
31846,15
31847,28
31848,7
31849,11
31850,8
31851,1
31852,4
31853,4
31854,35
31855,4
31856,2
31857,5
31858,4
31859,0
31860,4
31861,1
31862,0
31863,0
31864,4
31865,2
31866,4
31867,13
31868,4
31869,4
31870,11
31871,0
31872,23
31873,0
31874,14
31875,2
31876,0
31877,25
31878,18
31879,14
31880,3
31881,19
31882,8
31883,1
31884,11
31885,11
31886,14
31887,1
31888,17
31889,8
31890,0
31891,18
31892,1
31893,12
31894,4
31895,4
31896,11
31897,3
31898,13
31899,9
31900,38
31901,11
31902,8
31903,23
31904,7
31905,18
31906,119
31907,24
31908,55
31909,39
31910,26
31911,26
31912,43
31913,5
31914,50
31915,8
31916,14
31917,21
31918,7
31919,6
31920,3
31921,29
31922,20
31923,20
31924,35
31925,19
31926,2
31927,24
31928,17
31929,15
31930,26
31931,36
31932,13
31933,2
31934,6
31935,18
31936,36
31937,6
31938,1
31939,9
31940,15
31941,16
31942,20
31943,16
31944,3
31945,40
31946,20
31947,29
31948,3
31949,11
31950,11
31951,5
31952,14
31953,2
31954,5
31955,1
31956,14
31957,5
31958,6
31959,2
31960,5
31961,26
31962,5
31963,3
31964,2
31965,19
31966,5
31967,3
31968,0
31969,11
31970,4
31971,1
31972,17
31973,5
31974,3
31975,2
31976,5
31977,15
31978,19
31979,9
31980,4
31981,12
31982,0
31983,9
31984,1
31985,15
31986,15
31987,12
31988,5
31989,2
31990,18
31991,36
31992,2
31993,9
31994,13
31995,12
31996,10
31997,12
31998,5
31999,5
32000,36
32001,21
32002,2
32003,0
32004,4
32005,41
32006,17
32007,21
32008,56
32009,40
32010,9
32011,0
32012,19
32013,30
32014,24
32015,12
32016,39
32017,0
32018,44
32019,15
32020,0
32021,8
32022,0
32023,10
32024,21
32025,0
32026,3
32027,0
32028,14
32029,18
32030,16
32031,25
32032,27
32033,37
32034,7
32035,17
32036,30
32037,37
32038,0
32039,7
32040,21
32041,0
32042,19
32043,16
32044,4
32045,8
32046,0
32047,3
32048,6
32049,8
32050,7
32051,16
32052,6
32053,3
32054,2
32055,6
32056,13
32057,6
32058,6
32059,6
32060,6
32061,11
32062,15
32063,27
32064,1
32065,6
32066,3
32067,4
32068,2
32069,15
32070,4
32071,0
32072,7
32073,4
32074,16
32075,3
32076,14
32077,37
32078,9
32079,20
32080,12
32081,12
32082,0
32083,20
32084,3
32085,10
32086,3
32087,6
32088,4
32089,6
32090,13
32091,13
32092,19
32093,10
32094,18
32095,13
32096,6
32097,10
32098,2
32099,5
32100,31
32101,45
32102,3
32103,0
32104,16
32105,9
32106,42
32107,22
32108,57
32109,22
32110,21
32111,7
32112,10
32113,25
32114,40
32115,9
32116,8
32117,20
32118,10
32119,1
32120,37
32121,13
32122,5
32123,5
32124,41
32125,1
32126,4
32127,19
32128,17
32129,15
32130,0
32131,26
32132,28
32133,1
32134,38
32135,18
32136,8
32137,31
32138,4
32139,11
32140,17
32141,8
32142,22
32143,38
32144,22
32145,20
32146,18
32147,4
32148,0
32149,1
32150,13
32151,15
32152,38
32153,0
32154,2
32155,7
32156,7
32157,0
32158,1
32159,0
32160,0
32161,7
32162,17
32163,3
32164,0
32165,3
32166,4
32167,5
32168,1
32169,7
32170,14
32171,16
32172,8
32173,28
32174,11
32175,0
32176,1
32177,3
32178,13
32179,1
32180,7
32181,1
32182,4
32183,1
32184,7
32185,4
32186,5
32187,1
32188,9
32189,21
32190,6
32191,14
32192,19
32193,7
32194,11
32195,14
32196,7
32197,14
32198,5
32199,11
32200,8
32201,14
32202,58
32203,43
32204,32
32205,17
32206,1
32207,11
32208,38
32209,23
32210,20
32211,21
32212,46
32213,41
32214,4
32215,10
32216,26
32217,9
32218,14
32219,8
32220,19
32221,23
32222,19
32223,2
32224,42
32225,22
32226,21
32227,5
32228,20
32229,18
32230,5
32231,27
32232,16
32233,9
32234,6
32235,10
32236,29
32237,32
32238,1
32239,5
32240,12
32241,39
32242,9
32243,23
32244,18
32245,23
32246,6
32247,39
32248,0
32249,1
32250,11
32251,3
32252,15
32253,8
32254,4
32255,3
32256,12
32257,12
32258,10
32259,0
32260,0
32261,22
32262,1
32263,2
32264,0
32265,5
32266,2
32267,0
32268,0
32269,4
32270,0
32271,1
32272,8
32273,8
32274,16
32275,0
32276,0
32277,0
32278,5
32279,20
32280,0
32281,2
32282,5
32283,15
32284,4
32285,2
32286,8
32287,20
32288,14
32289,0
32290,0
32291,2
32292,1
32293,6
32294,2
32295,8
32296,0
32297,8
32298,0
32299,7
32300,2
32301,59
32302,33
32303,20
32304,39
32305,44
32306,20
32307,12
32308,15
32309,42
32310,27
32311,9
32312,0
32313,11
32314,47
32315,5
32316,22
32317,24
32318,24
32319,15
32320,18
32321,1
32322,43
32323,7
32324,19
32325,10
32326,0
32327,6
32328,2
32329,19
32330,21
32331,22
32332,10
32333,28
32334,6
32335,11
32336,30
32337,40
32338,33
32339,3
32340,13
32341,6
32342,10
32343,40
32344,7
32345,24
32346,24
32347,17
32348,3
32349,6
32350,6
32351,1
32352,7
32353,13
32354,4
32355,16
32356,0
32357,6
32358,0
32359,5
32360,1
32361,0
32362,1
32363,5
32364,40
32365,3
32366,0
32367,0
32368,19
32369,9
32370,2
32371,9
32372,6
32373,2
32374,9
32375,0
32376,0
32377,0
32378,0
32379,12
32380,9
32381,16
32382,0
32383,5
32384,21
32385,3
32386,15
32387,9
32388,8
32389,21
32390,2
32391,9
32392,2
32393,17
32394,5
32395,9
32396,2
32397,2
32398,16
32399,9
32400,60
32401,40
32402,34
32403,3
32404,45
32405,21
32406,21
32407,10
32408,16
32409,13
32410,0
32411,1
32412,23
32413,7
32414,0
32415,4
32416,12
32417,48
32418,6
32419,7
32420,44
32421,43
32422,19
32423,34
32424,20
32425,25
32426,7
32427,20
32428,22
32429,3
32430,11
32431,1
32432,29
32433,7
32434,23
32435,25
32436,31
32437,41
32438,14
32439,4
32440,18
32441,7
32442,8
32443,25
32444,41
32445,11
32446,12
32447,8
32448,11
32449,16
32450,1
32451,20
32452,10
32453,1
32454,18
32455,1
32456,5
32457,3
32458,0
32459,6
32460,14
32461,0
32462,0
32463,10
32464,0
32465,0
32466,41
32467,20
32468,8
32469,0
32470,1
32471,3
32472,2
32473,7
32474,10
32475,22
32476,3
32477,0
32478,2
32479,17
32480,6
32481,13
32482,6
32483,1
32484,1
32485,10
32486,7
32487,3
32488,10
32489,4
32490,0
32491,22
32492,2
32493,9
32494,16
32495,3
32496,17
32497,6
32498,14
32499,1
32500,8
32501,41
32502,2
32503,46
32504,22
32505,35
32506,17
32507,4
32508,22
32509,14
32510,18
32511,61
32512,13
32513,44
32514,5
32515,24
32516,8
32517,49
32518,12
32519,7
32520,21
32521,11
32522,45
32523,32
32524,20
32525,7
32526,8
32527,23
32528,21
32529,12
32530,4
32531,30
32532,24
32533,2
32534,8
32535,26
32536,15
32537,35
32538,42
32539,5
32540,8
32541,9
32542,26
32543,19
32544,13
32545,12
32546,42
32547,9
32548,7
32549,11
32550,17
32551,4
32552,1
32553,2
32554,11
32555,8
32556,19
32557,1
32558,7
32559,1
32560,2
32561,6
32562,1
32563,3
32564,1
32565,15
32566,4
32567,8
32568,8
32569,0
32570,9
32571,42
32572,1
32573,3
32574,11
32575,2
32576,17
32577,2
32578,3
32579,11
32580,5
32581,0
32582,4
32583,15
32584,18
32585,2
32586,4
32587,0
32588,23
32589,14
32590,7
32591,2
32592,10
32593,1
32594,1
32595,3
32596,21
32597,2
32598,4
32599,11
32600,23
32601,12
32602,42
32603,18
32604,36
32605,47
32606,22
32607,15
32608,9
32609,14
32610,45
32611,23
32612,62
32613,6
32614,8
32615,9
32616,3
32617,13
32618,50
32619,8
32620,27
32621,5
32622,46
32623,43
32624,43
32625,25
32626,9
32627,13
32628,22
32629,24
32630,5
32631,31
32632,9
32633,10
32634,3
32635,21
32636,25
32637,16
32638,6
32639,3
32640,27
32641,10
32642,33
32643,9
32644,14
32645,20
32646,13
32647,36
32648,8
32649,18
32650,12
32651,0
32652,12
32653,10
32654,8
32655,3
32656,2
32657,3
32658,3
32659,3
32660,4
32661,9
32662,5
32663,2
32664,11
32665,9
32666,9
32667,16
32668,0
32669,43
32670,0
32671,0
32672,2
32673,0
32674,18
32675,12
32676,12
32677,2
32678,6
32679,2
32680,5
32681,5
32682,19
32683,24
32684,4
32685,7
32686,2
32687,8
32688,4
32689,19
32690,12
32691,3
32692,22
32693,5
32694,15
32695,3
32696,16
32697,5
32698,0
32699,4
32700,48
32701,10
32702,37
32703,19
32704,28
32705,23
32706,22
32707,0
32708,4
32709,23
32710,4
32711,15
32712,7
32713,43
32714,36
32715,13
32716,0
32717,0
32718,24
32719,0
32720,47
32721,16
32722,9
32723,11
32724,44
32725,6
32726,4
32727,23
32728,10
32729,14
32730,25
32731,6
32732,0
32733,4
32734,32
32735,21
32736,10
32737,37
32738,17
32739,11
32740,28
32741,44
32742,7
32743,15
32744,34
32745,10
32746,14
32747,26
32748,24
32749,63
32750,13
32751,3
32752,0
32753,5
32754,23
32755,0
32756,19
32757,10
32758,44
32759,3
32760,0
32761,3
32762,9
32763,3
32764,4
32765,1
32766,0
32767,19
32768,20
32769,6
32770,5
32771,19
32772,17
32773,16
32774,5
32775,1
32776,4
32777,6
32778,14
32779,0
32780,10
32781,3
32782,7
32783,9
32784,0
32785,6
32786,6
32787,0
32788,9
32789,25
32790,0
32791,20
32792,13
32793,4
32794,5
32795,6
32796,0
32797,8
32798,9
32799,0
32800,16
32801,11
32802,29
32803,0
32804,10
32805,23
32806,11
32807,38
32808,22
32809,17
32810,25
32811,64
32812,24
32813,5
32814,0
32815,14
32816,44
32817,24
32818,14
32819,4
32820,1
32821,49
32822,35
32823,27
32824,45
32825,5
32826,5
32827,24
32828,15
32829,11
32830,26
32831,5
32832,7
32833,29
32834,11
32835,20
32836,33
32837,12
32838,38
32839,18
32840,16
32841,12
32842,8
32843,8
32844,45
32845,48
32846,15
32847,1
32848,1
32849,15
32850,5
32851,4
32852,10
32853,2
32854,6
32855,11
32856,10
32857,0
32858,4
32859,1
32860,0
32861,4
32862,7
32863,17
32864,6
32865,1
32866,0
32867,7
32868,0
32869,20
32870,1
32871,12
32872,0
32873,2
32874,1
32875,0
32876,21
32877,1
32878,7
32879,6
32880,8
32881,4
32882,11
32883,24
32884,7
32885,14
32886,7
32887,5
32888,0
32889,10
32890,26
32891,9
32892,6
32893,4
32894,37
32895,1
32896,7
32897,1
32898,10
32899,1
32900,23
32901,12
32902,30
32903,2
32904,24
32905,12
32906,0
32907,17
32908,11
32909,6
32910,45
32911,25
32912,50
32913,39
32914,5
32915,15
32916,15
32917,8
32918,26
32919,2
32920,36
32921,18
32922,21
32923,17
32924,46
32925,16
32926,6
32927,16
32928,25
32929,12
32930,27
32931,6
32932,13
32933,0
32934,2
32935,49
32936,8
32937,34
32938,13
32939,19
32940,28
32941,30
32942,9
32943,39
32944,9
32945,46
32946,16
32947,12
32948,65
32949,12
32950,2
32951,11
32952,12
32953,22
32954,0
32955,2
32956,5
32957,1
32958,11
32959,25
32960,8
32961,7
32962,2
32963,2
32964,21
32965,2
32966,8
32967,11
32968,0
32969,0
32970,18
32971,8
32972,13
32973,7
32974,0
32975,25
32976,3
32977,1
32978,9
32979,6
32980,7
32981,6
32982,11
32983,15
32984,12
32985,8
32986,8
32987,5
32988,27
32989,6
32990,38
32991,0
32992,1
32993,3
32994,0
32995,5
32996,11
32997,7
32998,7
32999,10
33000,12
33001,31
33002,1
33003,25
33004,7
33005,22
33006,19
33007,13
33008,18
33009,12
33010,16
33011,26
33012,8
33013,1
33014,24
33015,51
33016,3
33017,9
33018,40
33019,3
33020,50
33021,6
33022,37
33023,9
33024,13
33025,7
33026,7
33027,17
33028,26
33029,13
33030,7
33031,28
33032,14
33033,10
33034,3
33035,17
33036,13
33037,35
33038,10
33039,29
33040,20
33041,0
33042,40
33043,31
33044,47
33045,14
33046,47
33047,18
33048,16
33049,46
33050,3
33051,9
33052,12
33053,1
33054,12
33055,1
33056,13
33057,22
33058,23
33059,2
33060,1
33061,12
33062,8
33063,0
33064,26
33065,20
33066,0
33067,19
33068,3
33069,0
33070,14
33071,3
33072,9
33073,13
33074,2
33075,0
33076,13
33077,0
33078,8
33079,7
33080,17
33081,10
33082,16
33083,28
33084,11
33085,4
33086,12
33087,8
33088,9
33089,6
33090,39
33091,9
33092,7
33093,6
33094,1
33095,2
33096,4
33097,6
33098,8
33099,13
33100,4
33101,8
33102,19
33103,4
33104,8
33105,20
33106,51
33107,13
33108,7
33109,23
33110,9
33111,10
33112,27
33113,2
33114,1
33115,2
33116,41
33117,14
33118,13
33119,9
33120,26
33121,32
33122,15
33123,11
33124,14
33125,25
33126,8
33127,1
33128,18
33129,8
33130,27
33131,14
33132,29
33133,15
33134,4
33135,38
33136,11
33137,14
33138,36
33139,30
33140,21
33141,41
33142,48
33143,10
33144,32
33145,48
33146,18
33147,19
33148,9
33149,3
33150,5
33151,7
33152,8
33153,40
33154,13
33155,10
33156,13
33157,14
33158,0
33159,1
33160,23
33161,2
33162,14
33163,1
33164,0
33165,9
33166,0
33167,6
33168,0
33169,21
33170,0
33171,2
33172,47
33173,0
33174,14
33175,13
33176,9
33177,14
33178,8
33179,17
33180,17
33181,29
33182,10
33183,18
33184,13
33185,2
33186,7
33187,12
33188,11
33189,17
33190,4
33191,3
33192,5
33193,3
33194,0
33195,7
33196,0
33197,2
33198,1
33199,10
33200,20
33201,9
33202,9
33203,19
33204,14
33205,52
33206,21
33207,5
33208,8
33209,16
33210,10
33211,11
33212,6
33213,28
33214,33
33215,24
33216,10
33217,42
33218,14
33219,3
33220,39
33221,27
33222,49
33223,26
33224,11
33225,9
33226,0
33227,2
33228,9
33229,0
33230,19
33231,28
33232,30
33233,5
33234,15
33235,15
33236,16
33237,20
33238,15
33239,12
33240,37
33241,22
33242,42
33243,31
33244,49
33245,33
33246,5
33247,12
33248,15
33249,10
33250,3
33251,15
33252,11
33253,14
33254,14
33255,2
33256,3
33257,1
33258,22
33259,41
33260,15
33261,8
33262,1
33263,1
33264,0
33265,14
33266,24
33267,9
33268,8
33269,0
33270,15
33271,0
33272,0
33273,2
33274,18
33275,0
33276,11
33277,11
33278,12
33279,30
33280,9
33281,14
33282,8
33283,10
33284,3
33285,3
33286,2
33287,18
33288,10
33289,13
33290,4
33291,18
33292,2
33293,0
33294,6
33295,4
33296,0
33297,15
33298,5
33299,19
33300,7
33301,10
33302,50
33303,12
33304,15
33305,1
33306,22
33307,21
33308,40
33309,53
33310,17
33311,11
33312,29
33313,4
33314,1
33315,28
33316,12
33317,34
33318,15
33319,10
33320,16
33321,20
33322,10
33323,1
33324,34
33325,10
33326,0
33327,10
33328,6
33329,20
33330,29
33331,17
33332,3
33333,13
33334,31
33335,6
33336,16
33337,27
33338,16
33339,13
33340,6
33341,38
33342,23
33343,43
33344,50
33345,1
33346,32
33347,21
33348,4
33349,9
33350,16
33351,1
33352,19
33353,3
33354,16
33355,2
33356,23
33357,0
33358,16
33359,2
33360,15
33361,3
33362,15
33363,1
33364,42
33365,1
33366,4
33367,0
33368,10
33369,4
33370,10
33371,1
33372,0
33373,25
33374,12
33375,0
33376,12
33377,9
33378,11
33379,11
33380,31
33381,19
33382,12
33383,4
33384,13
33385,4
33386,15
33387,14
33388,9
33389,5
33390,5
33391,7
33392,6
33393,15
33394,3
33395,16
33396,3
33397,11
33398,0
33399,19
33400,11
33401,13
33402,41
33403,16
33404,35
33405,23
33406,17
33407,51
33408,8
33409,33
33410,54
33411,22
33412,30
33413,2
33414,10
33415,0
33416,0
33417,10
33418,21
33419,5
33420,11
33421,2
33422,44
33423,0
33424,24
33425,11
33426,11
33427,1
33428,7
33429,11
33430,14
33431,21
33432,30
33433,18
33434,4
33435,7
33436,22
33437,17
33438,7
33439,0
33440,2
33441,17
33442,39
33443,0
33444,14
33445,0
33446,51
33447,32
33448,18
33449,12
33450,0
33451,4
33452,8
33453,1
33454,3
33455,12
33456,4
33457,13
33458,0
33459,0
33460,4
33461,4
33462,0
33463,16
33464,0
33465,2
33466,2
33467,1
33468,17
33469,10
33470,24
33471,20
33472,3
33473,13
33474,1
33475,0
33476,0
33477,7
33478,2
33479,13
33480,16
33481,12
33482,0
33483,12
33484,15
33485,17
33486,13
33487,5
33488,32
33489,16
33490,0
33491,5
33492,14
33493,0
33494,6
33495,17
33496,0
33497,5
33498,6
33499,1
33500,14
33501,0
33502,36
33503,24
33504,12
33505,18
33506,1
33507,13
33508,42
33509,34
33510,0
33511,3
33512,6
33513,11
33514,31
33515,1
33516,12
33517,55
33518,37
33519,33
33520,9
33521,23
33522,3
33523,18
33524,45
33525,22
33526,8
33527,15
33528,2
33529,12
33530,31
33531,22
33532,19
33533,8
33534,23
33535,15
33536,5
33537,33
33538,3
33539,40
33540,12
33541,18
33542,52
33543,8
33544,1
33545,17
33546,25
33547,0
33548,12
33549,19
33550,16
33551,13
33552,11
33553,6
33554,8
33555,3
33556,5
33557,4
33558,18
33559,14
33560,15
33561,14
33562,9
33563,27
33564,2
33565,0
33566,2
33567,0
33568,0
33569,18
33570,3
33571,2
33572,17
33573,5
33574,1
33575,17
33576,25
33577,0
33578,14
33579,13
33580,11
33581,13
33582,14
33583,0
33584,1
33585,18
33586,6
33587,18
33588,3
33589,6
33590,7
33591,2
33592,5
33593,7
33594,2
33595,4
33596,3
33597,1
33598,17
33599,5
33600,43
33601,13
33602,26
33603,19
33604,16
33605,13
33606,2
33607,25
33608,37
33609,2
33610,15
33611,4
33612,7
33613,24
33614,14
33615,35
33616,32
33617,56
33618,1
33619,17
33620,46
33621,12
33622,19
33623,13
33624,53
33625,9
33626,16
33627,3
33628,13
33629,23
33630,32
33631,9
33632,20
33633,24
33634,6
33635,18
33636,34
33637,38
33638,4
33639,0
33640,0
33641,1
33642,41
33643,9
33644,13
33645,4
33646,10
33647,19
33648,34
33649,15
33650,2
33651,19
33652,1
33653,1
33654,15
33655,6
33656,12
33657,2
33658,4
33659,28
33660,1
33661,8
33662,5
33663,0
33664,0
33665,0
33666,0
33667,9
33668,3
33669,0
33670,1
33671,0
33672,4
33673,7
33674,26
33675,18
33676,3
33677,4
33678,18
33679,0
33680,14
33681,15
33682,6
33683,3
33684,8
33685,12
33686,19
33687,2
33688,14
33689,5
33690,15
33691,14
33692,0
33693,7
33694,19
33695,0
33696,7
33697,6
33698,18
33699,1
33700,36
33701,39
33702,27
33703,47
33704,3
33705,20
33706,1
33707,38
33708,8
33709,13
33710,3
33711,14
33712,26
33713,25
33714,33
33715,9
33716,57
33717,15
33718,1
33719,35
33720,14
33721,44
33722,20
33723,25
33724,19
33725,14
33726,10
33727,17
33728,14
33729,4
33730,24
33731,33
33732,10
33733,0
33734,21
33735,2
33736,11
33737,2
33738,7
33739,35
33740,20
33741,5
33742,42
33743,10
33744,14
33745,54
33746,5
33747,5
33748,5
33749,17
33750,7
33751,19
33752,8
33753,7
33754,13
33755,0
33756,1
33757,29
33758,9
33759,0
33760,20
33761,16
33762,1
33763,4
33764,0
33765,0
33766,2
33767,1
33768,16
33769,6
33770,0
33771,0
33772,16
33773,1
33774,4
33775,0
33776,13
33777,8
33778,16
33779,4
33780,18
33781,15
33782,19
33783,20
33784,3
33785,6
33786,0
33787,2
33788,15
33789,15
33790,1
33791,0
33792,27
33793,2
33794,0
33795,3
33796,5
33797,16
33798,7
33799,2
33800,28
33801,21
33802,15
33803,20
33804,21
33805,2
33806,6
33807,0
33808,48
33809,4
33810,18
33811,39
33812,37
33813,27
33814,26
33815,45
33816,40
33817,4
33818,34
33819,3
33820,3
33821,15
33822,14
33823,15
33824,55
33825,16
33826,0
33827,11
33828,18
33829,5
33830,15
33831,0
33832,25
33833,11
33834,1
33835,9
33836,34
33837,6
33838,6
33839,8
33840,36
33841,26
33842,12
33843,21
33844,43
33845,11
33846,15
33847,22
33848,6
33849,3
33850,1
33851,9
33852,14
33853,0
33854,1
33855,2
33856,2
33857,2
33858,9
33859,30
33860,14
33861,5
33862,45
33863,1
33864,0
33865,10
33866,5
33867,12
33868,7
33869,0
33870,17
33871,11
33872,10
33873,2
33874,17
33875,0
33876,4
33877,0
33878,4
33879,5
33880,16
33881,17
33882,17
33883,16
33884,7
33885,2
33886,21
33887,3
33888,2
33889,16
33890,3
33891,6
33892,8
33893,1
33894,3
33895,19
33896,8
33897,8
33898,17
33899,28
33900,49
33901,16
33902,7
33903,2
33904,9
33905,4
33906,22
33907,16
33908,56
33909,21
33910,38
33911,4
33912,29
33913,40
33914,3
33915,41
33916,46
33917,5
33918,28
33919,3
33920,9
33921,22
33922,15
33923,7
33924,10
33925,19
33926,0
33927,12
33928,19
33929,6
33930,16
33931,12
33932,1
33933,2
33934,26
33935,44
33936,7
33937,1
33938,23
33939,0
33940,37
33941,12
33942,13
33943,0
33944,27
33945,0
33946,22
33947,35
33948,16
33949,5
33950,7
33951,9
33952,5
33953,3
33954,46
33955,2
33956,18
33957,3
33958,31
33959,15
33960,9
33961,4
33962,10
33963,15
33964,2
33965,1
33966,11
33967,13
33968,5
33969,8
33970,0
33971,1
33972,0
33973,10
33974,3
33975,3
33976,6
33977,18
33978,6
33979,16
33980,11
33981,17
33982,0
33983,17
33984,5
33985,8
33986,17
33987,22
33988,18
33989,18
33990,4
33991,7
33992,17
33993,2
33994,29
33995,1
33996,4
33997,0
33998,3
33999,4
34000,42
34001,57
34002,16
34003,17
34004,17
34005,23
34006,4
34007,4
34008,5
34009,50
34010,41
34011,1
34012,10
34013,30
34014,22
34015,4
34016,23
34017,47
34018,10
34019,7
34020,0
34021,5
34022,45
34023,2
34024,23
34025,29
34026,17
34027,13
34028,20
34029,7
34030,1
34031,8
34032,17
34033,36
34034,3
34035,8
34036,13
34037,27
34038,8
34039,24
34040,3
34041,13
34042,11
34043,38
34044,14
34045,28
34046,1
34047,2
34048,39
34049,9
34050,17
34051,0
34052,4
34053,10
34054,0
34055,30
34056,4
34057,0
34058,4
34059,1
34060,16
34061,7
34062,19
34063,18
34064,11
34065,1
34066,3
34067,47
34068,2
34069,11
34070,6
34071,5
34072,14
34073,4
34074,1
34075,32
34076,4
34077,19
34078,6
34079,8
34080,6
34081,5
34082,18
34083,12
34084,8
34085,19
34086,23
34087,18
34088,6
34089,18
34090,0
34091,5
34092,2
34093,0
34094,5
34095,3
34096,1
34097,8
34098,19
34099,0
34100,43
34101,58
34102,24
34103,2
34104,18
34105,6
34106,18
34107,17
34108,5
34109,8
34110,42
34111,11
34112,24
34113,1
34114,6
34115,31
34116,23
34117,0
34118,40
34119,30
34120,5
34121,51
34122,29
34123,28
34124,9
34125,10
34126,18
34127,14
34128,0
34129,21
34130,2
34131,8
34132,9
34133,18
34134,37
34135,24
34136,14
34137,4
34138,9
34139,25
34140,3
34141,14
34142,12
34143,4
34144,39
34145,15
34146,46
34147,3
34148,6
34149,48
34150,2
34151,5
34152,2
34153,5
34154,5
34155,8
34156,31
34157,3
34158,2
34159,17
34160,11
34161,20
34162,12
34163,19
34164,4
34165,5
34166,48
34167,1
34168,0
34169,15
34170,2
34171,0
34172,33
34173,12
34174,3
34175,4
34176,2
34177,0
34178,11
34179,9
34180,7
34181,7
34182,7
34183,9
34184,24
34185,0
34186,20
34187,19
34188,5
34189,3
34190,18
34191,6
34192,4
34193,1
34194,1
34195,6
34196,19
34197,19
34198,5
34199,13
34200,44
34201,19
34202,6
34203,47
34204,25
34205,3
34206,7
34207,59
34208,30
34209,12
34210,2
34211,19
34212,18
34213,25
34214,11
34215,32
34216,7
34217,43
34218,25
34219,24
34220,9
34221,0
34222,7
34223,10
34224,6
34225,41
34226,19
34227,15
34228,9
34229,3
34230,22
34231,10
34232,1
34233,19
34234,38
34235,10
34236,5
34237,4
34238,29
34239,4
34240,13
34241,26
34242,5
34243,2
34244,15
34245,40
34246,16
34247,15
34248,49
34249,20
34250,10
34251,6
34252,6
34253,9
34254,32
34255,3
34256,0
34257,5
34258,12
34259,18
34260,5
34261,4
34262,1
34263,0
34264,1
34265,0
34266,16
34267,13
34268,13
34269,0
34270,2
34271,0
34272,0
34273,0
34274,2
34275,49
34276,4
34277,14
34278,25
34279,0
34280,10
34281,12
34282,8
34283,0
34284,8
34285,3
34286,3
34287,7
34288,21
34289,6
34290,8
34291,1
34292,1
34293,5
34294,6
34295,20
34296,21
34297,19
34298,6
34299,7
34300,60
34301,26
34302,7
34303,48
34304,45
34305,0
34306,4
34307,20
34308,31
34309,13
34310,42
34311,12
34312,19
34313,20
34314,11
34315,0
34316,44
34317,26
34318,33
34319,50
34320,17
34321,3
34322,3
34323,5
34324,8
34325,25
34326,20
34327,16
34328,4
34329,23
34330,11
34331,10
34332,2
34333,20
34334,39
34335,11
34336,11
34337,16
34338,6
34339,5
34340,14
34341,27
34342,30
34343,7
34344,10
34345,16
34346,41
34347,6
34348,26
34349,4
34350,4
34351,6
34352,6
34353,33
34354,9
34355,0
34356,2
34357,15
34358,13
34359,2
34360,17
34361,3
34362,2
34363,0
34364,9
34365,14
34366,1
34367,0
34368,19
34369,3
34370,14
34371,1
34372,1
34373,1
34374,0
34375,21
34376,10
34377,7
34378,0
34379,22
34380,8
34381,6
34382,11
34383,9
34384,8
34385,4
34386,8
34387,1
34388,13
34389,8
34390,22
34391,7
34392,4
34393,7
34394,5
34395,0
34396,9
34397,7
34398,5
34399,7
34400,7
34401,32
34402,61
34403,18
34404,27
34405,8
34406,9
34407,21
34408,5
34409,14
34410,43
34411,4
34412,0
34413,1
34414,1
34415,5
34416,12
34417,1
34418,45
34419,9
34420,46
34421,13
34422,49
34423,6
34424,4
34425,34
34426,21
34427,17
34428,5
34429,12
34430,24
34431,7
34432,11
34433,3
34434,21
34435,17
34436,8
34437,12
34438,17
34439,7
34440,6
34441,15
34442,11
34443,28
34444,31
34445,12
34446,42
34447,40
34448,22
34449,51
34450,6
34451,2
34452,1
34453,3
34454,2
34455,0
34456,8
34457,34
34458,0
34459,8
34460,14
34461,9
34462,2
34463,18
34464,15
34465,5
34466,1
34467,0
34468,0
34469,20
34470,16
34471,2
34472,10
34473,0
34474,4
34475,10
34476,1
34477,6
34478,7
34479,23
34480,12
34481,5
34482,10
34483,9
34484,9
34485,8
34486,14
34487,8
34488,0
34489,0
34490,8
34491,8
34492,3
34493,2
34494,10
34495,0
34496,7
34497,11
34498,5
34499,23
34500,33
34501,13
34502,14
34503,10
34504,28
34505,18
34506,47
34507,5
34508,6
34509,22
34510,35
34511,9
34512,15
34513,10
34514,6
34515,46
34516,2
34517,8
34518,2
34519,7
34520,50
34521,2
34522,19
34523,7
34524,32
34525,24
34526,22
34527,18
34528,6
34529,13
34530,25
34531,8
34532,12
34533,0
34534,4
34535,43
34536,9
34537,22
34538,41
34539,18
34540,8
34541,12
34542,7
34543,16
34544,29
34545,13
34546,5
34547,13
34548,44
34549,15
34550,13
34551,4
34552,3
34553,1
34554,17
34555,0
34556,35
34557,1
34558,0
34559,3
34560,3
34561,11
34562,2
34563,9
34564,19
34565,0
34566,0
34567,0
34568,6
34569,0
34570,1
34571,0
34572,23
34573,0
34574,3
34575,16
34576,2
34577,7
34578,8
34579,9
34580,10
34581,9
34582,24
34583,0
34584,11
34585,0
34586,0
34587,6
34588,9
34589,9
34590,8
34591,1
34592,5
34593,12
34594,4
34595,1
34596,0
34597,15
34598,10
34599,0
34600,7
34601,29
34602,51
34603,14
34604,15
34605,6
34606,48
34607,3
34608,19
34609,3
34610,9
34611,7
34612,16
34613,11
34614,34
34615,3
34616,47
34617,7
34618,10
34619,36
34620,11
34621,23
34622,33
34623,19
34624,20
34625,7
34626,23
34627,14
34628,26
34629,9
34630,13
34631,10
34632,5
34633,14
34634,0
34635,44
34636,23
34637,13
34638,42
34639,19
34640,9
34641,8
34642,1
34643,6
34644,17
34645,30
34646,14
34647,8
34648,10
34649,1
34650,8
34651,3
34652,1
34653,0
34654,1
34655,18
34656,0
34657,1
34658,0
34659,0
34660,36
34661,2
34662,1
34663,17
34664,0
34665,0
34666,17
34667,7
34668,12
34669,20
34670,10
34671,6
34672,2
34673,0
34674,4
34675,24
34676,1
34677,12
34678,9
34679,9
34680,10
34681,11
34682,14
34683,25
34684,10
34685,10
34686,5
34687,16
34688,2
34689,4
34690,13
34691,2
34692,11
34693,4
34694,12
34695,6
34696,5
34697,8
34698,3
34699,0
34700,16
34701,0
34702,0
34703,21
34704,45
34705,34
34706,18
34707,7
34708,49
34709,4
34710,0
34711,8
34712,8
34713,12
34714,20
34715,11
34716,15
34717,24
34718,17
34719,10
34720,0
34721,30
34722,15
34723,9
34724,31
34725,10
34726,8
34727,20
34728,15
34729,24
34730,11
34731,27
34732,10
34733,14
34734,6
34735,4
34736,15
34737,24
34738,9
34739,43
34740,10
34741,20
34742,7
34743,0
34744,2
34745,12
34746,1
34747,14
34748,8
34749,4
34750,9
34751,0
34752,4
34753,2
34754,14
34755,0
34756,0
34757,0
34758,19
34759,13
34760,1
34761,5
34762,1
34763,2
34764,12
34765,0
34766,13
34767,2
34768,3
34769,2
34770,1
34771,3
34772,0
34773,1
34774,9
34775,0
34776,2
34777,0
34778,25
34779,2
34780,12
34781,0
34782,10
34783,1
34784,6
34785,0
34786,0
34787,11
34788,17
34789,7
34790,11
34791,11
34792,6
34793,3
34794,11
34795,5
34796,0
34797,5
34798,4
34799,15
34800,17
34801,50
34802,46
34803,16
34804,22
34805,0
34806,0
34807,35
34808,2
34809,5
34810,25
34811,5
34812,1
34813,9
34814,12
34815,9
34816,31
34817,11
34818,0
34819,21
34820,32
34821,19
34822,13
34823,15
34824,0
34825,16
34826,16
34827,9
34828,21
34829,10
34830,25
34831,12
34832,11
34833,28
34834,15
34835,5
34836,1
34837,7
34838,10
34839,25
34840,16
34841,44
34842,21
34843,11
34844,8
34845,8
34846,3
34847,18
34848,0
34849,18
34850,0
34851,10
34852,12
34853,5
34854,3
34855,15
34856,5
34857,16
34858,12
34859,7
34860,0
34861,0
34862,6
34863,12
34864,0
34865,0
34866,20
34867,12
34868,6
34869,14
34870,15
34871,2
34872,1
34873,0
34874,6
34875,2
34876,3
34877,0
34878,0
34879,10
34880,1
34881,2
34882,13
34883,0
34884,9
34885,11
34886,3
34887,0
34888,5
34889,1
34890,13
34891,1
34892,4
34893,0
34894,7
34895,11
34896,2
34897,8
34898,6
34899,0
34900,51
34901,17
34902,6
34903,36
34904,47
34905,10
34906,23
34907,12
34908,18
34909,10
34910,17
34911,2
34912,20
34913,32
34914,1
34915,10
34916,26
34917,22
34918,3
34919,19
34920,6
34921,13
34922,33
34923,26
34924,2
34925,11
34926,17
34927,10
34928,22
34929,13
34930,26
34931,12
34932,0
34933,16
34934,29
34935,14
34936,8
34937,11
34938,45
34939,11
34940,17
34941,9
34942,22
34943,4
34944,12
34945,3
34946,9
34947,16
34948,6
34949,8
34950,2
34951,13
34952,8
34953,0
34954,7
34955,1
34956,11
34957,0
34958,7
34959,16
34960,17
34961,0
34962,3
34963,0
34964,4
34965,3
34966,9
34967,0
34968,15
34969,0
34970,0
34971,0
34972,4
34973,0
34974,13
34975,16
34976,1
34977,4
34978,2
34979,12
34980,19
34981,9
34982,14
34983,5
34984,0
34985,7
34986,1
34987,14
34988,4
34989,2
34990,4
34991,7
34992,21
34993,2
34994,3
34995,0
34996,6
34997,1
34998,6
34999,12
35000,0
35001,0
35002,7
35003,18
35004,10
35005,0
35006,4
35007,34
35008,13
35009,15
35010,13
35011,19
35012,7
35013,48
35014,24
35015,14
35016,3
35017,18
35018,52
35019,11
35020,23
35021,0
35022,5
35023,17
35024,10
35025,4
35026,18
35027,11
35028,9
35029,1
35030,23
35031,14
35032,13
35033,0
35034,17
35035,12
35036,46
35037,30
35038,11
35039,0
35040,0
35041,37
35042,0
35043,27
35044,0
35045,12
35046,0
35047,27
35048,3
35049,21
35050,2
35051,3
35052,9
35053,4
35054,2
35055,0
35056,7
35057,14
35058,1
35059,4
35060,0
35061,5
35062,4
35063,15
35064,3
35065,13
35066,22
35067,5
35068,8
35069,2
35070,12
35071,18
35072,2
35073,8
35074,5
35075,1
35076,8
35077,15
35078,0
35079,0
35080,9
35081,11
35082,0
35083,7
35084,6
35085,0
35086,3
35087,3
35088,0
35089,8
35090,10
35091,12
35092,3
35093,18
35094,0
35095,7
35096,1
35097,5
35098,13
35099,13
35100,15
35101,1
35102,49
35103,8
35104,35
35105,8
35106,11
35107,5
35108,1
35109,16
35110,10
35111,14
35112,4
35113,0
35114,20
35115,1
35116,12
35117,19
35118,0
35119,53
35120,1
35121,25
35122,14
35123,0
35124,19
35125,1
35126,19
35127,12
35128,24
35129,18
35130,12
35131,15
35132,14
35133,10
35134,2
35135,38
35136,28
35137,31
35138,47
35139,28
35140,11
35141,1
35142,13
35143,6
35144,24
35145,13
35146,5
35147,18
35148,4
35149,3
35150,7
35151,1
35152,6
35153,5
35154,5
35155,23
35156,1
35157,4
35158,4
35159,8
35160,6
35161,19
35162,9
35163,15
35164,0
35165,16
35166,13
35167,3
35168,1
35169,17
35170,0
35171,17
35172,6
35173,4
35174,0
35175,0
35176,2
35177,0
35178,12
35179,9
35180,1
35181,8
35182,8
35183,6
35184,1
35185,1
35186,2
35187,14
35188,4
35189,14
35190,9
35191,13
35192,10
35193,14
35194,6
35195,4
35196,1
35197,1
35198,3
35199,11
35200,50
35201,39
35202,16
35203,36
35204,15
35205,6
35206,15
35207,5
35208,20
35209,2
35210,13
35211,2
35212,11
35213,17
35214,13
35215,26
35216,4
35217,5
35218,20
35219,54
35220,9
35221,1
35222,2
35223,48
35224,14
35225,2
35226,20
35227,13
35228,19
35229,16
35230,15
35231,13
35232,25
35233,3
35234,11
35235,12
35236,29
35237,32
35238,29
35239,12
35240,14
35241,0
35242,25
35243,7
35244,6
35245,9
35246,0
35247,19
35248,10
35249,21
35250,8
35251,11
35252,1
35253,2
35254,7
35255,6
35256,1
35257,5
35258,1
35259,0
35260,9
35261,24
35262,2
35263,18
35264,7
35265,12
35266,0
35267,14
35268,5
35269,0
35270,2
35271,7
35272,17
35273,18
35274,10
35275,3
35276,4
35277,5
35278,1
35279,2
35280,7
35281,2
35282,9
35283,3
35284,2
35285,1
35286,5
35287,9
35288,15
35289,4
35290,7
35291,10
35292,5
35293,15
35294,3
35295,12
35296,15
35297,6
35298,14
35299,2
35300,3
35301,51
35302,13
35303,15
35304,5
35305,1
35306,0
35307,40
35308,37
35309,8
35310,0
35311,14
35312,16
35313,3
35314,21
35315,2
35316,0
35317,14
35318,6
35319,8
35320,10
35321,6
35322,7
35323,1
35324,7
35325,12
35326,21
35327,14
35328,20
35329,17
35330,16
35331,26
35332,4
35333,14
35334,12
35335,10
35336,30
35337,33
35338,13
35339,49
35340,30
35341,15
35342,17
35343,0
35344,26
35345,0
35346,16
35347,20
35348,0
35349,18
35350,0
35351,16
35352,7
35353,3
35354,0
35355,16
35356,11
35357,0
35358,8
35359,0
35360,3
35361,6
35362,25
35363,7
35364,2
35365,15
35366,6
35367,19
35368,13
35369,3
35370,12
35371,1
35372,19
35373,0
35374,2
35375,6
35376,3
35377,5
35378,3
35379,10
35380,11
35381,0
35382,0
35383,4
35384,9
35385,2
35386,3
35387,5
35388,16
35389,11
35390,8
35391,4
35392,0
35393,6
35394,3
35395,0
35396,10
35397,2
35398,13
35399,0
35400,7
35401,38
35402,2
35403,8
35404,11
35405,11
35406,16
35407,14
35408,8
35409,9
35410,5
35411,7
35412,41
35413,3
35414,1
35415,0
35416,15
35417,3
35418,17
35419,1
35420,11
35421,4
35422,27
35423,21
35424,17
35425,22
35426,0
35427,22
35428,15
35429,0
35430,21
35431,5
35432,17
35433,18
35434,27
35435,6
35436,15
35437,13
35438,31
35439,14
35440,6
35441,34
35442,50
35443,31
35444,2
35445,16
35446,18
35447,0
35448,17
35449,29
35450,13
35451,17
35452,0
35453,0
35454,4
35455,3
35456,0
35457,8
35458,14
35459,20
35460,17
35461,12
35462,12
35463,1
35464,0
35465,0
35466,26
35467,4
35468,1
35469,0
35470,1
35471,4
35472,13
35473,7
35474,4
35475,4
35476,1
35477,3
35478,12
35479,5
35480,6
35481,15
35482,5
35483,19
35484,9
35485,10
35486,0
35487,4
35488,4
35489,9
35490,7
35491,3
35492,0
35493,1
35494,0
35495,7
35496,11
35497,8
35498,14
35499,9
35500,39
35501,17
35502,8
35503,28
35504,12
35505,12
35506,12
35507,15
35508,9
35509,10
35510,42
35511,16
35512,18
35513,4
35514,6
35515,5
35516,4
35517,0
35518,7
35519,13
35520,7
35521,8
35522,17
35523,14
35524,32
35525,6
35526,23
35527,16
35528,22
35529,6
35530,18
35531,1
35532,19
35533,28
35534,16
35535,18
35536,1
35537,3
35538,15
35539,22
35540,32
35541,0
35542,35
35543,51
35544,7
35545,19
35546,9
35547,1
35548,18
35549,5
35550,5
35551,10
35552,0
35553,15
35554,4
35555,1
35556,4
35557,18
35558,2
35559,18
35560,15
35561,13
35562,5
35563,2
35564,11
35565,21
35566,2
35567,21
35568,6
35569,5
35570,10
35571,30
35572,8
35573,1
35574,12
35575,0
35576,1
35577,1
35578,14
35579,5
35580,2
35581,3
35582,9
35583,0
35584,16
35585,10
35586,4
35587,0
35588,2
35589,0
35590,8
35591,0
35592,0
35593,6
35594,10
35595,11
35596,0
35597,8
35598,9
35599,5
35600,19
35601,40
35602,8
35603,13
35604,13
35605,13
35606,29
35607,10
35608,9
35609,17
35610,1
35611,9
35612,5
35613,16
35614,11
35615,14
35616,7
35617,5
35618,6
35619,43
35620,8
35621,18
35622,18
35623,16
35624,33
35625,7
35626,23
35627,24
35628,17
35629,7
35630,19
35631,17
35632,2
35633,20
35634,29
35635,10
35636,2
35637,2
35638,8
35639,0
35640,23
35641,15
35642,33
35643,20
35644,19
35645,52
35646,36
35647,4
35648,11
35649,6
35650,2
35651,1
35652,1
35653,5
35654,11
35655,19
35656,1
35657,16
35658,16
35659,1
35660,3
35661,2
35662,12
35663,2
35664,5
35665,1
35666,7
35667,22
35668,2
35669,3
35670,0
35671,0
35672,11
35673,19
35674,27
35675,22
35676,14
35677,9
35678,6
35679,19
35680,15
35681,3
35682,5
35683,3
35684,10
35685,17
35686,9
35687,6
35688,1
35689,7
35690,6
35691,1
35692,12
35693,4
35694,11
35695,13
35696,1
35697,13
35698,2
35699,10
35700,9
35701,0
35702,19
35703,0
35704,14
35705,11
35706,9
35707,10
35708,14
35709,0
35710,18
35711,14
35712,30
35713,20
35714,3
35715,41
35716,11
35717,312
35718,0
35719,8
35720,34
35721,0
35722,37
35723,21
35724,0
35725,10
35726,1
35727,24
35728,8
35729,18
35730,25
35731,9
35732,0
35733,20
35734,18
35735,16
35736,30
35737,3
35738,3
35739,17
35740,21
35741,0
35742,3
35743,0
35744,24
35745,34
35746,20
35747,5
35748,15
35749,6
35750,0
35751,3
35752,16
35753,18
35754,6
35755,15
35756,13
35757,14
35758,4
35759,3
35760,2
35761,11
35762,32
35763,5
35764,2
35765,17
35766,0
35767,23
35768,2
35769,13
35770,8
35771,6
35772,17
35773,3
35774,7
35775,1
35776,12
35777,0
35778,19
35779,17
35780,10
35781,6
35782,12
35783,6
35784,7
35785,0
35786,7
35787,8
35788,7
35789,2
35790,11
35791,12
35792,7
35793,4
35794,14
35795,8
35796,2
35797,4
35798,12
35799,0
35800,0
35801,21
35802,20
35803,15
35804,0
35805,10
35806,10
35807,8
35808,15
35809,42
35810,18
35811,31
35812,9
35813,19
35814,16
35815,7
35816,11
35817,12
35818,7
35819,20
35820,15
35821,1
35822,35
35823,22
35824,4
35825,7
35826,25
35827,9
35828,19
35829,26
35830,2
35831,10
35832,21
35833,19
35834,6
35835,38
35836,4
35837,31
35838,4
35839,18
35840,22
35841,4
35842,35
35843,21
35844,25
35845,17
35846,12
35847,11
35848,13
35849,0
35850,8
35851,4
35852,0
35853,19
35854,12
35855,1
35856,3
35857,1
35858,0
35859,13
35860,6
35861,24
35862,0
35863,0
35864,0
35865,1
35866,14
35867,15
35868,11
35869,1
35870,4
35871,18
35872,2
35873,31
35874,17
35875,11
35876,8
35877,5
35878,8
35879,13
35880,9
35881,0
35882,15
35883,9
35884,3
35885,5
35886,12
35887,1
35888,3
35889,4
35890,5
35891,14
35892,16
35893,11
35894,7
35895,33
35896,0
35897,13
35898,3
35899,8
35900,16
35901,11
35902,36
35903,1
35904,18
35905,39
35906,13
35907,21
35908,16
35909,10
35910,12
35911,2
35912,359
35913,20
35914,43
35915,8
35916,17
35917,9
35918,8
35919,1
35920,12
35921,32
35922,16
35923,32
35924,5
35925,10
35926,26
35927,10
35928,20
35929,11
35930,7
35931,27
35932,22
35933,3
35934,20
35935,26
35936,5
35937,5
35938,23
35939,19
35940,12
35941,23
35942,22
35943,0
35944,11
35945,36
35946,5
35947,22
35948,9
35949,19
35950,8
35951,0
35952,34
35953,32
35954,0
35955,1
35956,0
35957,10
35958,15
35959,9
35960,2
35961,18
35962,4
35963,0
35964,1
35965,0
35966,14
35967,19
35968,15
35969,3
35970,5
35971,2
35972,16
35973,9
35974,1
35975,1
35976,0
35977,17
35978,6
35979,8
35980,25
35981,9
35982,0
35983,14
35984,13
35985,5
35986,10
35987,7
35988,12
35989,13
35990,4
35991,9
35992,4
35993,6
35994,16
35995,4
35996,14
35997,6
35998,0
35999,5
36000,17
36001,19
36002,40
36003,37
36004,27
36005,14
36006,6
36007,17
36008,360
36009,12
36010,26
36011,37
36012,9
36013,33
36014,9
36015,2
36016,18
36017,1
36018,21
36019,22
36020,24
36021,11
36022,23
36023,24
36024,20
36025,44
36026,11
36027,27
36028,12
36029,8
36030,4
36031,21
36032,23
36033,1
36034,6
36035,23
36036,28
36037,2
36038,6
36039,13
36040,1
36041,33
36042,7
36043,6
36044,17
36045,13
36046,12
36047,21
36048,0
36049,0
36050,13
36051,5
36052,14
36053,19
36054,5
36055,8
36056,10
36057,11
36058,35
36059,11
36060,2
36061,5
36062,0
36063,20
36064,1
36065,0
36066,10
36067,0
36068,16
36069,0
36070,1
36071,0
36072,11
36073,13
36074,33
36075,0
36076,18
36077,0
36078,9
36079,1
36080,0
36081,10
36082,10
36083,9
36084,7
36085,0
36086,15
36087,5
36088,3
36089,14
36090,6
36091,10
36092,6
36093,2
36094,17
36095,13
36096,7
36097,0
36098,15
36099,10
36100,28
36101,24
36102,309
36103,7
36104,15
36105,0
36106,21
36107,0
36108,10
36109,41
36110,1
36111,12
36112,18
36113,18
36114,20
36115,13
36116,34
36117,10
36118,152
36119,204
36120,2
36121,3
36122,25
36123,152
36124,2
36125,12
36126,28
36127,13
36128,9
36129,3
36130,5
36131,22
36132,7
36133,29
36134,24
36135,24
36136,7
36137,22
36138,34
36139,7
36140,18
36141,25
36142,361
36143,14
36144,38
36145,14
36146,13
36147,8
36148,152
36149,1
36150,14
36151,1
36152,4
36153,2
36154,3
36155,7
36156,21
36157,0
36158,1
36159,19
36160,0
36161,1
36162,36
36163,2
36164,6
36165,12
36166,12
36167,3
36168,0
36169,15
36170,6
36171,0
36172,0
36173,1
36174,34
36175,11
36176,8
36177,22
36178,12
36179,19
36180,0
36181,2
36182,11
36183,0
36184,1
36185,0
36186,27
36187,10
36188,15
36189,0
36190,10
36191,8
36192,7
36193,16
36194,16
36195,6
36196,11
36197,3
36198,18
36199,0
36200,25
36201,310
36202,15
36203,153
36204,14
36205,3
36206,52
36207,16
36208,39
36209,22
36210,51
36211,153
36212,8
36213,2
36214,4
36215,52
36216,11
36217,1
36218,0
36219,51
36220,15
36221,25
36222,3
36223,8
36224,205
36225,1
36226,13
36227,362
36228,29
36229,10
36230,14
36231,4
36232,310
36233,6
36234,8
36235,153
36236,0
36237,42
36238,25
36239,23
36240,19
36241,23
36242,153
36243,26
36244,8
36245,35
36246,30
36247,9
36248,29
36249,26
36250,14
36251,35
36252,1
36253,2
36254,1
36255,0
36256,3
36257,8
36258,1
36259,37
36260,2
36261,16
36262,19
36263,5
36264,1
36265,16
36266,1
36267,3
36268,7
36269,3
36270,2
36271,1
36272,19
36273,4
36274,7
36275,13
36276,17
36277,12
36278,19
36279,13
36280,15
36281,13
36282,20
36283,3
36284,12
36285,9
36286,11
36287,1
36288,11
36289,2
36290,8
36291,17
36292,28
36293,0
36294,4
36295,1
36296,9
36297,0
36298,11
36299,12
36300,154
36301,16
36302,311
36303,27
36304,4
36305,76
36306,4
36307,0
36308,27
36309,3
36310,5
36311,40
36312,16
36313,15
36314,12
36315,1
36316,26
36317,17
36318,26
36319,0
36320,154
36321,53
36322,9
36323,7
36324,31
36325,42
36326,363
36327,14
36328,311
36329,30
36330,15
36331,5
36332,11
36333,82
36334,9
36335,53
36336,154
36337,9
36338,9
36339,206
36340,24
36341,2
36342,20
36343,26
36344,154
36345,36
36346,24
36347,10
36348,23
36349,52
36350,1
36351,2
36352,18
36353,13
36354,38
36355,0
36356,13
36357,17
36358,0
36359,2
36360,39
36361,8
36362,3
36363,3
36364,9
36365,3
36366,2
36367,18
36368,4
36369,3
36370,0
36371,0
36372,2
36373,5
36374,1
36375,12
36376,2
36377,2
36378,15
36379,14
36380,2
36381,14
36382,16
36383,6
36384,20
36385,1
36386,10
36387,12
36388,0
36389,3
36390,4
36391,12
36392,1
36393,13
36394,5
36395,9
36396,29
36397,10
36398,0
36399,0
36400,5
36401,5
36402,28
36403,54
36404,17
36405,312
36406,25
36407,54
36408,32
36409,53
36410,17
36411,28
36412,2
36413,41
36414,6
36415,2
36416,16
36417,27
36418,18
36419,53
36420,10
36421,4
36422,3
36423,21
36424,1
36425,27
36426,312
36427,15
36428,6
36429,0
36430,155
36431,12
36432,31
36433,207
36434,16
36435,37
36436,10
36437,10
36438,155
36439,11
36440,155
36441,1
36442,10
36443,27
36444,25
36445,83
36446,155
36447,8
36448,364
36449,52
36450,13
36451,0
36452,2
36453,9
36454,10
36455,0
36456,0
36457,3
36458,0
36459,19
36460,4
36461,0
36462,1
36463,1
36464,18
36465,3
36466,5
36467,4
36468,6
36469,14
36470,0
36471,3
36472,13
36473,14
36474,10
36475,39
36476,21
36477,14
36478,4
36479,15
36480,16
36481,17
36482,3
36483,15
36484,11
36485,1
36486,0
36487,2
36488,2
36489,3
36490,9
36491,13
36492,11
36493,13
36494,5
36495,4
36496,30
36497,0
36498,6
36499,7
36500,33
36501,53
36502,53
36503,26
36504,315
36505,54
36506,11
36507,18
36508,42
36509,52
36510,53
36511,11
36512,4
36513,52
36514,6
36515,52
36516,3
36517,0
36518,29
36519,6
36520,26
36521,53
36522,28
36523,365
36524,38
36525,313
36526,208
36527,156
36528,16
36529,7
36530,156
36531,32
36532,13
36533,17
36534,156
36535,3
36536,156
36537,1
36538,11
36539,55
36540,313
36541,11
36542,9
36543,22
36544,12
36545,54
36546,55
36547,2
36548,0
36549,5
36550,5
36551,11
36552,22
36553,10
36554,1
36555,14
36556,5
36557,15
36558,0
36559,5
36560,5
36561,15
36562,40
36563,4
36564,19
36565,11
36566,6
36567,3
36568,4
36569,2
36570,6
36571,15
36572,29
36573,7
36574,8
36575,23
36576,14
36577,12
36578,2
36579,17
36580,14
36581,4
36582,18
36583,19
36584,28
36585,3
36586,14
36587,2
36588,7
36589,16
36590,17
36591,16
36592,4
36593,12
36594,0
36595,6
36596,31
36597,3
36598,7
36599,18
36600,19
36601,30
36602,15
36603,7
36604,29
36605,43
36606,33
36607,3
36608,6
36609,17
36610,39
36611,20
36612,46
36613,5
36614,26
36615,2
36616,19
36617,4
36618,23
36619,0
36620,18
36621,0
36622,29
36623,13
36624,7
36625,17
36626,14
36627,3
36628,33
36629,8
36630,18
36631,12
36632,12
36633,12
36634,10
36635,19
36636,27
36637,32
36638,39
36639,43
36640,29
36641,27
36642,34
36643,30
36644,5
36645,8
36646,12
36647,23
36648,3
36649,15
36650,0
36651,8
36652,41
36653,3
36654,6
36655,5
36656,0
36657,16
36658,9
36659,16
36660,0
36661,16
36662,4
36663,6
36664,7
36665,7
36666,2
36667,14
36668,5
36669,19
36670,23
36671,0
36672,8
36673,0
36674,6
36675,0
36676,12
36677,7
36678,18
36679,5
36680,0
36681,13
36682,13
36683,4
36684,11
36685,15
36686,7
36687,16
36688,17
36689,6
36690,15
36691,6
36692,12
36693,9
36694,0
36695,0
36696,13
36697,24
36698,1
36699,0
36700,44
36701,40
36702,34
36703,19
36704,3
36705,16
36706,13
36707,1
36708,30
36709,20
36710,6
36711,7
36712,5
36713,33
36714,9
36715,47
36716,16
36717,4
36718,27
36719,44
36720,18
36721,21
36722,30
36723,4
36724,28
36725,20
36726,0
36727,18
36728,15
36729,13
36730,34
36731,13
36732,19
36733,9
36734,11
36735,4
36736,24
36737,13
36738,9
36739,30
36740,31
36741,6
36742,28
36743,8
36744,35
36745,20
36746,8
36747,14
36748,19
36749,8
36750,14
36751,1
36752,5
36753,9
36754,7
36755,1
36756,1
36757,17
36758,17
36759,4
36760,8
36761,13
36762,17
36763,1
36764,6
36765,0
36766,0
36767,0
36768,12
36769,1
36770,0
36771,12
36772,40
36773,0
36774,1
36775,1
36776,7
36777,10
36778,14
36779,12
36780,18
36781,10
36782,6
36783,5
36784,8
36785,0
36786,25
36787,14
36788,1
36789,16
36790,1
36791,17
36792,2
36793,7
36794,4
36795,0
36796,1
36797,16
36798,13
36799,7
36800,14
36801,31
36802,36
36803,0
36804,21
36805,0
36806,20
36807,29
36808,6
36809,31
36810,45
36811,7
36812,41
36813,8
36814,4
36815,5
36816,21
36817,22
36818,15
36819,2
36820,48
36821,35
36822,5
36823,10
36824,29
36825,34
36826,0
36827,19
36828,16
36829,12
36830,35
36831,14
36832,14
36833,10
36834,1
36835,17
36836,20
36837,25
36838,14
36839,0
36840,0
36841,7
36842,31
36843,32
36844,9
36845,9
36846,19
36847,15
36848,5
36849,21
36850,10
36851,13
36852,17
36853,10
36854,6
36855,0
36856,13
36857,14
36858,0
36859,1
36860,9
36861,17
36862,0
36863,7
36864,11
36865,18
36866,8
36867,14
36868,2
36869,5
36870,18
36871,2
36872,1
36873,7
36874,1
36875,13
36876,2
36877,2
36878,1
36879,20
36880,15
36881,26
36882,15
36883,17
36884,8
36885,9
36886,11
36887,6
36888,19
36889,2
36890,1
36891,8
36892,2
36893,5
36894,9
36895,18
36896,3
36897,8
36898,11
36899,2
36900,8
36901,1
36902,6
36903,18
36904,30
36905,10
36906,0
36907,32
36908,0
36909,0
36910,15
36911,0
36912,30
36913,6
36914,42
36915,22
36916,37
36917,36
36918,32
36919,21
36920,1
36921,9
36922,32
36923,16
36924,10
36925,0
36926,6
36927,1
36928,0
36929,20
36930,17
36931,15
36932,15
36933,36
36934,11
36935,33
36936,13
36937,21
36938,26
36939,11
36940,0
36941,15
36942,1
36943,8
36944,3
36945,7
36946,20
36947,2
36948,46
36949,22
36950,16
36951,2
36952,6
36953,0
36954,1
36955,2
36956,0
36957,0
36958,3
36959,3
36960,3
36961,7
36962,3
36963,12
36964,0
36965,2
36966,0
36967,19
36968,9
36969,19
36970,2
36971,14
36972,11
36973,0
36974,5
36975,0
36976,12
36977,0
36978,0
36979,14
36980,18
36981,10
36982,27
36983,0
36984,5
36985,11
36986,0
36987,9
36988,0
36989,0
36990,16
36991,9
36992,3
36993,0
36994,0
36995,16
36996,4
36997,0
36998,10
36999,0
37000,0
37001,10
37002,38
37003,34
37004,1
37005,7
37006,2
37007,7
37008,0
37009,9
37010,16
37011,2
37012,47
37013,22
37014,33
37015,17
37016,6
37017,37
37018,23
37019,15
37020,31
37021,33
37022,11
37023,22
37024,19
37025,23
37026,7
37027,2
37028,21
37029,18
37030,37
37031,16
37032,16
37033,12
37034,12
37035,33
37036,11
37037,1
37038,17
37039,3
37040,27
37041,43
37042,8
37043,9
37044,16
37045,21
37046,4
37047,14
37048,31
37049,28
37050,11
37051,1
37052,15
37053,0
37054,11
37055,0
37056,2
37057,4
37058,0
37059,1
37060,9
37061,3
37062,0
37063,16
37064,1
37065,19
37066,0
37067,0
37068,0
37069,0
37070,1
37071,4
37072,1
37073,12
37074,20
37075,0
37076,10
37077,3
37078,10
37079,10
37080,2
37081,1
37082,4
37083,5
37084,11
37085,6
37086,17
37087,7
37088,17
37089,19
37090,13
37091,8
37092,3
37093,12
37094,4
37095,3
37096,4
37097,13
37098,4
37099,4
37100,16
37101,0
37102,35
37103,11
37104,3
37105,2
37106,32
37107,39
37108,8
37109,23
37110,24
37111,48
37112,10
37113,38
37114,24
37115,12
37116,34
37117,11
37118,17
37119,3
37120,17
37121,34
37122,44
37123,18
37124,8
37125,18
37126,8
37127,3
37128,22
37129,19
37130,17
37131,38
37132,13
37133,17
37134,13
37135,12
37136,12
37137,28
37138,4
37139,9
37140,23
37141,10
37142,22
37143,20
37144,2
37145,5
37146,34
37147,15
37148,29
37149,0
37150,11
37151,9
37152,1
37153,16
37154,1
37155,3
37156,14
37157,10
37158,1
37159,21
37160,0
37161,13
37162,0
37163,5
37164,17
37165,12
37166,0
37167,1
37168,1
37169,13
37170,3
37171,4
37172,20
37173,0
37174,4
37175,4
37176,4
37177,24
37178,8
37179,5
37180,6
37181,12
37182,1
37183,5
37184,1
37185,0
37186,0
37187,7
37188,18
37189,14
37190,5
37191,2
37192,1
37193,4
37194,5
37195,0
37196,7
37197,5
37198,11
37199,18
37200,17
37201,33
37202,3
37203,35
37204,18
37205,45
37206,3
37207,36
37208,4
37209,12
37210,35
37211,24
37212,35
37213,39
37214,40
37215,13
37216,25
37217,11
37218,12
37219,25
37220,9
37221,49
37222,12
37223,16
37224,0
37225,6
37226,9
37227,4
37228,23
37229,20
37230,18
37231,14
37232,14
37233,39
37234,18
37235,13
37236,13
37237,10
37238,29
37239,19
37240,21
37241,11
37242,23
37243,5
37244,24
37245,6
37246,9
37247,0
37248,4
37249,5
37250,18
37251,14
37252,17
37253,11
37254,2
37255,5
37256,0
37257,8
37258,2
37259,22
37260,4
37261,5
37262,10
37263,0
37264,11
37265,2
37266,11
37267,15
37268,14
37269,0
37270,0
37271,13
37272,1
37273,18
37274,6
37275,30
37276,33
37277,2
37278,19
37279,6
37280,9
37281,13
37282,7
37283,0
37284,6
37285,8
37286,1
37287,0
37288,5
37289,15
37290,19
37291,6
37292,25
37293,6
37294,0
37295,12
37296,3
37297,2
37298,2
37299,19
37300,18
37301,4
37302,34
37303,13
37304,46
37305,5
37306,14
37307,19
37308,36
37309,4
37310,14
37311,25
37312,40
37313,13
37314,50
37315,36
37316,13
37317,7
37318,41
37319,0
37320,7
37321,37
37322,10
37323,19
37324,0
37325,0
37326,10
37327,5
37328,24
37329,19
37330,15
37331,15
37332,21
37333,40
37334,1
37335,0
37336,11
37337,14
37338,12
37339,22
37340,0
37341,30
37342,20
37343,24
37344,10
37345,17
37346,25
37347,6
37348,0
37349,5
37350,6
37351,1
37352,0
37353,0
37354,1
37355,18
37356,26
37357,1
37358,15
37359,0
37360,3
37361,0
37362,3
37363,5
37364,2
37365,3
37366,6
37367,19
37368,0
37369,12
37370,12
37371,0
37372,4
37373,23
37374,3
37375,0
37376,3
37377,20
37378,26
37379,7
37380,1
37381,8
37382,12
37383,10
37384,31
37385,0
37386,14
37387,19
37388,0
37389,16
37390,6
37391,0
37392,0
37393,7
37394,7
37395,13
37396,7
37397,3
37398,7
37399,9
37400,19
37401,7
37402,5
37403,26
37404,1
37405,14
37406,0
37407,35
37408,37
37409,47
37410,0
37411,14
37412,14
37413,20
37414,38
37415,26
37416,51
37417,41
37418,8
37419,6
37420,6
37421,5
37422,8
37423,13
37424,7
37425,37
37426,11
37427,6
37428,25
37429,0
37430,16
37431,16
37432,20
37433,12
37434,22
37435,15
37436,41
37437,15
37438,23
37439,11
37440,20
37441,31
37442,21
37443,25
37444,1
37445,18
37446,11
37447,2
37448,8
37449,7
37450,2
37451,4
37452,19
37453,0
37454,4
37455,4
37456,21
37457,0
37458,0
37459,32
37460,5
37461,2
37462,0
37463,27
37464,26
37465,0
37466,6
37467,20
37468,16
37469,1
37470,0
37471,13
37472,1
37473,24
37474,2
37475,0
37476,1
37477,7
37478,15
37479,1
37480,27
37481,11
37482,15
37483,0
37484,0
37485,0
37486,1
37487,14
37488,9
37489,17
37490,1
37491,4
37492,0
37493,8
37494,8
37495,8
37496,4
37497,13
37498,10
37499,8
37500,27
37501,0
37502,7
37503,9
37504,0
37505,0
37506,19
37507,0
37508,15
37509,14
37510,6
37511,0
37512,15
37513,8
37514,6
37515,36
37516,15
37517,48
37518,20
37519,2
37520,7
37521,38
37522,12
37523,0
37524,0
37525,12
37526,7
37527,17
37528,26
37529,0
37530,17
37531,13
37532,21
37533,23
37534,3
37535,22
37536,42
37537,24
37538,12
37539,16
37540,8
37541,14
37542,0
37543,26
37544,21
37545,0
37546,32
37547,16
37548,2
37549,27
37550,9
37551,0
37552,15
37553,9
37554,0
37555,1
37556,9
37557,2
37558,27
37559,3
37560,5
37561,9
37562,8
37563,9
37564,0
37565,20
37566,14
37567,0
37568,5
37569,2
37570,0
37571,0
37572,0
37573,0
37574,2
37575,6
37576,3
37577,9
37578,3
37579,0
37580,0
37581,16
37582,10
37583,28
37584,0
37585,12
37586,0
37587,16
37588,0
37589,0
37590,2
37591,2
37592,1
37593,11
37594,1
37595,0
37596,5
37597,5
37598,18
37599,0
37600,0
37601,0
37602,7
37603,22
37604,1
37605,33
37606,0
37607,23
37608,17
37609,0
37610,16
37611,20
37612,0
37613,7
37614,8
37615,16
37616,10
37617,16
37618,0
37619,39
37620,13
37621,0
37622,0
37623,24
37624,27
37625,12
37626,13
37627,18
37628,8
37629,14
37630,27
37631,0
37632,18
37633,0
37634,0
37635,0
37636,4
37637,22
37638,17
37639,43
37640,13
37641,25
37642,0
37643,9
37644,1
37645,15
37646,0
37647,0
37648,28
37649,10
37650,0
37651,19
37652,0
37653,1
37654,16
37655,10
37656,3
37657,1
37658,10
37659,6
37660,43
37661,10
37662,1
37663,3
37664,9
37665,1
37666,16
37667,4
37668,9
37669,3
37670,1
37671,1
37672,1
37673,0
37674,0
37675,3
37676,0
37677,17
37678,8
37679,4
37680,1
37681,3
37682,1
37683,1
37684,6
37685,6
37686,11
37687,13
37688,17
37689,1
37690,0
37691,15
37692,4
37693,9
37694,1
37695,12
37696,6
37697,29
37698,0
37699,7
37700,9
37701,11
37702,40
37703,1
37704,17
37705,17
37706,18
37707,17
37708,21
37709,11
37710,12
37711,5
37712,7
37713,18
37714,2
37715,1
37716,1
37717,29
37718,0
37719,14
37720,0
37721,1
37722,2
37723,0
37724,8
37725,5
37726,14
37727,15
37728,19
37729,9
37730,28
37731,19
37732,14
37733,5
37734,44
37735,24
37736,18
37737,25
37738,10
37739,23
37740,16
37741,28
37742,14
37743,0
37744,16
37745,34
37746,23
37747,26
37748,20
37749,4
37750,9
37751,10
37752,7
37753,2
37754,10
37755,1
37756,0
37757,4
37758,2
37759,0
37760,0
37761,2
37762,0
37763,0
37764,0
37765,16
37766,5
37767,13
37768,1
37769,4
37770,7
37771,0
37772,23
37773,0
37774,0
37775,22
37776,2
37777,2
37778,1
37779,13
37780,0
37781,1
37782,11
37783,1
37784,11
37785,0
37786,8
37787,0
37788,7
37789,18
37790,7
37791,0
37792,2
37793,17
37794,0
37795,11
37796,2
37797,0
37798,0
37799,8
37800,41
37801,10
37802,0
37803,3
37804,12
37805,18
37806,0
37807,17
37808,25
37809,12
37810,22
37811,9
37812,0
37813,18
37814,0
37815,19
37816,19
37817,14
37818,0
37819,21
37820,18
37821,6
37822,0
37823,27
37824,35
37825,2
37826,16
37827,15
37828,20
37829,17
37830,29
37831,10
37832,15
37833,6
37834,11
37835,0
37836,20
37837,19
37838,26
37839,24
37840,0
37841,29
37842,15
37843,24
37844,1
37845,0
37846,5
37847,45
37848,12
37849,8
37850,13
37851,12
37852,3
37853,0
37854,8
37855,6
37856,11
37857,5
37858,3
37859,1
37860,2
37861,8
37862,24
37863,31
37864,3
37865,3
37866,1
37867,0
37868,0
37869,23
37870,17
37871,5
37872,17
37873,3
37874,2
37875,3
37876,2
37877,2
37878,15
37879,8
37880,1
37881,0
37882,12
37883,6
37884,1
37885,10
37886,8
37887,3
37888,5
37889,11
37890,28
37891,19
37892,3
37893,9
37894,1
37895,0
37896,2
37897,1
37898,9
37899,1
37900,11
37901,18
37902,15
37903,4
37904,20
37905,26
37906,25
37907,42
37908,13
37909,9
37910,10
37911,19
37912,1
37913,9
37914,3
37915,1
37916,2
37917,13
37918,14
37919,20
37920,19
37921,13
37922,19
37923,27
37924,0
37925,16
37926,17
37927,16
37928,21
37929,30
37930,11
37931,16
37932,12
37933,7
37934,20
37935,36
37936,46
37937,18
37938,30
37939,16
37940,28
37941,0
37942,2
37943,7
37944,25
37945,0
37946,13
37947,21
37948,7
37949,22
37950,9
37951,0
37952,4
37953,3
37954,0
37955,4
37956,24
37957,12
37958,1
37959,4
37960,4
37961,8
37962,21
37963,31
37964,0
37965,6
37966,0
37967,10
37968,4
37969,0
37970,18
37971,3
37972,18
37973,4
37974,9
37975,13
37976,3
37977,3
37978,4
37979,4
37980,6
37981,11
37982,2
37983,1
37984,2
37985,18
37986,6
37987,2
37988,12
37989,20
37990,10
37991,9
37992,4
37993,25
37994,32
37995,9
37996,4
37997,7
37998,13
37999,2
38000,26
38001,3
38002,5
38003,10
38004,2
38005,10
38006,20
38007,27
38008,14
38009,8
38010,2
38011,43
38012,1
38013,1
38014,4
38015,14
38016,19
38017,5
38018,15
38019,1
38020,37
38021,14
38022,21
38023,17
38024,20
38025,20
38026,0
38027,18
38028,17
38029,22
38030,12
38031,31
38032,17
38033,13
38034,8
38035,16
38036,21
38037,31
38038,3
38039,28
38040,22
38041,29
38042,8
38043,19
38044,14
38045,26
38046,0
38047,47
38048,17
38049,3
38050,13
38051,0
38052,10
38053,4
38054,0
38055,10
38056,1
38057,0
38058,5
38059,5
38060,5
38061,0
38062,32
38063,7
38064,22
38065,4
38066,0
38067,13
38068,0
38069,5
38070,14
38071,11
38072,0
38073,1
38074,0
38075,5
38076,0
38077,5
38078,12
38079,11
38080,3
38081,7
38082,12
38083,10
38084,5
38085,2
38086,3
38087,23
38088,1
38089,0
38090,33
38091,21
38092,14
38093,0
38094,26
38095,1
38096,11
38097,0
38098,3
38099,10
38100,27
38101,6
38102,15
38103,38
38104,4
38105,15
38106,22
38107,2
38108,21
38109,9
38110,20
38111,6
38112,28
38113,44
38114,5
38115,14
38116,16
38117,4
38118,3
38119,8
38120,3
38121,11
38122,11
38123,32
38124,0
38125,4
38126,19
38127,1
38128,18
38129,23
38130,14
38131,18
38132,32
38133,13
38134,9
38135,27
38136,22
38137,18
38138,4
38139,29
38140,9
38141,15
38142,17
38143,23
38144,30
38145,20
38146,21
38147,48
38148,2
38149,15
38150,1
38151,0
38152,1
38153,0
38154,11
38155,6
38156,6
38157,0
38158,15
38159,6
38160,23
38161,24
38162,33
38163,6
38164,6
38165,5
38166,0
38167,14
38168,5
38169,0
38170,11
38171,0
38172,5
38173,5
38174,6
38175,0
38176,4
38177,1
38178,18
38179,13
38180,0
38181,2
38182,12
38183,11
38184,0
38185,3
38186,2
38187,6
38188,4
38189,0
38190,13
38191,27
38192,2
38193,11
38194,34
38195,22
38196,12
38197,15
38198,1
38199,2
38200,22
38201,2
38202,39
38203,5
38204,16
38205,23
38206,21
38207,0
38208,28
38209,0
38210,15
38211,7
38212,3
38213,5
38214,28
38215,6
38216,29
38217,0
38218,1
38219,7
38220,24
38221,10
38222,16
38223,33
38224,22
38225,45
38226,20
38227,2
38228,19
38229,24
38230,15
38231,33
38232,19
38233,10
38234,0
38235,31
38236,14
38237,19
38238,5
38239,49
38240,16
38241,0
38242,30
38243,10
38244,18
38245,12
38246,4
38247,23
38248,3
38249,0
38250,5
38251,3
38252,28
38253,14
38254,12
38255,2
38256,2
38257,7
38258,0
38259,0
38260,2
38261,3
38262,5
38263,1
38264,7
38265,0
38266,16
38267,1
38268,1
38269,6
38270,0
38271,7
38272,7
38273,1
38274,13
38275,1
38276,0
38277,3
38278,12
38279,0
38280,9
38281,4
38282,3
38283,12
38284,5
38285,14
38286,0
38287,19
38288,17
38289,0
38290,4
38291,13
38292,16
38293,35
38294,7
38295,0
38296,23
38297,0
38298,16
38299,0
38300,29
38301,25
38302,40
38303,32
38304,6
38305,23
38306,8
38307,11
38308,24
38309,4
38310,4
38311,29
38312,16
38313,6
38314,2
38315,7
38316,17
38317,4
38318,0
38319,29
38320,6
38321,22
38322,17
38323,20
38324,5
38325,6
38326,0
38327,21
38328,3
38329,6
38330,20
38331,16
38332,25
38333,34
38334,11
38335,23
38336,20
38337,15
38338,1
38339,34
38340,24
38341,50
38342,19
38343,17
38344,11
38345,31
38346,13
38347,0
38348,189
38349,8
38350,5
38351,1
38352,13
38353,2
38354,1
38355,2
38356,0
38357,0
38358,2
38359,0
38360,6
38361,29
38362,17
38363,0
38364,8
38365,0
38366,7
38367,13
38368,4
38369,1
38370,0
38371,8
38372,0
38373,7
38374,17
38375,13
38376,4
38377,3
38378,10
38379,15
38380,18
38381,13
38382,5
38383,36
38384,4
38385,17
38386,8
38387,8
38388,1
38389,14
38390,0
38391,14
38392,3
38393,3
38394,0
38395,4
38396,3
38397,8
38398,15
38399,1
38400,0
38401,18
38402,0
38403,0
38404,0
38405,0
38406,24
38407,0
38408,7
38409,7
38410,41
38411,24
38412,0
38413,5
38414,7
38415,1
38416,33
38417,12
38418,0
38419,25
38420,32
38421,9
38422,0
38423,16
38424,14
38425,5
38426,17
38427,7
38428,22
38429,4
38430,21
38431,26
38432,0
38433,35
38434,2
38435,20
38436,12
38437,1
38438,0
38439,35
38440,21
38441,25
38442,51
38443,0
38444,6
38445,18
38446,12
38447,21
38448,30
38449,17
38450,0
38451,14
38452,15
38453,5
38454,0
38455,15
38456,2
38457,2
38458,3
38459,0
38460,0
38461,18
38462,9
38463,18
38464,5
38465,14
38466,16
38467,3
38468,4
38469,9
38470,30
38471,4
38472,5
38473,2
38474,4
38475,0
38476,3
38477,19
38478,0
38479,14
38480,7
38481,5
38482,9
38483,16
38484,1
38485,3
38486,0
38487,6
38488,0
38489,1
38490,0
38491,37
38492,9
38493,6
38494,4
38495,18
38496,8
38497,5
38498,2
38499,11
38500,18
38501,1
38502,13
38503,8
38504,25
38505,10
38506,8
38507,34
38508,6
38509,8
38510,4
38511,6
38512,8
38513,26
38514,42
38515,31
38516,0
38517,6
38518,17
38519,1
38520,19
38521,15
38522,21
38523,17
38524,19
38525,2
38526,0
38527,18
38528,0
38529,23
38530,8
38531,5
38532,22
38533,3
38534,27
38535,33
38536,36
38537,22
38538,36
38539,2
38540,7
38541,22
38542,52
38543,26
38544,13
38545,15
38546,25
38547,13
38548,2
38549,0
38550,1
38551,16
38552,2
38553,0
38554,3
38555,4
38556,15
38557,1
38558,1
38559,5
38560,3
38561,1
38562,0
38563,1
38564,0
38565,4
38566,15
38567,1
38568,10
38569,19
38570,17
38571,10
38572,1
38573,2
38574,0
38575,19
38576,6
38577,9
38578,7
38579,12
38580,7
38581,1
38582,10
38583,5
38584,5
38585,6
38586,6
38587,4
38588,38
38589,10
38590,0
38591,16
38592,19
38593,19
38594,0
38595,1
38596,6
38597,3
38598,4
38599,3
38600,0
38601,0
38602,0
38603,27
38604,0
38605,9
38606,14
38607,19
38608,34
38609,16
38610,32
38611,3
38612,7
38613,0
38614,26
38615,9
38616,2
38617,7
38618,9
38619,35
38620,11
38621,7
38622,23
38623,1
38624,22
38625,2
38626,9
38627,19
38628,24
38629,4
38630,6
38631,18
38632,23
38633,28
38634,14
38635,20
38636,37
38637,23
38638,37
38639,8
38640,3
38641,14
38642,16
38643,20
38644,53
38645,26
38646,9
38647,1
38648,43
38649,39
38650,18
38651,17
38652,0
38653,20
38654,0
38655,0
38656,5
38657,0
38658,4
38659,2
38660,5
38661,6
38662,0
38663,17
38664,7
38665,0
38666,0
38667,1
38668,0
38669,1
38670,1
38671,20
38672,3
38673,7
38674,7
38675,6
38676,5
38677,0
38678,8
38679,0
38680,0
38681,6
38682,2
38683,0
38684,13
38685,11
38686,0
38687,0
38688,8
38689,26
38690,4
38691,5
38692,7
38693,13
38694,0
38695,0
38696,2
38697,0
38698,11
38699,3
38700,8
38701,8
38702,9
38703,4
38704,17
38705,20
38706,23
38707,28
38708,24
38709,35
38710,3
38711,0
38712,3
38713,10
38714,0
38715,27
38716,36
38717,10
38718,27
38719,9
38720,10
38721,8
38722,15
38723,38
38724,21
38725,33
38726,0
38727,10
38728,5
38729,25
38730,20
38731,7
38732,29
38733,24
38734,15
38735,12
38736,19
38737,24
38738,9
38739,2
38740,15
38741,4
38742,17
38743,21
38744,10
38745,27
38746,2
38747,38
38748,1
38749,0
38750,7
38751,0
38752,1
38753,5
38754,6
38755,6
38756,1
38757,0
38758,1
38759,0
38760,4
38761,18
38762,18
38763,8
38764,14
38765,3
38766,1
38767,1
38768,1
38769,21
38770,12
38771,0
38772,4
38773,7
38774,0
38775,19
38776,8
38777,6
38778,2
38779,40
38780,12
38781,0
38782,14
38783,0
38784,0
38785,3
38786,6
38787,0
38788,3
38789,8
38790,11
38791,1
38792,8
38793,0
38794,12
38795,7
38796,0
38797,21
38798,4
38799,5
38800,25
38801,0
38802,36
38803,21
38804,9
38805,9
38806,18
38807,24
38808,9
38809,4
38810,37
38811,29
38812,41
38813,28
38814,0
38815,13
38816,11
38817,4
38818,10
38819,8
38820,5
38821,3
38822,11
38823,20
38824,22
38825,8
38826,6
38827,11
38828,26
38829,21
38830,1
38831,8
38832,30
38833,16
38834,25
38835,11
38836,10
38837,25
38838,39
38839,16
38840,18
38841,3
38842,28
38843,22
38844,13
38845,16
38846,5
38847,39
38848,34
38849,3
38850,11
38851,0
38852,4
38853,19
38854,1
38855,0
38856,0
38857,0
38858,13
38859,0
38860,0
38861,5
38862,0
38863,0
38864,7
38865,0
38866,7
38867,13
38868,2
38869,1
38870,0
38871,22
38872,5
38873,9
38874,1
38875,2
38876,2
38877,5
38878,13
38879,10
38880,15
38881,4
38882,2
38883,6
38884,4
38885,8
38886,22
38887,9
38888,9
38889,7
38890,7
38891,0
38892,1
38893,13
38894,19
38895,7
38896,7
38897,6
38898,2
38899,9
38900,5
38901,5
38902,37
38903,19
38904,10
38905,29
38906,12
38907,10
38908,22
38909,30
38910,14
38911,25
38912,5
38913,26
38914,42
38915,12
38916,4
38917,11
38918,9
38919,38
38920,10
38921,4
38922,6
38923,40
38924,12
38925,16
38926,7
38927,12
38928,27
38929,22
38930,17
38931,9
38932,11
38933,31
38934,26
38935,23
38936,2
38937,17
38938,26
38939,21
38940,17
38941,29
38942,23
38943,14
38944,4
38945,6
38946,19
38947,40
38948,9
38949,0
38950,12
38951,1
38952,1
38953,0
38954,14
38955,1
38956,1
38957,8
38958,6
38959,10
38960,23
38961,1
38962,2
38963,6
38964,14
38965,0
38966,1
38967,0
38968,19
38969,2
38970,3
38971,3
38972,35
38973,0
38974,1
38975,1
38976,6
38977,6
38978,10
38979,11
38980,23
38981,10
38982,7
38983,9
38984,3
38985,8
38986,20
38987,10
38988,5
38989,0
38990,8
38991,2
38992,5
38993,8
38994,3
38995,2
38996,8
38997,14
38998,7
38999,3
39000,6
39001,11
39002,20
39003,24
39004,20
39005,7
39006,6
39007,10
39008,5
39009,5
39010,13
39011,12
39012,38
39013,6
39014,23
39015,31
39016,26
39017,13
39018,10
39019,43
39020,5
39021,15
39022,11
39023,11
39024,24
39025,0
39026,8
39027,0
39028,13
39029,28
39030,23
39031,18
39032,12
39033,3
39034,27
39035,13
39036,18
39037,41
39038,32
39039,41
39040,27
39041,22
39042,18
39043,30
39044,30
39045,15
39046,7
39047,10
39048,17
39049,0
39050,0
39051,15
39052,9
39053,4
39054,0
39055,9
39056,0
39057,4
39058,2
39059,2
39060,1
39061,2
39062,7
39063,9
39064,2
39065,0
39066,7
39067,1
39068,7
39069,0
39070,1
39071,2
39072,24
39073,7
39074,4
39075,39
39076,3
39077,0
39078,9
39079,0
39080,11
39081,6
39082,9
39083,13
39084,0
39085,11
39086,21
39087,6
39088,3
39089,10
39090,0
39091,11
39092,12
39093,4
39094,8
39095,15
39096,2
39097,3
39098,1
39099,8
39100,1
39101,11
39102,6
39103,21
39104,21
39105,7
39106,6
39107,8
39108,25
39109,16
39110,1
39111,13
39112,39
39113,7
39114,14
39115,27
39116,24
39117,18
39118,40
39119,14
39120,12
39121,11
39122,8
39123,42
39124,12
39125,9
39126,14
39127,29
39128,13
39129,19
39130,24
39131,1
39132,19
39133,19
39134,42
39135,14
39136,4
39137,32
39138,33
39139,28
39140,31
39141,25
39142,7
39143,31
39144,11
39145,23
39146,16
39147,28
39148,6
39149,0
39150,12
39151,5
39152,13
39153,3
39154,4
39155,1
39156,5
39157,5
39158,3
39159,2
39160,1
39161,8
39162,10
39163,1
39164,0
39165,8
39166,0
39167,1
39168,0
39169,9
39170,8
39171,0
39172,10
39173,10
39174,16
39175,25
39176,4
39177,1
39178,1
39179,12
39180,22
39181,0
39182,7
39183,11
39184,10
39185,9
39186,2
39187,9
39188,12
39189,7
39190,1
39191,14
39192,3
39193,3
39194,5
39195,12
39196,16
39197,3
39198,3
39199,4
39200,7
39201,0
39202,22
39203,13
39204,7
39205,9
39206,0
39207,12
39208,2
39209,26
39210,40
39211,8
39212,14
39213,15
39214,13
39215,28
39216,19
39217,11
39218,41
39219,12
39220,12
39221,9
39222,22
39223,43
39224,17
39225,0
39226,10
39227,20
39228,30
39229,15
39230,14
39231,25
39232,20
39233,32
39234,20
39235,15
39236,8
39237,5
39238,2
39239,34
39240,29
39241,43
39242,24
39243,32
39244,13
39245,26
39246,8
39247,29
39248,13
39249,17
39250,4
39251,5
39252,6
39253,2
39254,5
39255,10
39256,3
39257,17
39258,13
39259,1
39260,6
39261,0
39262,4
39263,11
39264,2
39265,0
39266,0
39267,1
39268,9
39269,0
39270,1
39271,6
39272,0
39273,14
39274,9
39275,4
39276,17
39277,0
39278,15
39279,2
39280,7
39281,11
39282,8
39283,12
39284,10
39285,10
39286,8
39287,2
39288,23
39289,3
39290,4
39291,15
39292,4
39293,13
39294,7
39295,4
39296,6
39297,1
39298,5
39299,2
39300,23
39301,0
39302,13
39303,8
39304,0
39305,18
39306,3
39307,10
39308,16
39309,0
39310,15
39311,0
39312,27
39313,0
39314,12
39315,0
39316,0
39317,8
39318,18
39319,16
39320,14
39321,13
39322,23
39323,9
39324,25
39325,3
39326,31
39327,21
39328,16
39329,15
39330,0
39331,33
39332,21
39333,26
39334,21
39335,33
39336,0
39337,44
39338,35
39339,6
39340,14
39341,44
39342,9
39343,3
39344,30
39345,20
39346,27
39347,30
39348,11
39349,9
39350,0
39351,0
39352,11
39353,8
39354,6
39355,3
39356,9
39357,8
39358,6
39359,5
39360,7
39361,5
39362,14
39363,18
39364,11
39365,3
39366,4
39367,12
39368,1
39369,12
39370,0
39371,5
39372,1
39373,1
39374,10
39375,16
39376,1
39377,0
39378,0
39379,0
39380,0
39381,0
39382,14
39383,14
39384,5
39385,5
39386,13
39387,0
39388,10
39389,0
39390,1
39391,5
39392,11
39393,16
39394,24
39395,0
39396,9
39397,4
39398,13
39399,3
39400,0
39401,7
39402,9
39403,24
39404,10
39405,1
39406,36
39407,34
39408,0
39409,45
39410,0
39411,6
39412,26
39413,31
39414,17
39415,4
39416,14
39417,19
39418,0
39419,0
39420,10
39421,15
39422,11
39423,12
39424,28
39425,0
39426,22
39427,32
39428,0
39429,17
39430,0
39431,16
39432,1
39433,0
39434,34
39435,15
39436,0
39437,1
39438,0
39439,11
39440,0
39441,31
39442,27
39443,4
39444,45
39445,22
39446,0
39447,22
39448,24
39449,2
39450,0
39451,6
39452,1
39453,17
39454,12
39455,7
39456,1
39457,0
39458,12
39459,0
39460,7
39461,11
39462,1
39463,0
39464,13
39465,10
39466,5
39467,17
39468,14
39469,9
39470,6
39471,1
39472,0
39473,2
39474,6
39475,9
39476,12
39477,1
39478,13
39479,14
39480,19
39481,17
39482,2
39483,16
39484,1
39485,6
39486,15
39487,10
39488,2
39489,15
39490,6
39491,9
39492,4
39493,6
39494,11
39495,14
39496,10
39497,5
39498,0
39499,1
39500,32
39501,16
39502,2
39503,37
39504,35
39505,18
39506,27
39507,14
39508,46
39509,1
39510,20
39511,25
39512,20
39513,3
39514,2
39515,2
39516,15
39517,3
39518,18
39519,17
39520,15
39521,1
39522,11
39523,1
39524,2
39525,13
39526,23
39527,0
39528,33
39529,17
39530,18
39531,35
39532,0
39533,1
39534,10
39535,12
39536,23
39537,1
39538,8
39539,32
39540,29
39541,16
39542,46
39543,25
39544,11
39545,28
39546,23
39547,5
39548,7
39549,5
39550,16
39551,1
39552,13
39553,19
39554,13
39555,3
39556,8
39557,14
39558,7
39559,10
39560,18
39561,1
39562,1
39563,6
39564,1
39565,11
39566,9
39567,1
39568,8
39569,0
39570,2
39571,4
39572,12
39573,4
39574,7
39575,0
39576,2
39577,8
39578,16
39579,2
39580,5
39581,7
39582,10
39583,15
39584,11
39585,11
39586,1
39587,6
39588,7
39589,1
39590,1
39591,1
39592,13
39593,1
39594,7
39595,2
39596,7
39597,3
39598,12
39599,12
39600,12
39601,15
39602,3
39603,29
39604,28
39605,9
39606,24
39607,0
39608,13
39609,19
39610,17
39611,3
39612,0
39613,47
39614,0
39615,0
39616,16
39617,0
39618,33
39619,0
39620,0
39621,0
39622,12
39623,0
39624,0
39625,36
39626,14
39627,24
39628,0
39629,34
39630,0
39631,36
39632,18
39633,19
39634,6
39635,38
39636,24
39637,0
39638,1
39639,33
39640,0
39641,2
39642,30
39643,17
39644,47
39645,26
39646,2
39647,11
39648,26
39649,13
39650,0
39651,9
39652,4
39653,16
39654,8
39655,3
39656,8
39657,13
39658,7
39659,12
39660,11
39661,3
39662,14
39663,6
39664,14
39665,3
39666,9
39667,0
39668,12
39669,5
39670,9
39671,7
39672,6
39673,2
39674,8
39675,15
39676,2
39677,16
39678,8
39679,21
39680,1
39681,0
39682,0
39683,0
39684,3
39685,3
39686,4
39687,19
39688,1
39689,4
39690,8
39691,17
39692,2
39693,6
39694,17
39695,18
39696,0
39697,2
39698,2
39699,0
39700,10
39701,14
39702,30
39703,29
39704,13
39705,4
39706,1
39707,48
39708,25
39709,34
39710,7
39711,27
39712,17
39713,7
39714,0
39715,22
39716,1
39717,5
39718,3
39719,13
39720,37
39721,18
39722,16
39723,18
39724,20
39725,20
39726,15
39727,25
39728,35
39729,19
39730,0
39731,7
39732,1
39733,12
39734,25
39735,4
39736,27
39737,20
39738,31
39739,48
39740,3
39741,2
39742,0
39743,4
39744,3
39745,39
39746,1
39747,34
39748,37
39749,18
39750,4
39751,12
39752,4
39753,8
39754,10
39755,14
39756,4
39757,1
39758,16
39759,10
39760,13
39761,6
39762,1
39763,1
39764,0
39765,1
39766,6
39767,2
39768,3
39769,1
39770,1
39771,12
39772,15
39773,9
39774,13
39775,9
39776,8
39777,10
39778,3
39779,18
39780,5
39781,2
39782,9
39783,9
39784,5
39785,9
39786,17
39787,9
39788,19
39789,4
39790,1
39791,14
39792,3
39793,1
39794,1
39795,15
39796,3
39797,15
39798,1
39799,17
39800,15
39801,31
39802,14
39803,4
39804,30
39805,5
39806,49
39807,6
39808,26
39809,11
39810,10
39811,28
39812,1
39813,15
39814,2
39815,35
39816,19
39817,4
39818,23
39819,8
39820,40
39821,4
39822,21
39823,19
39824,3
39825,19
39826,0
39827,16
39828,36
39829,26
39830,38
39831,20
39832,8
39833,0
39834,13
39835,2
39836,28
39837,6
39838,35
39839,49
39840,21
39841,5
39842,4
39843,26
39844,5
39845,14
39846,17
39847,32
39848,8
39849,2
39850,21
39851,11
39852,13
39853,4
39854,10
39855,0
39856,4
39857,0
39858,14
39859,0
39860,2
39861,7
39862,5
39863,16
39864,15
39865,0
39866,0
39867,13
39868,0
39869,11
39870,5
39871,6
39872,1
39873,6
39874,9
39875,14
39876,11
39877,5
39878,10
39879,19
39880,10
39881,18
39882,6
39883,5
39884,10
39885,1
39886,2
39887,0
39888,3
39889,2
39890,17
39891,16
39892,0
39893,16
39894,18
39895,7
39896,9
39897,10
39898,3
39899,18
39900,5
39901,3
39902,5
39903,41
39904,15
39905,50
39906,6
39907,1
39908,31
39909,29
39910,36
39911,15
39912,16
39913,16
39914,5
39915,7
39916,32
39917,12
39918,24
39919,11
39920,1
39921,27
39922,18
39923,20
39924,22
39925,20
39926,1
39927,0
39928,17
39929,37
39930,27
39931,0
39932,39
39933,21
39934,9
39935,27
39936,33
39937,29
39938,0
39939,36
39940,50
39941,6
39942,5
39943,6
39944,22
39945,4
39946,7
39947,14
39948,3
39949,11
39950,9
39951,7
39952,12
39953,10
39954,12
39955,3
39956,13
39957,3
39958,6
39959,1
39960,10
39961,8
39962,17
39963,14
39964,5
39965,0
39966,5
39967,1
39968,1
39969,16
39970,7
39971,6
39972,13
39973,14
39974,1
39975,0
39976,11
39977,18
39978,11
39979,7
39980,2
39981,20
39982,11
39983,19
39984,6
39985,4
39986,0
39987,17
39988,0
39989,19
39990,2
39991,0
39992,4
39993,3
39994,3
39995,8
39996,17
39997,0
39998,19
39999,9
40000,21
40001,12
40002,6
40003,42
40004,8
40005,28
40006,8
40007,32
40008,6
40009,4
40010,33
40011,1
40012,17
40013,21
40014,1
40015,28
40016,30
40017,16
40018,8
40019,12
40020,6
40021,16
40022,51
40023,15
40024,7
40025,37
40026,0
40027,2
40028,1
40029,18
40030,38
40031,28
40032,40
40033,22
40034,10
40035,23
40036,30
40037,2
40038,21
40039,7
40040,51
40041,37
40042,7
40043,6
40044,23
40045,5
40046,19
40047,34
40048,4
40049,1
40050,20
40051,2
40052,0
40053,11
40054,1
40055,13
40056,14
40057,13
40058,4
40059,2
40060,19
40061,4
40062,18
40063,0
40064,7
40065,15
40066,2
40067,1
40068,0
40069,0
40070,6
40071,4
40072,2
40073,15
40074,10
40075,14
40076,0
40077,9
40078,2
40079,17
40080,10
40081,13
40082,12
40083,3
40084,3
40085,12
40086,8
40087,5
40088,7
40089,9
40090,1
40091,1
40092,2
40093,18
40094,18
40095,13
40096,4
40097,5
40098,12
40099,1
40100,14
40101,13
40102,9
40103,22
40104,24
40105,8
40106,52
40107,29
40108,13
40109,24
40110,31
40111,0
40112,33
40113,7
40114,18
40115,21
40116,17
40117,9
40118,5
40119,34
40120,9
40121,2
40122,20
40123,0
40124,43
40125,5
40126,1
40127,3
40128,2
40129,19
40130,39
40131,41
40132,29
40133,3
40134,11
40135,6
40136,31
40137,35
40138,16
40139,52
40140,22
40141,8
40142,38
40143,7
40144,8
40145,7
40146,7
40147,23
40148,29
40149,20
40150,2
40151,4
40152,0
40153,10
40154,5
40155,9
40156,0
40157,2
40158,15
40159,14
40160,1
40161,12
40162,14
40163,0
40164,16
40165,5
40166,2
40167,11
40168,3
40169,16
40170,1
40171,8
40172,0
40173,19
40174,13
40175,17
40176,3
40177,3
40178,11
40179,13
40180,2
40181,18
40182,2
40183,0
40184,3
40185,1
40186,4
40187,22
40188,10
40189,8
40190,6
40191,19
40192,2
40193,2
40194,3
40195,5
40196,14
40197,6
40198,13
40199,19
40200,3
40201,34
40202,25
40203,9
40204,23
40205,0
40206,53
40207,10
40208,21
40209,19
40210,18
40211,3
40212,25
40213,35
40214,30
40215,32
40216,8
40217,6
40218,10
40219,3
40220,14
40221,15
40222,44
40223,24
40224,10
40225,30
40226,4
40227,2
40228,3
40229,20
40230,40
40231,4
40232,42
40233,30
40234,12
40235,8
40236,7
40237,36
40238,17
40239,9
40240,53
40241,23
40242,39
40243,8
40244,8
40245,9
40246,14
40247,32
40248,1
40249,14
40250,11
40251,1
40252,11
40253,10
40254,16
40255,0
40256,1
40257,13
40258,2
40259,1
40260,3
40261,6
40262,15
40263,5
40264,0
40265,3
40266,14
40267,20
40268,0
40269,0
40270,0
40271,4
40272,15
40273,1
40274,3
40275,17
40276,4
40277,6
40278,6
40279,20
40280,5
40281,2
40282,18
40283,14
40284,15
40285,7
40286,19
40287,0
40288,12
40289,0
40290,0
40291,4
40292,3
40293,7
40294,4
40295,0
40296,4
40297,9
40298,3
40299,12
40300,4
40301,35
40302,11
40303,10
40304,24
40305,54
40306,45
40307,0
40308,20
40309,0
40310,31
40311,22
40312,21
40313,26
40314,12
40315,9
40316,33
40317,0
40318,6
40319,19
40320,10
40321,16
40322,9
40323,18
40324,11
40325,36
40326,5
40327,3
40328,4
40329,21
40330,41
40331,5
40332,43
40333,13
40334,33
40335,9
40336,31
40337,8
40338,25
40339,10
40340,54
40341,9
40342,40
40343,15
40344,24
40345,15
40346,4
40347,37
40348,16
40349,10
40350,4
40351,11
40352,5
40353,7
40354,0
40355,2
40356,10
40357,17
40358,4
40359,13
40360,0
40361,1
40362,2
40363,4
40364,16
40365,2
40366,1
40367,0
40368,2
40369,18
40370,0
40371,5
40372,4
40373,14
40374,0
40375,1
40376,8
40377,1
40378,11
40379,15
40380,8
40381,15
40382,5
40383,3
40384,19
40385,10
40386,2
40387,5
40388,7
40389,4
40390,7
40391,0
40392,13
40393,5
40394,3
40395,12
40396,3
40397,7
40398,0
40399,4
40400,12
40401,10
40402,21
40403,11
40404,25
40405,46
40406,10
40407,13
40408,22
40409,36
40410,7
40411,6
40412,5
40413,34
40414,17
40415,6
40416,23
40417,10
40418,20
40419,37
40420,12
40421,17
40422,27
40423,4
40424,11
40425,6
40426,0
40427,5
40428,6
40429,22
40430,42
40431,44
40432,14
40433,38
40434,34
40435,25
40436,32
40437,9
40438,11
40439,5
40440,55
40441,26
40442,10
40443,11
40444,16
40445,16
40446,41
40447,19
40448,8
40449,1
40450,0
40451,3
40452,0
40453,2
40454,8
40455,2
40456,5
40457,14
40458,3
40459,17
40460,1
40461,6
40462,1
40463,0
40464,0
40465,0
40466,5
40467,0
40468,19
40469,1
40470,6
40471,28
40472,2
40473,0
40474,2
40475,32
40476,18
40477,2
40478,16
40479,9
40480,5
40481,4
40482,11
40483,8
40484,5
40485,5
40486,13
40487,0
40488,6
40489,16
40490,9
40491,3
40492,3
40493,12
40494,12
40495,14
40496,0
40497,8
40498,5
40499,4
40500,23
40501,47
40502,14
40503,12
40504,11
40505,12
40506,7
40507,18
40508,26
40509,12
40510,0
40511,13
40512,6
40513,12
40514,37
40515,7
40516,8
40517,0
40518,22
40519,35
40520,13
40521,7
40522,26
40523,33
40524,11
40525,24
40526,0
40527,5
40528,7
40529,6
40530,7
40531,43
40532,23
40533,15
40534,45
40535,42
40536,39
40537,1
40538,6
40539,12
40540,20
40541,56
40542,17
40543,17
40544,11
40545,10
40546,27
40547,35
40548,21
40549,0
40550,11
40551,18
40552,6
40553,15
40554,7
40555,17
40556,6
40557,4
40558,1
40559,9
40560,2
40561,9
40562,0
40563,20
40564,0
40565,29
40566,0
40567,0
40568,0
40569,0
40570,0
40571,31
40572,1
40573,0
40574,3
40575,7
40576,13
40577,3
40578,17
40579,9
40580,6
40581,18
40582,9
40583,5
40584,10
40585,6
40586,6
40587,13
40588,14
40589,4
40590,3
40591,4
40592,2
40593,10
40594,4
40595,3
40596,1
40597,19
40598,15
40599,5
40600,11
40601,0
40602,0
40603,12
40604,0
40605,27
40606,43
40607,15
40608,28
40609,13
40610,12
40611,24
40612,48
40613,14
40614,19
40615,13
40616,27
40617,13
40618,8
40619,8
40620,0
40621,0
40622,1
40623,36
40624,18
40625,0
40626,16
40627,6
40628,8
40629,8
40630,7
40631,44
40632,24
40633,40
40634,0
40635,12
40636,0
40637,7
40638,2
40639,13
40640,34
40641,21
40642,0
40643,0
40644,18
40645,0
40646,57
40647,46
40648,14
40649,8
40650,13
40651,11
40652,4
40653,2
40654,5
40655,3
40656,0
40657,0
40658,10
40659,20
40660,4
40661,10
40662,11
40663,1
40664,0
40665,4
40666,1
40667,16
40668,14
40669,1
40670,30
40671,7
40672,2
40673,16
40674,0
40675,7
40676,0
40677,5
40678,18
40679,14
40680,9
40681,7
40682,0
40683,0
40684,0
40685,7
40686,0
40687,12
40688,10
40689,5
40690,19
40691,6
40692,0
40693,7
40694,4
40695,7
40696,23
40697,0
40698,6
40699,15
40700,9
40701,14
40702,9
40703,28
40704,25
40705,14
40706,20
40707,49
40708,29
40709,1
40710,16
40711,14
40712,15
40713,12
40714,19
40715,15
40716,28
40717,10
40718,11
40719,13
40720,16
40721,14
40722,44
40723,14
40724,2
40725,9
40726,9
40727,9
40728,8
40729,45
40730,7
40731,17
40732,25
40733,41
40734,47
40735,1
40736,8
40737,1
40738,3
40739,22
40740,19
40741,19
40742,35
40743,58
40744,13
40745,13
40746,1
40747,37
40748,8
40749,8
40750,5
40751,2
40752,12
40753,2
40754,15
40755,8
40756,3
40757,2
40758,11
40759,2
40760,15
40761,17
40762,1
40763,8
40764,20
40765,2
40766,2
40767,1
40768,0
40769,22
40770,9
40771,0
40772,3
40773,9
40774,31
40775,4
40776,1
40777,5
40778,13
40779,1
40780,1
40781,7
40782,8
40783,7
40784,3
40785,8
40786,6
40787,5
40788,0
40789,6
40790,24
40791,5
40792,11
40793,21
40794,17
40795,48
40796,4
40797,12
40798,6
40799,1
40800,29
40801,30
40802,15
40803,21
40804,2
40805,10
40806,26
40807,4
40808,45
40809,50
40810,2
40811,16
40812,3
40813,15
40814,6
40815,2
40816,11
40817,17
40818,16
40819,13
40820,17
40821,20
40822,15
40823,15
40824,15
40825,9
40826,10
40827,10
40828,9
40829,46
40830,18
40831,42
40832,8
40833,26
40834,4
40835,10
40836,9
40837,38
40838,0
40839,23
40840,20
40841,20
40842,36
40843,59
40844,14
40845,2
40846,14
40847,48
40848,12
40849,2
40850,9
40851,4
40852,3
40853,5
40854,0
40855,2
40856,12
40857,7
40858,0
40859,10
40860,13
40861,9
40862,12
40863,23
40864,16
40865,3
40866,0
40867,1
40868,10
40869,9
40870,0
40871,4
40872,21
40873,16
40874,13
40875,0
40876,3
40877,18
40878,0
40879,14
40880,10
40881,14
40882,6
40883,49
40884,8
40885,4
40886,9
40887,7
40888,8
40889,9
40890,7
40891,6
40892,6
40893,22
40894,3
40895,32
40896,3
40897,0
40898,18
40899,2
40900,0
40901,3
40902,3
40903,1
40904,50
40905,16
40906,18
40907,16
40908,46
40909,21
40910,16
40911,51
40912,31
40913,17
40914,17
40915,3
40916,18
40917,30
40918,11
40919,13
40920,21
40921,7
40922,22
40923,39
40924,27
40925,7
40926,0
40927,0
40928,11
40929,10
40930,47
40931,43
40932,11
40933,19
40934,10
40935,15
40936,5
40937,9
40938,16
40939,49
40940,24
40941,16
40942,60
40943,15
40944,37
40945,21
40946,11
40947,27
40948,3
40949,12
40950,4
40951,5
40952,7
40953,4
40954,4
40955,19
40956,5
40957,0
40958,10
40959,0
40960,2
40961,0
40962,5
40963,1
40964,14
40965,1
40966,1
40967,13
40968,19
40969,13
40970,4
40971,0
40972,0
40973,1
40974,0
40975,0
40976,45
40977,33
40978,10
40979,0
40980,14
40981,9
40982,10
40983,11
40984,15
40985,10
40986,3
40987,15
40988,5
40989,9
40990,8
40991,4
40992,23
40993,4
40994,7
40995,0
40996,0
40997,10
40998,3
40999,8
41000,8
41001,4
41002,0
41003,22
41004,17
41005,4
41006,22
41007,0
41008,16
41009,22
41010,0
41011,19
41012,17
41013,0
41014,51
41015,18
41016,0
41017,32
41018,6
41019,14
41020,19
41021,47
41022,23
41023,28
41024,28
41025,365
41026,12
41027,1
41028,11
41029,48
41030,44
41031,20
41032,11
41033,0
41034,0
41035,38
41036,12
41037,17
41038,40
41039,25
41040,10
41041,50
41042,1
41043,12
41044,17
41045,2
41046,16
41047,6
41048,0
41049,31
41050,8
41051,4
41052,8
41053,0
41054,24
41055,11
41056,4
41057,11
41058,5
41059,46
41060,2
41061,34
41062,1
41063,6
41064,8
41065,0
41066,11
41067,2
41068,3
41069,2
41070,1
41071,0
41072,1
41073,5
41074,16
41075,0
41076,5
41077,0
41078,0
41079,17
41080,1
41081,4
41082,18
41083,12
41084,5
41085,10
41086,10
41087,15
41088,13
41089,5
41090,0
41091,11
41092,16
41093,12
41094,9
41095,9
41096,0
41097,0
41098,11
41099,0
41100,23
41101,23
41102,5
41103,2
41104,1
41105,23
41106,18
41107,0
41108,9
41109,15
41110,0
41111,17
41112,52
41113,7
41114,18
41115,19
41116,48
41117,12
41118,1
41119,33
41120,5
41121,20
41122,39
41123,26
41124,24
41125,10
41126,13
41127,2
41128,45
41129,12
41130,49
41131,12
41132,7
41133,1
41134,21
41135,20
41136,18
41137,11
41138,29
41139,13
41140,41
41141,11
41142,51
41143,29
41144,17
41145,3
41146,18
41147,13
41148,14
41149,11
41150,19
41151,47
41152,12
41153,1
41154,0
41155,6
41156,0
41157,0
41158,5
41159,17
41160,4
41161,0
41162,2
41163,9
41164,3
41165,12
41166,0
41167,0
41168,1
41169,1
41170,0
41171,1
41172,0
41173,7
41174,0
41175,2
41176,6
41177,3
41178,5
41179,18
41180,9
41181,6
41182,6
41183,2
41184,2
41185,13
41186,35
41187,13
41188,10
41189,16
41190,0
41191,0
41192,5
41193,12
41194,6
41195,3
41196,17
41197,9
41198,25
41199,12
41200,24
41201,24
41202,19
41203,2
41204,40
41205,412
41206,19
41207,10
41208,0
41209,21
41210,18
41211,16
41212,53
41213,3
41214,24
41215,7
41216,360
41217,6
41218,2
41219,0
41220,4
41221,0
41222,11
41223,14
41224,25
41225,8
41226,14
41227,1
41228,3
41229,46
41230,13
41231,8
41232,50
41233,13
41234,2
41235,21
41236,19
41237,27
41238,12
41239,30
41240,14
41241,30
41242,42
41243,18
41244,6
41245,52
41246,12
41247,22
41248,49
41249,0
41250,12
41251,4
41252,14
41253,26
41254,1
41255,10
41256,17
41257,18
41258,0
41259,0
41260,7
41261,48
41262,13
41263,4
41264,6
41265,10
41266,1
41267,2
41268,3
41269,18
41270,0
41271,13
41272,3
41273,13
41274,10
41275,0
41276,8
41277,3
41278,15
41279,19
41280,0
41281,11
41282,6
41283,0
41284,14
41285,1
41286,19
41287,36
41288,7
41289,0
41290,13
41291,3
41292,7
41293,0
41294,0
41295,4
41296,6
41297,7
41298,5
41299,13
41300,20
41301,26
41302,5
41303,19
41304,3
41305,22
41306,43
41307,13
41308,256
41309,53
41310,54
41311,25
41312,41
41313,25
41314,20
41315,204
41316,22
41317,17
41318,204
41319,0
41320,31
41321,204
41322,0
41323,0
41324,15
41325,361
41326,0
41327,15
41328,13
41329,4
41330,47
41331,9
41332,14
41333,0
41334,51
41335,7
41336,14
41337,0
41338,413
41339,3
41340,20
41341,28
41342,15
41343,23
41344,31
41345,361
41346,0
41347,2
41348,103
41349,11
41350,8
41351,8
41352,8
41353,21
41354,49
41355,0
41356,0
41357,11
41358,4
41359,0
41360,6
41361,4
41362,8
41363,1
41364,19
41365,0
41366,15
41367,0
41368,8
41369,18
41370,0
41371,5
41372,0
41373,27
41374,5
41375,4
41376,5
41377,14
41378,12
41379,4
41380,0
41381,1
41382,9
41383,7
41384,14
41385,19
41386,12
41387,7
41388,16
41389,3
41390,7
41391,2
41392,2
41393,15
41394,37
41395,0
41396,0
41397,0
41398,0
41399,13
41400,52
41401,16
41402,32
41403,23
41404,364
41405,24
41406,1
41407,32
41408,20
41409,103
41410,102
41411,1
41412,0
41413,104
41414,102
41415,44
41416,27
41417,21
41418,102
41419,6
41420,8
41421,102
41422,4
41423,15
41424,103
41425,42
41426,16
41427,414
41428,5
41429,362
41430,4
41431,15
41432,10
41433,48
41434,257
41435,205
41436,14
41437,205
41438,1
41439,29
41440,205
41441,21
41442,362
41443,16
41444,3
41445,205
41446,104
41447,52
41448,18
41449,54
41450,2
41451,0
41452,0
41453,4
41454,0
41455,6
41456,0
41457,1
41458,6
41459,1
41460,0
41461,8
41462,3
41463,12
41464,5
41465,50
41466,9
41467,0
41468,0
41469,5
41470,28
41471,7
41472,5
41473,8
41474,15
41475,1
41476,0
41477,0
41478,21
41479,0
41480,14
41481,55
41482,9
41483,15
41484,1
41485,0
41486,12
41487,13
41488,10
41489,0
41490,0
41491,17
41492,16
41493,14
41494,5
41495,3
41496,8
41497,38
41498,0
41499,13
41500,105
41501,1
41502,103
41503,9
41504,0
41505,53
41506,24
41507,103
41508,103
41509,104
41510,43
41511,2
41512,314
41513,102
41514,0
41515,33
41516,17
41517,25
41518,103
41519,22
41520,5
41521,103
41522,365
41523,30
41524,4
41525,3
41526,415
41527,17
41528,363
41529,6
41530,258
41531,206
41532,53
41533,16
41534,11
41535,15
41536,206
41537,49
41538,206
41539,105
41540,363
41541,5
41542,2
41543,16
41544,104
41545,22
41546,17
41547,206
41548,33
41549,7
41550,4
41551,7
41552,10
41553,1
41554,7
41555,13
41556,51
41557,4
41558,5
41559,9
41560,8
41561,6
41562,0
41563,6
41564,6
41565,2
41566,2
41567,29
41568,16
41569,0
41570,6
41571,10
41572,1
41573,2
41574,0
41575,0
41576,1
41577,1
41578,10
41579,11
41580,56
41581,15
41582,14
41583,19
41584,1
41585,18
41586,13
41587,39
41588,14
41589,15
41590,9
41591,6
41592,16
41593,17
41594,2
41595,16
41596,9
41597,1
41598,0
41599,0
41600,0
41601,25
41602,315
41603,10
41604,18
41605,103
41606,366
41607,6
41608,106
41609,5
41610,0
41611,104
41612,0
41613,0
41614,0
41615,2
41616,104
41617,44
41618,0
41619,104
41620,54
41621,104
41622,23
41623,12
41624,6
41625,23
41626,0
41627,416
41628,364
41629,259
41630,18
41631,207
41632,207
41633,7
41634,16
41635,17
41636,207
41637,104
41638,207
41639,364
41640,31
41641,17
41642,54
41643,105
41644,50
41645,0
41646,3
41647,106
41648,0
41649,0
41650,8
41651,0
41652,16
41653,0
41654,1
41655,0
41656,14
41657,1
41658,0
41659,18
41660,2
41661,7
41662,10
41663,0
41664,0
41665,7
41666,15
41667,3
41668,3
41669,11
41670,8
41671,1
41672,2
41673,0
41674,40
41675,34
41676,0
41677,0
41678,0
41679,5
41680,0
41681,18
41682,4
41683,0
41684,57
41685,1
41686,0
41687,3
41688,1
41689,0
41690,16
41691,12
41692,11
41693,0
41694,0
41695,105
41696,19
41697,0
41698,15
41699,0
41700,7
41701,104
41702,52
41703,11
41704,51
41705,24
41706,105
41707,4
41708,18
41709,0
41710,0
41711,1
41712,0
41713,7
41714,19
41715,6
41716,1
41717,17
41718,0
41719,0
41720,106
41721,26
41722,18
41723,106
41724,3
41725,2
41726,417
41727,365
41728,260
41729,208
41730,208
41731,208
41732,19
41733,107
41734,208
41735,32
41736,104
41737,367
41738,8
41739,105
41740,107
41741,316
41742,55
41743,105
41744,105
41745,13
41746,105
41747,365
41748,0
41749,0
41750,24
41751,0
41752,15
41753,9
41754,4
41755,12
41756,18
41757,0
41758,9
41759,1
41760,8
41761,1
41762,4
41763,15
41764,1
41765,8
41766,0
41767,2
41768,53
41769,10
41770,1
41771,0
41772,6
41773,1
41774,8
41775,12
41776,9
41777,3
41778,6
41779,9
41780,2
41781,19
41782,5
41783,58
41784,0
41785,0
41786,3
41787,3
41788,2
41789,4
41790,13
41791,16
41792,8
41793,4
41794,17
41795,19
41796,2
41797,12
41798,11
41799,17
41800,46
41801,36
41802,1
41803,7
41804,48
41805,105
41806,209
41807,17
41808,28
41809,20
41810,58
41811,0
41812,209
41813,27
41814,108
41815,22
41816,6
41817,366
41818,5
41819,14
41820,36
41821,21
41822,10
41823,25
41824,2
41825,3
41826,20
41827,9
41828,56
41829,14
41830,18
41831,33
41832,19
41833,52
41834,418
41835,59
41836,12
41837,366
41838,19
41839,261
41840,20
41841,209
41842,7
41843,8
41844,8
41845,5
41846,25
41847,27
41848,18
41849,0
41850,18
41851,9
41852,8
41853,6
41854,19
41855,0
41856,17
41857,13
41858,5
41859,0
41860,0
41861,9
41862,3
41863,0
41864,0
41865,0
41866,7
41867,40
41868,9
41869,0
41870,2
41871,0
41872,368
41873,0
41874,7
41875,10
41876,1
41877,54
41878,0
41879,13
41880,9
41881,20
41882,5
41883,11
41884,42
41885,16
41886,13
41887,1
41888,10
41889,12
41890,19
41891,0
41892,0
41893,16
41894,10
41895,8
41896,5
41897,10
41898,3
41899,9
41900,21
41901,22
41902,2
41903,18
41904,29
41905,23
41906,37
41907,11
41908,47
41909,6
41910,59
41911,4
41912,15
41913,19
41914,21
41915,19
41916,6
41917,12
41918,41
41919,7
41920,37
41921,28
41922,19
41923,14
41924,1
41925,21
41926,10
41927,57
41928,15
41929,34
41930,0
41931,13
41932,20
41933,28
41934,53
41935,49
41936,26
41937,9
41938,8
41939,21
41940,6
41941,9
41942,11
41943,60
41944,26
41945,8
41946,3
41947,20
41948,14
41949,0
41950,10
41951,2
41952,0
41953,10
41954,6
41955,2
41956,3
41957,9
41958,21
41959,8
41960,0
41961,1
41962,0
41963,20
41964,13
41965,5
41966,0
41967,0
41968,0
41969,17
41970,0
41971,6
41972,3
41973,15
41974,18
41975,17
41976,2
41977,43
41978,20
41979,4
41980,13
41981,11
41982,9
41983,11
41984,1
41985,6
41986,10
41987,17
41988,1
41989,8
41990,55
41991,10
41992,14
41993,7
41994,11
41995,1
41996,20
41997,1
41998,6
41999,10
42000,38
42001,20
42002,0
42003,27
42004,23
42005,4
42006,22
42007,20
42008,50
42009,3
42010,30
42011,0
42012,22
42013,48
42014,0
42015,15
42016,7
42017,0
42018,16
42019,22
42020,7
42021,19
42022,9
42023,21
42024,10
42025,0
42026,22
42027,11
42028,58
42029,35
42030,14
42031,16
42032,29
42033,0
42034,2
42035,61
42036,10
42037,13
42038,54
42039,27
42040,38
42041,9
42042,21
42043,21
42044,7
42045,42
42046,1
42047,12
42048,20
42049,5
42050,7
42051,1
42052,18
42053,2
42054,2
42055,0
42056,0
42057,56
42058,0
42059,2
42060,7
42061,1
42062,2
42063,0
42064,0
42065,0
42066,11
42067,0
42068,3
42069,0
42070,21
42071,3
42072,7
42073,0
42074,9
42075,0
42076,15
42077,8
42078,12
42079,7
42080,44
42081,5
42082,8
42083,15
42084,18
42085,2
42086,0
42087,0
42088,12
42089,11
42090,14
42091,0
42092,11
42093,11
42094,12
42095,12
42096,11
42097,10
42098,7
42099,7
42100,23
42101,6
42102,13
42103,39
42104,51
42105,23
42106,5
42107,20
42108,21
42109,8
42110,16
42111,1
42112,1
42113,4
42114,31
42115,49
42116,14
42117,21
42118,2
42119,17
42120,2
42121,24
42122,22
42123,10
42124,28
42125,1
42126,1
42127,11
42128,23
42129,59
42130,12
42131,15
42132,36
42133,17
42134,30
42135,1
42136,3
42137,55
42138,13
42139,62
42140,8
42141,22
42142,11
42143,10
42144,43
42145,22
42146,0
42147,28
42148,23
42149,39
42150,6
42151,11
42152,8
42153,2
42154,3
42155,57
42156,1
42157,0
42158,0
42159,19
42160,12
42161,3
42162,8
42163,4
42164,2
42165,0
42166,2
42167,0
42168,2
42169,9
42170,0
42171,17
42172,2
42173,4
42174,0
42175,8
42176,1
42177,15
42178,12
42179,13
42180,0
42181,19
42182,13
42183,12
42184,9
42185,16
42186,13
42187,3
42188,9
42189,10
42190,12
42191,8
42192,3
42193,8
42194,16
42195,12
42196,3
42197,8
42198,1
42199,1
42200,24
42201,24
42202,52
42203,6
42204,2
42205,40
42206,7
42207,21
42208,14
42209,17
42210,0
42211,5
42212,3
42213,40
42214,15
42215,9
42216,50
42217,2
42218,22
42219,7
42220,22
42221,2
42222,3
42223,44
42224,14
42225,18
42226,24
42227,60
42228,12
42229,16
42230,37
42231,13
42232,18
42233,4
42234,31
42235,2
42236,29
42237,14
42238,63
42239,11
42240,56
42241,9
42242,29
42243,12
42244,23
42245,23
42246,23
42247,11
42248,2
42249,14
42250,13
42251,13
42252,16
42253,9
42254,17
42255,20
42256,4
42257,3
42258,3
42259,3
42260,1
42261,12
42262,3
42263,1
42264,14
42265,10
42266,19
42267,18
42268,0
42269,23
42270,5
42271,0
42272,32
42273,3
42274,2
42275,5
42276,9
42277,2
42278,9
42279,17
42280,4
42281,1
42282,4
42283,10
42284,1
42285,13
42286,0
42287,13
42288,11
42289,58
42290,4
42291,1
42292,9
42293,10
42294,9
42295,9
42296,3
42297,2
42298,13
42299,4
42300,24
42301,4
42302,7
42303,8
42304,18
42305,3
42306,15
42307,15
42308,53
42309,22
42310,3
42311,41
42312,0
42313,16
42314,25
42315,10
42316,41
42317,6
42318,23
42319,15
42320,3
42321,4
42322,25
42323,3
42324,23
42325,25
42326,61
42327,13
42328,17
42329,38
42330,14
42331,45
42332,19
42333,12
42334,5
42335,24
42336,15
42337,10
42338,12
42339,30
42340,32
42341,64
42342,3
42343,57
42344,10
42345,13
42346,24
42347,30
42348,51
42349,13
42350,14
42351,14
42352,3
42353,11
42354,4
42355,4
42356,4
42357,18
42358,10
42359,4
42360,2
42361,3
42362,1
42363,0
42364,3
42365,20
42366,19
42367,6
42368,0
42369,10
42370,3
42371,4
42372,18
42373,6
42374,10
42375,17
42376,0
42377,4
42378,0
42379,5
42380,12
42381,5
42382,11
42383,2
42384,19
42385,5
42386,59
42387,3
42388,8
42389,5
42390,4
42391,14
42392,10
42393,14
42394,14
42395,5
42396,0
42397,10
42398,2
42399,2
42400,5
42401,16
42402,54
42403,25
42404,25
42405,8
42406,11
42407,19
42408,9
42409,4
42410,24
42411,17
42412,23
42413,4
42414,6
42415,9
42416,19
42417,13
42418,15
42419,26
42420,16
42421,4
42422,26
42423,6
42424,33
42425,4
42426,0
42427,62
42428,46
42429,26
42430,14
42431,39
42432,18
42433,15
42434,31
42435,24
42436,13
42437,42
42438,20
42439,13
42440,16
42441,5
42442,65
42443,14
42444,58
42445,11
42446,4
42447,31
42448,6
42449,0
42450,11
42451,3
42452,6
42453,0
42454,0
42455,3
42456,0
42457,7
42458,19
42459,0
42460,21
42461,11
42462,4
42463,11
42464,20
42465,4
42466,11
42467,0
42468,5
42469,3
42470,11
42471,2
42472,0
42473,4
42474,1
42475,0
42476,15
42477,4
42478,12
42479,0
42480,6
42481,7
42482,60
42483,3
42484,4
42485,5
42486,6
42487,0
42488,3
42489,0
42490,15
42491,11
42492,15
42493,5
42494,5
42495,16
42496,5
42497,5
42498,5
42499,15
42500,26
42501,55
42502,10
42503,5
42504,17
42505,27
42506,6
42507,20
42508,34
42509,26
42510,12
42511,5
42512,20
42513,7
42514,5
42515,14
42516,10
42517,16
42518,25
42519,7
42520,12
42521,24
42522,9
42523,5
42524,25
42525,6
42526,15
42527,0
42528,63
42529,1
42530,47
42531,27
42532,40
42533,19
42534,16
42535,17
42536,0
42537,14
42538,32
42539,14
42540,6
42541,21
42542,7
42543,59
42544,66
42545,15
42546,17
42547,32
42548,0
42549,7
42550,0
42551,4
42552,2
42553,4
42554,8
42555,1
42556,17
42557,12
42558,22
42559,21
42560,5
42561,16
42562,20
42563,12
42564,12
42565,1
42566,1
42567,0
42568,6
42569,16
42570,4
42571,3
42572,1
42573,13
42574,1
42575,0
42576,0
42577,1
42578,5
42579,4
42580,7
42581,13
42582,5
42583,61
42584,7
42585,4
42586,1
42587,16
42588,18
42589,6
42590,8
42591,16
42592,6
42593,0
42594,11
42595,1
42596,12
42597,6
42598,6
42599,6
42600,8
42601,27
42602,7
42603,10
42604,35
42605,18
42606,21
42607,6
42608,2
42609,8
42610,13
42611,27
42612,25
42613,13
42614,2
42615,14
42616,17
42617,15
42618,5
42619,22
42620,8
42621,11
42622,18
42623,15
42624,28
42625,1
42626,2
42627,41
42628,16
42629,64
42630,48
42631,28
42632,1
42633,17
42634,20
42635,21
42636,33
42637,7
42638,33
42639,16
42640,8
42641,60
42642,18
42643,67
42644,26
42645,6
42646,11
42647,15
42648,6
42649,26
42650,6
42651,2
42652,13
42653,23
42654,2
42655,9
42656,14
42657,22
42658,8
42659,2
42660,0
42661,4
42662,6
42663,7
42664,0
42665,2
42666,9
42667,13
42668,0
42669,0
42670,13
42671,0
42672,1
42673,0
42674,5
42675,6
42676,7
42677,5
42678,0
42679,0
42680,8
42681,5
42682,62
42683,12
42684,7
42685,0
42686,1
42687,1
42688,2
42689,7
42690,7
42691,0
42692,2
42693,17
42694,19
42695,17
42696,7
42697,3
42698,7
42699,6
42700,12
42701,9
42702,11
42703,68
42704,22
42705,23
42706,19
42707,36
42708,8
42709,9
42710,28
42711,28
42712,1
42713,9
42714,19
42715,14
42716,27
42717,15
42718,3
42719,18
42720,7
42721,3
42722,12
42723,8
42724,9
42725,26
42726,7
42727,3
42728,65
42729,17
42730,42
42731,49
42732,29
42733,2
42734,34
42735,61
42736,21
42737,16
42738,34
42739,6
42740,17
42741,27
42742,16
42743,19
42744,22
42745,29
42746,7
42747,18
42748,2
42749,3
42750,2
42751,18
42752,4
42753,5
42754,1
42755,3
42756,3
42757,8
42758,1
42759,9
42760,10
42761,24
42762,1
42763,0
42764,3
42765,0
42766,14
42767,15
42768,7
42769,0
42770,14
42771,2
42772,0
42773,20
42774,3
42775,14
42776,0
42777,23
42778,8
42779,16
42780,2
42781,9
42782,14
42783,7
42784,63
42785,8
42786,8
42787,7
42788,6
42789,0
42790,18
42791,1
42792,6
42793,8
42794,7
42795,8
42796,8
42797,3
42798,6
42799,13
42800,0
42801,23
42802,10
42803,13
42804,16
42805,17
42806,30
42807,23
42808,10
42809,69
42810,4
42811,9
42812,4
42813,2
42814,27
42815,12
42816,28
42817,13
42818,15
42819,20
42820,0
42821,3
42822,7
42823,22
42824,18
42825,10
42826,0
42827,0
42828,0
42829,0
42830,8
42831,4
42832,50
42833,66
42834,18
42835,35
42836,30
42837,35
42838,3
42839,19
42840,9
42841,17
42842,8
42843,10
42844,28
42845,20
42846,8
42847,43
42848,24
42849,19
42850,9
42851,9
42852,4
42853,2
42854,4
42855,1
42856,4
42857,2
42858,8
42859,6
42860,4
42861,2
42862,4
42863,16
42864,5
42865,10
42866,11
42867,19
42868,15
42869,15
42870,0
42871,1
42872,1
42873,1
42874,24
42875,0
42876,0
42877,25
42878,3
42879,4
42880,0
42881,9
42882,3
42883,9
42884,10
42885,2
42886,8
42887,9
42888,7
42889,8
42890,64
42891,14
42892,7
42893,19
42894,9
42895,17
42896,9
42897,7
42898,8
42899,15
42900,29
42901,11
42902,24
42903,11
42904,4
42905,17
42906,31
42907,28
42908,1
42909,0
42910,1
42911,11
42912,13
42913,14
42914,24
42915,16
42916,3
42917,70
42918,18
42919,5
42920,5
42921,10
42922,4
42923,4
42924,14
42925,20
42926,5
42927,1
42928,9
42929,1
42930,51
42931,67
42932,23
42933,31
42934,19
42935,36
42936,1
42937,36
42938,10
42939,18
42940,9
42941,20
42942,21
42943,29
42944,8
42945,9
42946,19
42947,44
42948,10
42949,21
42950,5
42951,26
42952,0
42953,9
42954,18
42955,25
42956,0
42957,6
42958,2
42959,5
42960,4
42961,3
42962,0
42963,0
42964,5
42965,5
42966,17
42967,1
42968,7
42969,11
42970,6
42971,2
42972,1
42973,3
42974,2
42975,8
42976,5
42977,9
42978,4
42979,11
42980,10
42981,3
42982,10
42983,8
42984,1
42985,11
42986,20
42987,9
42988,1
42989,16
42990,10
42991,9
42992,10
42993,8
42994,15
42995,3
42996,0
42997,8
42998,10
42999,10
43000,12
43001,37
43002,1
43003,10
43004,6
43005,5
43006,20
43007,18
43008,32
43009,15
43010,71
43011,19
43012,25
43013,2
43014,29
43015,0
43016,0
43017,4
43018,17
43019,12
43020,30
43021,12
43022,15
43023,11
43024,9
43025,6
43026,0
43027,6
43028,2
43029,10
43030,52
43031,68
43032,24
43033,2
43034,37
43035,10
43036,32
43037,45
43038,5
43039,19
43040,11
43041,5
43042,22
43043,2
43044,2
43045,21
43046,30
43047,20
43048,25
43049,19
43050,5
43051,4
43052,3
43053,6
43054,0
43055,0
43056,10
43057,0
43058,6
43059,11
43060,0
43061,10
43062,27
43063,26
43064,0
43065,4
43066,3
43067,0
43068,1
43069,10
43070,6
43071,6
43072,18
43073,11
43074,0
43075,14
43076,9
43077,4
43078,11
43079,4
43080,11
43081,6
43082,2
43083,11
43084,9
43085,12
43086,21
43087,0
43088,21
43089,0
43090,11
43091,0
43092,16
43093,9
43094,0
43095,2
43096,12
43097,17
43098,10
43099,11
43100,3
43101,3
43102,13
43103,21
43104,31
43105,33
43106,6
43107,11
43108,16
43109,12
43110,5
43111,20
43112,7
43113,13
43114,30
43115,19
43116,26
43117,18
43118,12
43119,3
43120,16
43121,38
43122,22
43123,3
43124,23
43125,6
43126,0
43127,1
43128,3
43129,7
43130,11
43131,53
43132,25
43133,69
43134,33
43135,10
43136,38
43137,6
43138,21
43139,46
43140,2
43141,11
43142,6
43143,20
43144,12
43145,31
43146,0
43147,1
43148,0
43149,12
43150,0
43151,17
43152,11
43153,13
43154,18
43155,3
43156,7
43157,11
43158,0
43159,5
43160,11
43161,10
43162,0
43163,2
43164,12
43165,7
43166,5
43167,0
43168,27
43169,0
43170,28
43171,0
43172,4
43173,0
43174,3
43175,12
43176,13
43177,5
43178,12
43179,5
43180,22
43181,0
43182,10
43183,7
43184,15
43185,13
43186,0
43187,12
43188,7
43189,22
43190,0
43191,10
43192,4
43193,12
43194,1
43195,0
43196,3
43197,0
43198,1
43199,0
43200,8
43201,39
43202,2
43203,17
43204,17
43205,14
43206,34
43207,14
43208,22
43209,6
43210,11
43211,4
43212,3
43213,19
43214,12
43215,7
43216,27
43217,13
43218,23
43219,1
43220,31
43221,20
43222,4
43223,34
43224,24
43225,21
43226,4
43227,1
43228,2
43229,8
43230,12
43231,54
43232,26
43233,0
43234,70
43235,23
43236,7
43237,39
43238,12
43239,22
43240,47
43241,4
43242,13
43243,11
43244,21
43245,32
43246,7
43247,7
43248,8
43249,0
43250,6
43251,13
43252,12
43253,12
43254,0
43255,1
43256,4
43257,19
43258,8
43259,14
43260,28
43261,14
43262,2
43263,5
43264,2
43265,4
43266,20
43267,6
43268,3
43269,5
43270,13
43271,12
43272,0
43273,0
43274,1
43275,29
43276,6
43277,18
43278,13
43279,13
43280,2
43281,0
43282,4
43283,13
43284,13
43285,16
43286,0
43287,11
43288,14
43289,13
43290,8
43291,11
43292,3
43293,4
43294,4
43295,8
43296,0
43297,6
43298,23
43299,5
43300,7
43301,35
43302,25
43303,1
43304,24
43305,18
43306,5
43307,18
43308,23
43309,40
43310,32
43311,3
43312,15
43313,0
43314,14
43315,7
43316,24
43317,8
43318,0
43319,5
43320,8
43321,9
43322,13
43323,0
43324,22
43325,2
43326,5
43327,3
43328,55
43329,27
43330,0
43331,9
43332,13
43333,8
43334,71
43335,5
43336,12
43337,40
43338,1
43339,0
43340,13
43341,35
43342,15
43343,14
43344,23
43345,48
43346,33
43347,8
43348,20
43349,0
43350,9
43351,1
43352,14
43353,0
43354,12
43355,7
43356,1
43357,9
43358,13
43359,0
43360,0
43361,9
43362,2
43363,6
43364,5
43365,1
43366,0
43367,15
43368,29
43369,13
43370,1
43371,6
43372,5
43373,3
43374,5
43375,12
43376,19
43377,4
43378,8
43379,4
43380,21
43381,2
43382,7
43383,15
43384,12
43385,14
43386,15
43387,17
43388,14
43389,3
43390,0
43391,14
43392,9
43393,6
43394,24
43395,14
43396,14
43397,0
43398,2
43399,5
43400,26
43401,25
43402,19
43403,36
43404,23
43405,24
43406,6
43407,25
43408,19
43409,6
43410,13
43411,9
43412,15
43413,41
43414,15
43415,8
43416,10
43417,16
43418,33
43419,0
43420,24
43421,8
43422,34
43423,72
43424,15
43425,4
43426,1
43427,6
43428,4
43429,3
43430,28
43431,56
43432,9
43433,1
43434,10
43435,49
43436,14
43437,0
43438,13
43439,14
43440,9
43441,41
43442,0
43443,36
43444,9
43445,16
43446,6
43447,2
43448,7
43449,13
43450,14
43451,8
43452,7
43453,13
43454,24
43455,15
43456,6
43457,5
43458,15
43459,7
43460,1
43461,0
43462,14
43463,2
43464,0
43465,14
43466,2
43467,2
43468,31
43469,0
43470,22
43471,16
43472,0
43473,6
43474,15
43475,2
43476,7
43477,10
43478,22
43479,10
43480,8
43481,21
43482,6
43483,5
43484,0
43485,18
43486,25
43487,3
43488,16
43489,20
43490,5
43491,0
43492,4
43493,4
43494,15
43495,16
43496,15
43497,10
43498,30
43499,10
43500,26
43501,25
43502,24
43503,25
43504,7
43505,26
43506,16
43507,0
43508,11
43509,1
43510,11
43511,1
43512,7
43513,27
43514,10
43515,16
43516,9
43517,17
43518,42
43519,8
43520,35
43521,9
43522,50
43523,14
43524,0
43525,14
43526,0
43527,7
43528,5
43529,2
43530,29
43531,2
43532,4
43533,10
43534,11
43535,17
43536,15
43537,3
43538,10
43539,20
43540,15
43541,10
43542,7
43543,42
43544,37
43545,37
43546,16
43547,73
43548,9
43549,5
43550,15
43551,6
43552,11
43553,0
43554,15
43555,0
43556,2
43557,17
43558,5
43559,7
43560,16
43561,16
43562,11
43563,3
43564,8
43565,14
43566,16
43567,1
43568,23
43569,3
43570,0
43571,15
43572,0
43573,10
43574,4
43575,0
43576,21
43577,31
43578,1
43579,4
43580,0
43581,23
43582,17
43583,7
43584,0
43585,0
43586,19
43587,26
43588,6
43589,0
43590,14
43591,25
43592,9
43593,7
43594,8
43595,8
43596,5
43597,11
43598,16
43599,6
43600,17
43601,25
43602,10
43603,18
43604,0
43605,26
43606,51
43607,36
43608,10
43609,17
43610,24
43611,26
43612,11
43613,9
43614,12
43615,8
43616,0
43617,28
43618,8
43619,10
43620,43
43621,27
43622,17
43623,11
43624,27
43625,2
43626,1
43627,8
43628,6
43629,30
43630,3
43631,3
43632,11
43633,1
43634,5
43635,38
43636,0
43637,12
43638,16
43639,4
43640,15
43641,16
43642,21
43643,8
43644,0
43645,38
43646,11
43647,74
43648,18
43649,15
43650,12
43651,15
43652,0
43653,2
43654,16
43655,18
43656,4
43657,0
43658,0
43659,22
43660,1
43661,17
43662,3
43663,0
43664,5
43665,8
43666,24
43667,6
43668,0
43669,1
43670,0
43671,10
43672,1
43673,4
43674,1
43675,0
43676,12
43677,7
43678,2
43679,16
43680,0
43681,26
43682,7
43683,1
43684,18
43685,8
43686,8
43687,1
43688,6
43689,9
43690,12
43691,6
43692,0
43693,0
43694,7
43695,10
43696,32
43697,17
43698,5
43699,9
43700,11
43701,18
43702,10
43703,19
43704,18
43705,1
43706,44
43707,11
43708,12
43709,0
43710,16
43711,9
43712,37
43713,11
43714,13
43715,2
43716,27
43717,29
43718,26
43719,25
43720,18
43721,28
43722,22
43723,12
43724,12
43725,13
43726,9
43727,31
43728,7
43729,2
43730,4
43731,12
43732,4
43733,0
43734,22
43735,39
43736,6
43737,75
43738,13
43739,16
43740,17
43741,5
43742,9
43743,17
43744,39
43745,1
43746,28
43747,0
43748,8
43749,3
43750,3
43751,5
43752,18
43753,1
43754,6
43755,0
43756,23
43757,11
43758,2
43759,25
43760,5
43761,19
43762,1
43763,3
43764,1
43765,4
43766,9
43767,1
43768,1
43769,0
43770,6
43771,10
43772,7
43773,2
43774,17
43775,27
43776,0
43777,1
43778,9
43779,0
43780,19
43781,10
43782,0
43783,3
43784,10
43785,9
43786,7
43787,19
43788,17
43789,18
43790,13
43791,13
43792,8
43793,9
43794,8
43795,33
43796,11
43797,2
43798,2
43799,7
43800,40
43801,0
43802,13
43803,14
43804,18
43805,13
43806,0
43807,2
43808,17
43809,19
43810,23
43811,0
43812,3
43813,19
43814,20
43815,19
43816,11
43817,12
43818,45
43819,13
43820,10
43821,40
43822,0
43823,0
43824,76
43825,12
43826,0
43827,0
43828,32
43829,10
43830,0
43831,8
43832,0
43833,0
43834,3
43835,18
43836,5
43837,0
43838,0
43839,5
43840,23
43841,1
43842,7
43843,0
43844,0
43845,6
43846,29
43847,13
43848,10
43849,1
43850,28
43851,0
43852,12
43853,6
43854,18
43855,0
43856,12
43857,9
43858,3
43859,26
43860,4
43861,2
43862,24
43863,3
43864,1
43865,11
43866,6
43867,0
43868,1
43869,1
43870,18
43871,19
43872,2
43873,3
43874,4
43875,0
43876,10
43877,9
43878,0
43879,14
43880,2
43881,8
43882,12
43883,9
43884,11
43885,14
43886,19
43887,11
43888,0
43889,10
43890,17
43891,10
43892,3
43893,0
43894,18
43895,34
43896,14
43897,14
43898,8
43899,4
43900,3
43901,0
43902,13
43903,19
43904,14
43905,0
43906,15
43907,41
43908,18
43909,4
43910,12
43911,20
43912,41
43913,20
43914,1
43915,21
43916,46
43917,13
43918,29
43919,11
43920,1
43921,20
43922,14
43923,8
43924,11
43925,1
43926,0
43927,1
43928,7
43929,33
43930,11
43931,9
43932,4
43933,6
43934,0
43935,0
43936,14
43937,0
43938,0
43939,0
43940,24
43941,6
43942,0
43943,0
43944,30
43945,1
43946,77
43947,19
43948,24
43949,1
43950,0
43951,3
43952,19
43953,1
43954,5
43955,9
43956,1
43957,18
43958,0
43959,11
43960,7
43961,15
43962,10
43963,19
43964,0
43965,13
43966,4
43967,27
43968,3
43969,1
43970,19
43971,1
43972,12
43973,5
43974,4
43975,2
43976,35
43977,15
43978,15
43979,14
43980,12
43981,20
43982,10
43983,1
43984,1
43985,3
43986,15
43987,11
43988,9
43989,5
43990,2
43991,1
43992,2
43993,2
43994,1
43995,11
43996,7
43997,0
43998,13
43999,0
44000,21
44001,2
44002,19
44003,42
44004,42
44005,14
44006,1
44007,5
44008,14
44009,13
44010,1
44011,1
44012,12
44013,22
44014,47
44015,10
44016,21
44017,2
44018,25
44019,11
44020,4
44021,30
44022,21
44023,16
44024,15
44025,1
44026,2
44027,34
44028,12
44029,5
44030,10
44031,7
44032,8
44033,15
44034,9
44035,16
44036,25
44037,20
44038,7
44039,31
44040,1
44041,78
44042,12
44043,1
44044,1
44045,15
44046,20
44047,1
44048,13
44049,13
44050,21
44051,2
44052,10
44053,1
44054,0
44055,1
44056,19
44057,6
44058,8
44059,11
44060,6
44061,5
44062,14
44063,20
44064,14
44065,13
44066,2
44067,2
44068,28
44069,3
44070,12
44071,20
44072,0
44073,4
44074,12
44075,5
44076,8
44077,0
44078,1
44079,12
44080,15
44081,6
44082,2
44083,14
44084,16
44085,4
44086,1
44087,0
44088,3
44089,0
44090,2
44091,0
44092,16
44093,2
44094,16
44095,3
44096,4
44097,36
44098,1
44099,5
44100,0
44101,15
44102,5
44103,0
44104,43
44105,17
44106,2
44107,2
44108,0
44109,6
44110,3
44111,11
44112,31
44113,14
44114,20
44115,43
44116,0
44117,15
44118,48
44119,0
44120,2
44121,13
44122,16
44123,32
44124,16
44125,22
44126,2
44127,3
44128,35
44129,11
44130,13
44131,6
44132,8
44133,16
44134,9
44135,22
44136,0
44137,26
44138,8
44139,79
44140,0
44141,21
44142,13
44143,2
44144,0
44145,1
44146,21
44147,10
44148,17
44149,13
44150,6
44151,37
44152,0
44153,0
44154,4
44155,4
44156,6
44157,2
44158,17
44159,9
44160,3
44161,16
44162,2
44163,12
44164,7
44165,1
44166,9
44167,11
44168,13
44169,3
44170,5
44171,14
44172,0
44173,1
44174,17
44175,3
44176,15
44177,5
44178,14
44179,1
44180,2
44181,12
44182,0
44183,2
44184,22
44185,0
44186,3
44187,14
44188,0
44189,3
44190,2
44191,7
44192,0
44193,0
44194,0
44195,2
44196,0
44197,0
44198,5
44199,17
44200,6
44201,32
44202,15
44203,0
44204,16
44205,17
44206,12
44207,1
44208,44
44209,44
44210,18
44211,0
44212,7
44213,3
44214,49
44215,18
44216,3
44217,7
44218,2
44219,21
44220,0
44221,14
44222,3
44223,27
44224,4
44225,3
44226,3
44227,4
44228,36
44229,9
44230,12
44231,14
44232,7
44233,17
44234,11
44235,14
44236,10
44237,33
44238,14
44239,0
44240,0
44241,80
44242,1
44243,22
44244,22
44245,23
44246,17
44247,9
44248,1
44249,13
44250,16
44251,2
44252,0
44253,1
44254,4
44255,2
44256,0
44257,4
44258,0
44259,0
44260,0
44261,1
44262,37
44263,15
44264,18
44265,6
44266,0
44267,1
44268,3
44269,13
44270,0
44271,5
44272,1
44273,0
44274,5
44275,0
44276,10
44277,18
44278,3
44279,0
44280,23
44281,15
44282,4
44283,18
44284,0
44285,6
44286,0
44287,15
44288,3
44289,0
44290,0
44291,8
44292,3
44293,4
44294,7
44295,3
44296,38
44297,0
44298,16
44299,0
44300,8
44301,45
44302,2
44303,33
44304,7
44305,45
44306,4
44307,8
44308,18
44309,3
44310,4
44311,50
44312,0
44313,19
44314,14
44315,4
44316,24
44317,19
44318,5
44319,22
44320,16
44321,4
44322,17
44323,15
44324,23
44325,19
44326,4
44327,5
44328,37
44329,10
44330,13
44331,15
44332,8
44333,12
44334,11
44335,15
44336,18
44337,34
44338,28
44339,81
44340,18
44341,1
44342,23
44343,24
44344,15
44345,13
44346,2
44347,10
44348,1
44349,7
44350,0
44351,9
44352,19
44353,4
44354,14
44355,6
44356,13
44357,23
44358,0
44359,1
44360,18
44361,4
44362,5
44363,0
44364,15
44365,2
44366,0
44367,0
44368,3
44369,4
44370,2
44371,2
44372,0
44373,11
44374,1
44375,3
44376,19
44377,7
44378,5
44379,17
44380,4
44381,2
44382,9
44383,5
44384,8
44385,16
44386,11
44387,1
44388,5
44389,3
44390,17
44391,1
44392,16
44393,6
44394,4
44395,16
44396,8
44397,1
44398,1
44399,39
44400,1
44401,3
44402,4
44403,3
44404,18
44405,24
44406,8
44407,9
44408,5
44409,34
44410,25
44411,17
44412,5
44413,0
44414,0
44415,0
44416,46
44417,9
44418,1
44419,19
44420,16
44421,46
44422,25
44423,11
44424,16
44425,0
44426,5
44427,6
44428,11
44429,38
44430,0
44431,16
44432,14
44433,13
44434,9
44435,0
44436,12
44437,19
44438,0
44439,29
44440,2
44441,16
44442,82
44443,35
44444,19
44445,14
44446,24
44447,0
44448,2
44449,1
44450,0
44451,0
44452,17
44453,7
44454,2
44455,2
44456,18
44457,0
44458,2
44459,8
44460,1
44461,10
44462,0
44463,15
44464,9
44465,12
44466,0
44467,1
44468,0
44469,5
44470,14
44471,7
44472,0
44473,5
44474,17
44475,4
44476,40
44477,2
44478,15
44479,8
44480,20
44481,0
44482,1
44483,0
44484,0
44485,0
44486,6
44487,5
44488,5
44489,9
44490,6
44491,0
44492,5
44493,6
44494,0
44495,12
44496,6
44497,18
44498,3
44499,10
44500,19
44501,25
44502,4
44503,26
44504,4
44505,17
44506,6
44507,21
44508,10
44509,47
44510,2
44511,6
44512,5
44513,5
44514,1
44515,35
44516,47
44517,1
44518,20
44519,1
44520,9
44521,10
44522,17
44523,1
44524,17
44525,18
44526,6
44527,7
44528,39
44529,12
44530,14
44531,1
44532,17
44533,15
44534,10
44535,25
44536,13
44537,12
44538,0
44539,83
44540,30
44541,3
44542,36
44543,20
44544,2
44545,9
44546,15
44547,20
44548,0
44549,1
44550,7
44551,6
44552,10
44553,6
44554,0
44555,0
44556,0
44557,13
44558,15
44559,19
44560,3
44561,16
44562,2
44563,0
44564,0
44565,5
44566,2
44567,8
44568,0
44569,8
44570,17
44571,6
44572,1
44573,3
44574,8
44575,5
44576,2
44577,2
44578,6
44579,16
44580,10
44581,7
44582,11
44583,1
44584,6
44585,3
44586,7
44587,11
44588,13
44589,3
44590,19
44591,41
44592,0
44593,4
44594,6
44595,7
44596,18
44597,9
44598,3
44599,18
44600,2
44601,5
44602,26
44603,10
44604,11
44605,18
44606,7
44607,27
44608,22
44609,20
44610,6
44611,5
44612,0
44613,6
44614,2
44615,26
44616,48
44617,48
44618,7
44619,11
44620,18
44621,18
44622,4
44623,0
44624,10
44625,36
44626,0
44627,8
44628,0
44629,0
44630,13
44631,2
44632,7
44633,15
44634,11
44635,16
44636,14
44637,18
44638,13
44639,21
44640,0
44641,84
44642,21
44643,2
44644,31
44645,3
44646,37
44647,16
44648,21
44649,0
44650,3
44651,0
44652,11
44653,7
44654,16
44655,9
44656,1
44657,8
44658,1
44659,17
44660,3
44661,4
44662,0
44663,1
44664,14
44665,4
44666,0
44667,1
44668,1
44669,9
44670,6
44671,9
44672,0
44673,3
44674,7
44675,7
44676,19
44677,5
44678,19
44679,17
44680,19
44681,12
44682,7
44683,14
44684,8
44685,11
44686,4
44687,8
44688,42
44689,12
44690,4
44691,0
44692,10
44693,3
44694,2
44695,3
44696,2
44697,2
44698,8
44699,7
44700,12
44701,19
44702,1
44703,3
44704,28
44705,6
44706,17
44707,23
44708,3
44709,7
44710,27
44711,8
44712,27
44713,49
44714,49
44715,6
44716,7
44717,5
44718,19
44719,12
44720,11
44721,21
44722,19
44723,8
44724,8
44725,9
44726,1
44727,1
44728,14
44729,3
44730,1
44731,16
44732,15
44733,12
44734,17
44735,0
44736,19
44737,0
44738,4
44739,22
44740,85
44741,22
44742,3
44743,32
44744,38
44745,11
44746,1
44747,14
44748,0
44749,5
44750,37
44751,3
44752,0
44753,6
44754,0
44755,10
44756,12
44757,5
44758,0
44759,0
44760,8
44761,2
44762,0
44763,3
44764,5
44765,2
44766,8
44767,4
44768,9
44769,0
44770,2
44771,8
44772,2
44773,2
44774,17
44775,9
44776,1
44777,8
44778,18
44779,0
44780,43
44781,4
44782,15
44783,13
44784,5
44785,4
44786,12
44787,20
44788,20
44789,4
44790,11
44791,1
44792,13
44793,8
44794,9
44795,1
44796,0
44797,9
44798,3
44799,0
44800,4
44801,2
44802,8
44803,20
44804,29
44805,7
44806,6
44807,22
44808,24
44809,18
44810,9
44811,4
44812,2
44813,28
44814,0
44815,0
44816,50
44817,50
44818,1
44819,13
44820,12
44821,6
44822,20
44823,20
44824,12
44825,14
44826,9
44827,0
44828,10
44829,2
44830,2
44831,15
44832,4
44833,17
44834,2
44835,9
44836,16
44837,18
44838,5
44839,0
44840,15
44841,86
44842,23
44843,4
44844,33
44845,23
44846,39
44847,13
44848,20
44849,7
44850,8
44851,3
44852,3
44853,9
44854,0
44855,5
44856,7
44857,4
44858,6
44859,2
44860,2
44861,3
44862,0
44863,0
44864,14
44865,0
44866,10
44867,9
44868,9
44869,11
44870,5
44871,1
44872,4
44873,0
44874,13
44875,0
44876,4
44877,9
44878,12
44879,5
44880,10
44881,16
44882,44
44883,0
44884,2
44885,5
44886,2
44887,5
44888,6
44889,21
44890,13
44891,19
44892,1
44893,21
44894,13
44895,10
44896,3
44897,10
44898,18
44899,1
44900,21
44901,23
44902,7
44903,3
44904,7
44905,8
44906,24
44907,6
44908,30
44909,19
44910,51
44911,29
44912,3
44913,13
44914,5
44915,14
44916,3
44917,5
44918,11
44919,15
44920,21
44921,0
44922,25
44923,19
44924,40
44925,51
44926,3
44927,11
44928,3
44929,10
44930,5
44931,16
44932,1
44933,18
44934,17
44935,9
44936,14
44937,21
44938,0
44939,6
44940,87
44941,24
44942,5
44943,16
44944,10
44945,13
44946,34
44947,0
44948,10
44949,17
44950,13
44951,1
44952,4
44953,0
44954,14
44955,14
44956,6
44957,8
44958,5
44959,10
44960,0
44961,1
44962,1
44963,0
44964,52
44965,11
44966,10
44967,8
44968,0
44969,0
44970,7
44971,9
44972,0
44973,4
44974,11
44975,6
44976,11
44977,14
44978,1
44979,2
44980,3
44981,8
44982,9
44983,45
44984,3
44985,6
44986,2
44987,7
44988,22
44989,4
44990,2
44991,1
44992,6
44993,4
44994,3
44995,0
44996,0
44997,19
44998,0
44999,1
45000,7
45001,11
45002,20
45003,22
45004,25
45005,8
45006,35
45007,1
45008,31
45009,22
45010,6
45011,10
45012,12
45013,15
45014,18
45015,52
45016,14
45017,4
45018,4
45019,14
45020,9
45021,24
45022,17
45023,1
45024,14
45025,4
45026,4
45027,12
45028,6
45029,17
45030,4
45031,0
45032,11
45033,2
45034,19
45035,41
45036,18
45037,20
45038,22
45039,7
45040,6
45041,25
45042,88
45043,11
45044,8
45045,26
45046,1
45047,15
45048,16
45049,6
45050,2
45051,1
45052,0
45053,0
45054,1
45055,0
45056,6
45057,6
45058,2
45059,0
45060,9
45061,4
45062,0
45063,1
45064,7
45065,2
45066,0
45067,6
45068,10
45069,4
45070,11
45071,11
45072,8
45073,11
45074,41
45075,0
45076,2
45077,15
45078,2
45079,3
45080,5
45081,4
45082,9
45083,10
45084,23
45085,3
45086,8
45087,5
45088,7
45089,4
45090,5
45091,2
45092,12
45093,0
45094,20
45095,5
45096,7
45097,15
45098,12
45099,3
45100,32
45101,3
45102,36
45103,9
45104,8
45105,12
45106,18
45107,16
45108,2
45109,26
45110,8
45111,19
45112,23
45113,21
45114,23
45115,7
45116,15
45117,17
45118,2
45119,11
45120,10
45121,13
45122,42
45123,1
45124,12
45125,3
45126,5
45127,7
45128,13
45129,0
45130,18
45131,5
45132,3
45133,12
45134,19
45135,15
45136,20
45137,8
45138,21
45139,23
45140,5
45141,7
45142,2
45143,26
45144,9
45145,89
45146,27
45147,16
45148,5
45149,3
45150,4
45151,0
45152,0
45153,2
45154,0
45155,1
45156,13
45157,16
45158,7
45159,10
45160,1
45161,42
45162,3
45163,13
45164,0
45165,7
45166,12
45167,11
45168,8
45169,5
45170,0
45171,0
45172,1
45173,0
45174,1
45175,6
45176,2
45177,7
45178,15
45179,5
45180,11
45181,6
45182,10
45183,4
45184,7
45185,24
45186,9
45187,5
45188,4
45189,3
45190,0
45191,5
45192,16
45193,6
45194,7
45195,21
45196,8
45197,2
45198,3
45199,6
45200,18
45201,33
45202,14
45203,10
45204,20
45205,8
45206,13
45207,17
45208,11
45209,28
45210,24
45211,3
45212,27
45213,19
45214,9
45215,16
45216,22
45217,4
45218,7
45219,24
45220,4
45221,37
45222,16
45223,6
45224,43
45225,0
45226,6
45227,8
45228,14
45229,19
45230,4
45231,6
45232,13
45233,20
45234,21
45235,9
45236,17
45237,8
45238,10
45239,24
45240,2
45241,1
45242,22
45243,27
45244,90
45245,13
45246,3
45247,9
45248,0
45249,6
45250,5
45251,5
45252,15
45253,43
45254,9
45255,10
45256,17
45257,2
45258,3
45259,0
45260,1
45261,4
45262,3
45263,0
45264,0
45265,0
45266,0
45267,0
45268,2
45269,0
45270,6
45271,8
45272,0
45273,13
45274,7
45275,1
45276,3
45277,0
45278,7
45279,12
45280,5
45281,3
45282,0
45283,12
45284,5
45285,0
45286,16
45287,25
45288,11
45289,6
45290,8
45291,6
45292,0
45293,0
45294,8
45295,0
45296,8
45297,4
45298,22
45299,7
45300,28
45301,14
45302,2
45303,0
45304,0
45305,25
45306,0
45307,9
45308,23
45309,5
45310,19
45311,4
45312,14
45313,0
45314,44
45315,0
45316,0
45317,21
45318,15
45319,11
45320,0
45321,10
45322,3
45323,21
45324,34
45325,12
45326,14
45327,7
45328,9
45329,15
45330,20
45331,0
45332,5
45333,7
45334,10
45335,11
45336,0
45337,0
45338,18
45339,22
45340,0
45341,0
45342,0
45343,7
45344,0
45345,9
45346,0
45347,0
45348,17
45349,1
45350,17
45351,5
45352,26
45353,44
45354,9
45355,4
45356,17
45357,3
45358,1
45359,7
45360,9
45361,0
45362,5
45363,8
45364,18
45365,2
45366,4
45367,3
45368,0
45369,14
45370,9
45371,3
45372,5
45373,0
45374,9
45375,10
45376,4
45377,7
45378,0
45379,18
45380,8
45381,8
45382,4
45383,0
45384,0
45385,7
45386,13
45387,6
45388,0
45389,0
45390,0
45391,4
45392,6
45393,0
45394,13
45395,12
45396,8
45397,6
45398,10
45399,0
45400,10
45401,1
45402,23
45403,22
45404,0
45405,35
45406,19
45407,8
45408,0
45409,4
45410,6
45411,10
45412,15
45413,1
45414,5
45415,1
45416,6
45417,26
45418,24
45419,11
45420,0
45421,12
45422,0
45423,0
45424,0
45425,0
45426,0
45427,0
45428,0
45429,8
45430,0
45431,0
45432,0
45433,0
45434,0
45435,15
45436,0
45437,0
45438,16
45439,0
45440,15
45441,0
45442,21
45443,6
45444,11
45445,0
45446,8
45447,10
45448,1
45449,0
45450,18
45451,27
45452,10
45453,11
45454,5
45455,7
45456,13
45457,1
45458,8
45459,0
45460,10
45461,1
45462,11
45463,1
45464,9
45465,6
45466,3
45467,1
45468,2
45469,10
45470,8
45471,1
45472,5
45473,18
45474,5
45475,16
45476,7
45477,45
45478,20
45479,22
45480,3
45481,9
45482,12
45483,1
45484,9
45485,9
45486,19
45487,1
45488,13
45489,1
45490,1
45491,5
45492,4
45493,8
45494,7
45495,6
45496,14
45497,5
45498,14
45499,18
45500,7
45501,1
45502,16
45503,1
45504,11
45505,1
45506,0
45507,1
45508,27
45509,6
45510,19
45511,17
45512,21
45513,25
45514,1
45515,23
45516,10
45517,4
45518,1
45519,10
45520,2
45521,16
45522,2
45523,24
45524,5
45525,13
45526,9
45527,1
45528,11
45529,1
45530,12
45531,7
45532,17
45533,22
45534,9
45535,7
45536,1
45537,20
45538,16
45539,36
45540,0
45541,9
45542,11
45543,1
45544,23
45545,13
45546,1
45547,1
45548,14
45549,20
45550,5
45551,1
45552,46
45553,6
45554,9
45555,15
45556,1
45557,0
45558,11
45559,1
45560,14
45561,15
45562,7
45563,2
45564,4
45565,10
45566,3
45567,6
45568,20
45569,12
45570,11
45571,4
45572,2
45573,19
45574,1
45575,5
45576,12
45577,2
45578,12
45579,0
45580,1
45581,8
45582,10
45583,1
45584,8
45585,19
45586,9
45587,7
45588,2
45589,0
45590,2
45591,8
45592,28
45593,11
45594,0
45595,6
45596,6
45597,6
45598,1
45599,0
45600,18
45601,28
45602,22
45603,8
45604,2
45605,11
45606,7
45607,21
45608,3
45609,26
45610,0
45611,3
45612,11
45613,2
45614,24
45615,0
45616,2
45617,1
45618,15
45619,5
45620,17
45621,0
45622,17
45623,2
45624,24
45625,2
45626,10
45627,8
45628,2
45629,12
45630,13
45631,18
45632,23
45633,2
45634,25
45635,17
45636,0
45637,21
45638,10
45639,2
45640,37
45641,1
45642,14
45643,12
45644,12
45645,6
45646,8
45647,10
45648,14
45649,7
45650,9
45651,7
45652,1
45653,0
45654,5
45655,16
45656,11
45657,12
45658,15
45659,0
45660,4
45661,16
45662,0
45663,0
45664,17
45665,2
45666,3
45667,3
45668,7
45669,6
45670,0
45671,0
45672,21
45673,2
45674,3
45675,8
45676,5
45677,7
45678,9
45679,11
45680,8
45681,6
45682,1
45683,2
45684,2
45685,13
45686,3
45687,12
45688,10
45689,7
45690,9
45691,2
45692,10
45693,13
45694,2
45695,47
45696,29
45697,0
45698,0
45699,1
45700,4
45701,29
45702,0
45703,23
45704,25
45705,9
45706,0
45707,12
45708,8
45709,18
45710,2
45711,0
45712,18
45713,0
45714,27
45715,4
45716,9
45717,16
45718,19
45719,6
45720,12
45721,1
45722,18
45723,26
45724,3
45725,2
45726,0
45727,11
45728,9
45729,3
45730,14
45731,13
45732,19
45733,24
45734,3
45735,1
45736,11
45737,22
45738,2
45739,38
45740,15
45741,3
45742,13
45743,13
45744,22
45745,9
45746,7
45747,11
45748,12
45749,1
45750,10
45751,10
45752,11
45753,0
45754,12
45755,17
45756,0
45757,3
45758,8
45759,17
45760,4
45761,8
45762,3
45763,7
45764,0
45765,0
45766,5
45767,13
45768,1
45769,3
45770,3
45771,0
45772,0
45773,16
45774,6
45775,3
45776,6
45777,13
45778,11
45779,0
45780,3
45781,7
45782,2
45783,10
45784,0
45785,3
45786,0
45787,0
45788,0
45789,8
45790,8
45791,3
45792,4
45793,14
45794,0
45795,15
45796,0
45797,14
45798,48
45799,30
45800,13
45801,2
45802,23
45803,13
45804,9
45805,4
45806,26
45807,7
45808,10
45809,2
45810,3
45811,30
45812,9
45813,28
45814,19
45815,11
45816,15
45817,8
45818,5
45819,13
45820,5
45821,0
45822,10
45823,12
45824,5
45825,11
45826,10
45827,15
45828,4
45829,14
45830,20
45831,25
45832,12
45833,4
45834,12
45835,24
45836,3
45837,16
45838,23
45839,39
45840,14
45841,27
45842,14
45843,10
45844,4
45845,19
45846,8
45847,1
45848,17
45849,0
45850,13
45851,4
45852,1
45853,1
45854,17
45855,0
45856,6
45857,14
45858,1
45859,15
45860,3
45861,0
45862,0
45863,0
45864,6
45865,28
45866,38
45867,0
45868,0
45869,0
45870,4
45871,4
45872,1
45873,0
45874,2
45875,3
45876,18
45877,0
45878,12
45879,49
45880,9
45881,31
45882,9
45883,7
45884,1
45885,0
45886,1
45887,14
45888,19
45889,4
45890,4
45891,0
45892,9
45893,8
45894,12
45895,0
45896,16
45897,18
45898,4
45899,11
45900,14
45901,14
45902,29
45903,11
45904,10
45905,24
45906,16
45907,11
45908,3
45909,6
45910,12
45911,31
45912,5
45913,9
45914,29
45915,27
45916,14
45917,4
45918,50
45919,10
45920,3
45921,14
45922,8
45923,24
45924,25
45925,20
45926,11
45927,13
45928,16
45929,15
45930,5
45931,21
45932,26
45933,13
45934,13
45935,9
45936,4
45937,40
45938,5
45939,15
45940,15
45941,0
45942,2
45943,11
45944,28
45945,20
45946,5
45947,17
45948,6
45949,6
45950,0
45951,7
45952,15
45953,10
45954,2
45955,1
45956,5
45957,7
45958,20
45959,0
45960,2
45961,5
45962,0
45963,0
45964,0
45965,12
45966,4
45967,0
45968,0
45969,15
45970,0
45971,2
45972,6
45973,2
45974,18
45975,16
45976,5
45977,0
45978,12
45979,0
45980,4
45981,8
45982,10
45983,18
45984,13
45985,13
45986,1
45987,9
45988,12
45989,3
45990,15
45991,39
45992,17
45993,19
45994,1
45995,19
45996,10
45997,2
45998,2
45999,0
46000,10
46001,6
46002,10
46003,4
46004,12
46005,11
46006,4
46007,5
46008,25
46009,12
46010,13
46011,17
46012,30
46013,0
46014,15
46015,51
46016,15
46017,7
46018,32
46019,0
46020,11
46021,15
46022,26
46023,1
46024,12
46025,6
46026,14
46027,12
46028,17
46029,16
46030,6
46031,22
46032,14
46033,5
46034,27
46035,29
46036,18
46037,3
46038,41
46039,16
46040,16
46041,25
46042,6
46043,1
46044,0
46045,9
46046,21
46047,14
46048,21
46049,11
46050,9
46051,19
46052,8
46053,2
46054,18
46055,1
46056,1
46057,21
46058,16
46059,6
46060,28
46061,0
46062,7
46063,0
46064,0
46065,11
46066,6
46067,0
46068,1
46069,13
46070,1
46071,1
46072,1
46073,6
46074,2
46075,3
46076,40
46077,1
46078,7
46079,5
46080,15
46081,4
46082,0
46083,0
46084,11
46085,19
46086,13
46087,14
46088,7
46089,10
46090,3
46091,13
46092,3
46093,14
46094,0
46095,1
46096,1
46097,2
46098,16
46099,0
46100,1
46101,0
46102,0
46103,5
46104,13
46105,5
46106,11
46107,12
46108,26
46109,11
46110,12
46111,1
46112,52
46113,16
46114,16
46115,33
46116,10
46117,13
46118,1
46119,14
46120,8
46121,31
46122,7
46123,15
46124,30
46125,16
46126,13
46127,18
46128,17
46129,7
46130,6
46131,23
46132,19
46133,15
46134,15
46135,27
46136,28
46137,17
46138,10
46139,17
46140,26
46141,13
46142,22
46143,4
46144,2
46145,7
46146,6
46147,42
46148,8
46149,15
46150,7
46151,8
46152,2
46153,2
46154,4
46155,19
46156,2
46157,17
46158,0
46159,0
46160,0
46161,0
46162,7
46163,1
46164,2
46165,7
46166,2
46167,0
46168,17
46169,2
46170,26
46171,4
46172,0
46173,2
46174,22
46175,14
46176,5
46177,18
46178,8
46179,4
46180,12
46181,11
46182,15
46183,16
46184,0
46185,1
46186,6
46187,17
46188,2
46189,14
46190,3
46191,9
46192,0
46193,3
46194,4
46195,3
46196,12
46197,2
46198,41
46199,2
